timestamp_sec,gt_x,gt_y,est_x,est_y,error_m
0.060000000000000005,3.3519515354499693e-16,1.1819238613219838e-35,-8.6649069355243e-17,0.0,4.218442229002399e-16
0.08,2.24254946059449e-16,-1.2897223834819525e-35,-1.5752366552079027e-16,0.0,3.817786115802393e-16
0.12000000000000001,1.8342848762688712e-16,-2.101322202353511e-35,-2.628812862778453e-16,-1.970374871143941e-48,4.463097739047325e-16
0.16,1.2272351468971917e-16,-3.303464251383208e-35,-3.3335254418414824e-16,-7.329245718629118e-48,4.560760588738674e-16
0.18000000000000002,1.0038388113453897e-16,-3.74761917598169e-35,-3.5927595109727133e-16,-6.121944120405286e-48,4.596598322318103e-16
0.22,6.717103936610209e-17,-4.37531531712674e-35,-3.9780406795716223e-16,-4.669487364434088e-48,4.649751073232643e-16
0.26,4.495013442800105e-17,-4.782386310071304e-35,-4.2355623769043503e-16,-2.6674801565557677e-48,4.685063721184361e-16
0.28,3.6774858711804475e-17,-4.923373005560382e-35,-4.3302215035124213e-16,-4.955483065169296e-48,4.697970090630466e-16
0.32,2.4617786572102358e-17,-5.135903580478256e-35,-4.47073195478412e-16,-5.0065425200536405e-48,4.716909820505144e-16
0.36000000000000004,1.64870356410159e-17,-5.276740193485203e-35,-4.564568397901563e-16,-4.8486552816602067e-48,4.729438754311722e-16
0.38,1.3493642621985262e-17,-5.329199564117778e-35,-4.598943565462211e-16,-4.814894294935211e-48,4.733879991682064e-16
0.42000000000000004,9.047294301741343e-18,-5.403686201123649e-35,-4.649944045957856e-16,-4.5542890969425464e-48,4.740416988975269e-16
0.46,6.068211018446918e-18,-5.45456191548136e-35,-4.683849003847977e-16,-4.727702841095768e-48,4.744531114032446e-16
0.48000000000000004,-4.696265433626986e-16,-4.383982564347149e-48,-4.696265433626986e-16,-4.383982564347149e-48,0.0
0.52,3.3528943261552646e-18,-5.500274178953061e-35,-4.714562108469046e-16,-4.8116268184533806e-48,4.748091051730598e-16
0.56,2.262144701976617e-18,-5.520102040174647e-35,-4.72660590090261e-16,-4.617523158632219e-48,4.749227347922376e-16
0.5800000000000001,1.865717937856948e-18,-5.527741181691572e-35,-4.731014268663391e-16,-4.6876331255899876e-48,4.74967144804196e-16
0.62,1.2665366064813622e-18,-5.540143493380154e-35,-4.737278303089284e-16,-4.6585571313823376e-48,4.749943669154098e-16
0.66,8.729173543596562e-19,-5.548631652723133e-35,-4.741321043015726e-16,-4.670464365386186e-48,4.750050216559323e-16
0.68,7.281218979710467e-19,-5.551706417103451e-35,-4.742687296693376e-16,-4.650354858998814e-48,4.749968515673087e-16
0.7200000000000001,5.164001032035981e-19,-5.556390912783124e-35,-4.744624991192804e-16,-4.674322228399708e-48,4.749788992224841e-16
0.76,3.831326899242344e-19,-5.559450999383479e-35,-4.745738221060503e-16,-4.667099714165239e-48,4.749569547959745e-16
0.78,3.2427363333125136e-19,-5.56074623460211e-35,-4.746048581371172e-16,-4.6693882646216824e-48,4.749291317704484e-16
0.8200000000000001,2.614180966808238e-19,-5.562182303136435e-35,-4.7464515613122e-16,-4.6652209561544805e-48,4.749065742279009e-16
0.8600000000000001,2.177785050189264e-19,-5.563124398001156e-35,-4.746476862247553e-16,-4.6642466361395545e-48,4.748654647297742e-16
0.88,2.048097998970024e-19,-5.563394924878183e-35,-4.746426152496837e-16,-4.663370092367363e-48,4.748474250495807e-16
0.92,1.9276193359254337e-19,-5.563657012306301e-35,-4.746111292369731e-16,-4.666604093186271e-48,4.748038911705657e-16
0.9600000000000001,1.9109520111624806e-19,-5.563697371410718e-35,-4.745732994548081e-16,-4.666943061616208e-48,4.747643946559244e-16
0.9800000000000001,1.9325242511336223e-19,-5.563646374185879e-35,-4.745531066416537e-16,-4.66944357781288e-48,4.74746359066767e-16
1.02,-4.745091665374656e-16,-4.6641403791621173e-48,-4.745091665374656e-16,-4.6641403791621173e-48,0.0
1.06,1.9236626306434066e-19,-5.563665510197025e-35,-4.74465794002037e-16,-4.669218946278959e-48,4.746581602651013e-16
1.08,1.951841634491554e-19,-5.563598371230494e-35,-4.744409802814338e-16,-4.6629065699118445e-48,4.74636164444883e-16
1.12,2.1506328369053537e-19,-5.563099918881935e-35,-4.743779200558535e-16,-4.6603475917593604e-48,4.745929833395441e-16
1.16,-4.743248233691932e-16,-4.665923053023825e-48,-4.743248233691932e-16,-4.665923053023825e-48,0.0
1.18,2.1831022996244067e-19,-5.563017494955775e-35,-4.743069650673027e-16,-4.6644275172686864e-48,4.745252752972652e-16
1.22,2.251007574123544e-19,-5.562841313132665e-35,-4.74265899682134e-16,-4.6600766745332965e-48,4.744910004395464e-16
1.26,2.331708163500498e-19,-5.562620788495919e-35,-4.742247351240599e-16,-4.661754123544809e-48,4.7445790594041e-16
1.28,2.4016736312191135e-19,-5.562429295376433e-35,-4.742004611135827e-16,-4.666850751301152e-48,4.744406284767046e-16
1.32,2.5320474879745774e-19,-5.562084027589198e-35,-4.741436516459193e-16,-4.661248533209475e-48,4.743968563947168e-16
1.36,2.5972535071118707e-19,-5.561897103557182e-35,-4.741030479196794e-16,-4.665301286696464e-48,4.743627732703906e-16
1.38,2.625668565954412e-19,-5.561810919618639e-35,-4.7408702760471815e-16,-4.662361759184757e-48,4.743495944613136e-16
1.42,2.7347565506028424e-19,-5.561479936060568e-35,-4.740430439649101e-16,-4.6601073274073773e-48,4.743165196199704e-16
1.46,2.85131772978471e-19,-5.561131750472598e-35,-4.739997677196524e-16,-4.6633432714763816e-48,4.742848994926308e-16
1.48,-4.739804967089253e-16,-4.6598675570033516e-48,-4.739804967089253e-16,-4.6598675570033516e-48,0.0
1.52,3.0085205163696093e-19,-5.560657906132959e-35,-4.739413432394383e-16,-4.661927814615599e-48,4.742421952910753e-16
1.56,3.0683657391192864e-19,-5.560469384652385e-35,-4.738991584176736e-16,-4.66628236268783e-48,4.742059949915855e-16
1.58,3.105862502844715e-19,-5.560354970574136e-35,-4.738794452341126e-16,-4.6628632235693323e-48,4.741900314843971e-16
1.62,3.257231766779888e-19,-5.559884730882561e-35,-4.738367508959087e-16,-4.6575768367870544e-48,4.741624740725867e-16
1.6600000000000001,3.352520216147389e-19,-5.559583232758745e-35,-4.738070409628774e-16,-4.662354327815094e-48,4.741422929844921e-16
1.6800000000000002,3.438477255816175e-19,-5.559322541114732e-35,-4.73789065835802e-16,-4.6587334311858394e-48,4.741329135613836e-16
1.7200000000000002,3.5166850874322823e-19,-5.559069713465053e-35,-4.7375591036236215e-16,-4.6640376787115947e-48,4.741075788711054e-16
1.76,3.627684456370594e-19,-5.558699805430462e-35,-4.737224167302723e-16,-4.659381236550133e-48,4.740851851759093e-16
1.78,3.6997777137339027e-19,-5.558447314738916e-35,-4.737087950663519e-16,-4.6633469555056205e-48,4.740787728377253e-16
1.82,3.985489867273906e-19,-5.557458656119527e-35,-4.73671904247749e-16,-4.662214870405791e-48,4.740704532344764e-16
1.84,3.985489867273906e-19,-5.557458656119527e-35,-4.736559508040156e-16,-4.656573845974531e-48,4.740544997907431e-16
1.88,4.0551376630175847e-19,-5.55720116398958e-35,-4.736173070027374e-16,-4.661454351085614e-48,4.740228207690391e-16
1.92,4.1568264382233747e-19,-5.556828157013081e-35,-4.735813903217355e-16,-4.663442751449836e-48,4.739970729655578e-16
1.96,4.2594441568864107e-19,-5.556453673043767e-35,-4.735550655908946e-16,-4.662785865933807e-48,4.739810100065833e-16
1.98,4.287090013574538e-19,-5.556354867370911e-35,-4.735407529127002e-16,-4.663313069235069e-48,4.739694619140577e-16
2.02,4.388716014072199e-19,-5.555999248352922e-35,-4.73510584945635e-16,-4.663479103983345e-48,4.739494565470423e-16
2.06,4.533927624653836e-19,-5.555487427021008e-35,-4.734782695331837e-16,-4.663876657235024e-48,4.739316622956491e-16
2.08,4.575785435838196e-19,-5.555336832978387e-35,-4.73462796901469e-16,-4.658274421567534e-48,4.739203754450529e-16
2.12,4.672419231736929e-19,-5.554972457213035e-35,-4.734408859969967e-16,-4.662686933370937e-48,4.739081279201704e-16
2.16,4.801024376717238e-19,-5.554477264913764e-35,-4.734131454084463e-16,-4.659912906401251e-48,4.73893247846118e-16
2.18,4.821240920959671e-19,-5.554395203471768e-35,-4.734016355566978e-16,-4.6610975423734134e-48,4.738837596487938e-16
2.22,4.883684211742903e-19,-5.554136845200385e-35,-4.733801022350105e-16,-4.662270155721171e-48,4.738684706561848e-16
2.26,5.050858084419389e-19,-5.553397074675931e-35,-4.733560511656225e-16,-4.661761248050999e-48,4.738611369740644e-16
2.2800000000000002,5.149437970647245e-19,-5.552927106491811e-35,-4.733404530276986e-16,-4.6648122828532885e-48,4.738553968247633e-16
2.32,5.215494516961016e-19,-5.552592359324444e-35,-4.733175056965144e-16,-4.659962645812867e-48,4.738390551482105e-16
2.36,5.379131015834575e-19,-5.551685936717406e-35,-4.732963138308865e-16,-4.6593996130792464e-48,4.7383422693247e-16
2.38,5.468163517573987e-19,-5.551160093553702e-35,-4.732827545497081e-16,-4.661722954612195e-48,4.738295709014655e-16
2.42,5.60011347913221e-19,-5.550363995569096e-35,-4.732571628910715e-16,-4.6599293566086056e-48,4.738171742389848e-16
2.46,5.749714948245525e-19,-5.54941959239986e-35,-4.732405010253637e-16,-4.6617172963801985e-48,4.738154725201882e-16
2.48,5.801457204530612e-19,-5.549086212763956e-35,-4.732284545344246e-16,-4.657428946029231e-48,4.738086002548777e-16
2.52,5.949017703079501e-19,-5.548072977443543e-35,-4.732067296935844e-16,-4.6587385832051725e-48,4.738016314638924e-16
2.56,6.092539038146479e-19,-5.547007378029796e-35,-4.73186168416072e-16,-4.6603449072880143e-48,4.7379542231988665e-16
2.58,6.166211715529105e-19,-5.546448416147741e-35,-4.731736769788407e-16,-4.653758078025709e-48,4.737902981503936e-16
2.62,6.299259466302555e-19,-5.545388505842964e-35,-4.731532908175251e-16,-4.659504967522393e-48,4.737832167641553e-16
2.66,6.440044025123993e-19,-5.544238546841972e-35,-4.731278255872831e-16,-4.6557714548528407e-48,4.737718299897956e-16
2.68,6.491147121130408e-19,-5.543804837580586e-35,-4.731163251354947e-16,-4.657944186944238e-48,4.737654398476078e-16
2.72,6.63722823217591e-19,-5.542538875496832e-35,-4.730901348590527e-16,-4.6589720330798647e-48,4.737538576822703e-16
2.76,6.872478461206457e-19,-5.540407769872088e-35,-4.730649654801227e-16,-4.654946712482695e-48,4.737522133262433e-16
2.7800000000000002,6.943835987563332e-19,-5.539741104032573e-35,-4.730503697453181e-16,-4.660293304136854e-48,4.737447533440745e-16
2.8200000000000003,7.110500236379435e-19,-5.538140504645363e-35,-4.730273153273154e-16,-4.658317285002848e-48,4.737383653509533e-16
2.8600000000000003,7.234579596752667e-19,-5.536928494096839e-35,-4.730110166179392e-16,-4.6604999546320207e-48,4.737344745776145e-16
2.88,7.332509159055162e-19,-5.535959062634395e-35,-4.729987354246011e-16,-4.663494291276545e-48,4.7373198634050655e-16
2.92,7.332509159055162e-19,-5.535959062634395e-35,-4.729799687927469e-16,-4.660575689826087e-48,4.737132197086524e-16
2.96,7.491266157603528e-19,-5.534382227757096e-35,-4.729643671900458e-16,-4.662470769461431e-48,4.737134938058061e-16
2.98,7.706491698174878e-19,-5.532198002019515e-35,-4.729585250277622e-16,-4.66269541264069e-48,4.737291741975796e-16
3.02,7.84850583870575e-19,-5.530725643445051e-35,-4.729426090311762e-16,-4.659953728920821e-48,4.737274596150468e-16
3.06,7.9561904160459e-19,-5.529579057537403e-35,-4.729267158177717e-16,-4.662330911542162e-48,4.737223348593764e-16
3.08,7.9936173242693e-19,-5.529177417208419e-35,-4.729173086438289e-16,-4.6598797426694817e-48,4.737166703762558e-16
3.12,8.063969246412169e-19,-5.528411646127977e-35,-4.729052213008151e-16,-4.659072711559163e-48,4.737116182254563e-16
3.16,8.212380212766246e-19,-5.526772093084259e-35,-4.728868394238903e-16,-4.659645176579828e-48,4.737080774451669e-16
3.18,8.305344274956836e-19,-5.525735297387298e-35,-4.728785796189074e-16,-4.660928187317095e-48,4.737091140464031e-16
3.22,8.436744264426737e-19,-5.524250852816563e-35,-4.7285734397362495e-16,-4.660222120935995e-48,4.737010184000676e-16
3.26,8.554043864276764e-19,-5.5229232236587e-35,-4.728417384689744e-16,-4.6591701244589366e-48,4.736971428554021e-16
3.2800000000000002,8.636475898682941e-19,-5.521970449914133e-35,-4.728326979053436e-16,-4.660068088839264e-48,4.736963454952119e-16
3.32,8.726533437201935e-19,-5.520919193335892e-35,-4.728144425976842e-16,-4.65857570842767e-48,4.736870959414045e-16
3.36,8.840430538361673e-19,-5.519554987666908e-35,-4.728040469645666e-16,-4.659234319780133e-48,4.736880900184028e-16
3.38,8.869944786666527e-19,-5.519198199028303e-35,-4.728001753360858e-16,-4.6612739289029703e-48,4.736871698147524e-16
3.42,8.96511342370771e-19,-5.518057257985603e-35,-4.727892360016973e-16,-4.659048027430853e-48,4.736857473440681e-16
3.46,9.052857822356717e-19,-5.516973094592504e-35,-4.727826150285479e-16,-4.6602119909037236e-48,4.736879008107835e-16
3.48,9.155143419870195e-19,-5.515687540163591e-35,-4.727732181575057e-16,-4.6594003400371163e-48,4.736887324994927e-16
3.52,9.290443264984768e-19,-5.513948202524842e-35,-4.72753667855251e-16,-4.6593722058415864e-48,4.736827121817494e-16
3.56,9.435818110599377e-19,-5.51206552810343e-35,-4.727378164608174e-16,-4.656043702681758e-48,4.736813982718774e-16
3.58,9.483851281924136e-19,-5.511424896405841e-35,-4.727357682953083e-16,-4.6558639097610177e-48,4.736841534235007e-16
3.62,9.57763568266278e-19,-5.510141737120412e-35,-4.727228394923045e-16,-4.6570341361637733e-48,4.736806030605708e-16
3.66,9.665029798862096e-19,-5.508926751624618e-35,-4.727087272621775e-16,-4.6537374182542464e-48,4.736752302420638e-16
3.68,9.725272112969953e-19,-5.508079204829447e-35,-4.727024283983901e-16,-4.6545832559192e-48,4.736749556096871e-16
3.72,9.854623829296565e-19,-5.506213576862103e-35,-4.726865330237155e-16,-4.656491643183908e-48,4.736719954066452e-16
3.76,9.999513971783896e-19,-5.504091997077154e-35,-4.726694016194994e-16,-4.6552051607741947e-48,4.736693530166778e-16
3.7800000000000002,1.0095688852411679e-18,-5.502668723654505e-35,-4.726592694180716e-16,-4.656176401204958e-48,4.736688383033128e-16
3.8200000000000003,1.0192501486587537e-18,-5.501218252053069e-35,-4.726429570251512e-16,-4.653560874037308e-48,4.736622071738099e-16
3.8600000000000003,1.0249114501366569e-18,-5.500346044833072e-35,-4.726346656221553e-16,-4.6529069134037544e-48,4.736595770722919e-16
3.88,1.032701756228203e-18,-5.499130601013926e-35,-4.726306274556e-16,-4.653362927171362e-48,4.736633292118281e-16
3.92,1.0390586313121927e-18,-5.498126374040893e-35,-4.726240832679709e-16,-4.6536734782970504e-48,4.736631418992831e-16
3.96,1.0518349056836137e-18,-5.496080651338212e-35,-4.726152686302015e-16,-4.653023915647111e-48,4.736671035358851e-16
3.98,1.0587007306710258e-18,-5.494968616806174e-35,-4.726089387068119e-16,-4.6528477174070386e-48,4.73667639437483e-16
4.02,1.0748395064564215e-18,-5.492320780534265e-35,-4.725910577932116e-16,-4.6543599015944934e-48,4.73665897299668e-16
4.06,1.0896138416235966e-18,-5.489827491309374e-35,-4.725749025291457e-16,-4.6544212040486624e-48,4.736645163707692e-16
4.08,1.0941050710690202e-18,-5.489058417877778e-35,-4.72566327144472e-16,-4.6546775149126235e-48,4.73660432215541e-16
4.12,1.1079241030762836e-18,-5.486633738458529e-35,-4.725526287933133e-16,-4.65382236652856e-48,4.736605528963896e-16
4.16,1.121844517044022e-18,-5.484124804288628e-35,-4.725346493082405e-16,-4.653740087494007e-48,4.736564938252846e-16
4.18,1.1293064354164717e-18,-5.482752057223254e-35,-4.725291099820945e-16,-4.6540239218774776e-48,4.736584164175109e-16
4.22,1.1441933498472906e-18,-5.479948512844865e-35,-4.725120696814937e-16,-4.654392388604838e-48,4.736562630313411e-16
4.26,1.1547212027364182e-18,-5.477938784575378e-35,-4.724995394307418e-16,-4.6542531597493265e-48,4.736542606334782e-16
4.28,1.1600799619737726e-18,-5.476903514478863e-35,-4.72491386119113e-16,-4.6534031199257346e-48,4.736514660810868e-16
4.32,1.1776410466298701e-18,-5.473473950181922e-35,-4.724742463942442e-16,-4.6563803653276407e-48,4.736518874408741e-16
4.36,1.1909867546972811e-18,-5.470845704758085e-35,-4.724605130368466e-16,-4.6537005190513297e-48,4.736514997915438e-16
4.38,1.2013506677041181e-18,-5.468776231131098e-35,-4.724509747724712e-16,-4.655855574066908e-48,4.736523254401753e-16
4.42,1.2139355772652561e-18,-5.466246465156029e-35,-4.724362201960891e-16,-4.655372179966634e-48,4.736501557733544e-16
4.46,1.223546661195663e-18,-5.464309042496387e-35,-4.724252406456712e-16,-4.656952397298303e-48,4.736487873068669e-16
4.48,1.2253696245546572e-18,-5.463937394933115e-35,-4.72422893631952e-16,-4.655464459549066e-48,4.736482632565066e-16
4.52,1.2363188505478774e-18,-5.461679583048999e-35,-4.724116628416382e-16,-4.65759573417444e-48,4.736479816921861e-16
4.5600000000000005,1.2432354590236315e-18,-5.460239731959369e-35,-4.724043910519278e-16,-4.657591849391729e-48,4.736476265109515e-16
4.58,1.2505550881599602e-18,-5.45870310039182e-35,-4.723942726008142e-16,-4.655127339533288e-48,4.736448276889743e-16
4.62,1.2650963246308853e-18,-5.455609047128915e-35,-4.723770775071494e-16,-4.656975525729114e-48,4.736421738317803e-16
4.66,1.2835422867304484e-18,-5.451632828616235e-35,-4.723534062509613e-16,-4.65327125636441e-48,4.736369485376917e-16
4.68,1.2863229763682007e-18,-5.451023318407226e-35,-4.723464236226251e-16,-4.657751785553593e-48,4.736327465989933e-16
4.72,1.296982949474465e-18,-5.448663511109208e-35,-4.723379603022023e-16,-4.65675842529237e-48,4.736349432516768e-16
4.76,1.3049129475125643e-18,-5.44687582702359e-35,-4.723244678533348e-16,-4.6589181784456865e-48,4.736293808008473e-16
4.78,1.3110895775564878e-18,-5.445472383010705e-35,-4.723173411728116e-16,-4.6574703393526575e-48,4.736284307503681e-16
4.82,1.3254497518057649e-18,-5.442169871123572e-35,-4.723051487219877e-16,-4.657403395997923e-48,4.736305984737934e-16
4.86,1.333934463261198e-18,-5.4402075814144e-35,-4.722946550505062e-16,-4.658052165762138e-48,4.736285895137674e-16
4.88,1.3400294322639848e-18,-5.43878922576713e-35,-4.722919660936906e-16,-4.657674923442309e-48,4.736319955259546e-16
4.92,1.3557075776935884e-18,-5.435092944892737e-35,-4.722741234074094e-16,-4.656003229106148e-48,4.73629830985103e-16
4.96,1.363813527266023e-18,-5.433158808402828e-35,-4.7226246675482745e-16,-4.6577858605206136e-48,4.736262802820935e-16
5.0,-4.722507840102155e-16,-4.6594880076991074e-48,-4.722507840102155e-16,-4.6594880076991074e-48,0.0
5.02,1.3831698098073615e-18,-5.428503848344867e-35,-4.722458410355947e-16,-4.6571762277664977e-48,4.736290108454021e-16
5.06,1.3940867095899438e-18,-5.425831664832285e-35,-4.722310433031362e-16,-4.6575177742383044e-48,4.736251300127262e-16
5.08,1.399146375513998e-18,-5.424576038358333e-35,-4.72226420768833e-16,-4.657492279626858e-48,4.736255671443471e-16
5.12,1.4144958464774644e-18,-5.420739839921089e-35,-4.722140600655242e-16,-4.658590520976048e-48,4.736285559120016e-16
5.16,-4.72203396979054e-16,-4.6564071113880294e-48,-4.72203396979054e-16,-4.6564071113880294e-48,0.0
5.18,1.4394370300981222e-18,-5.414383983440128e-35,-4.721925340633573e-16,-4.6594585181146756e-48,4.736319710934554e-16
5.22,1.4511761899159372e-18,-5.411334072099233e-35,-4.7217856206579565e-16,-4.6581864427204345e-48,4.736297382557116e-16
5.26,1.4645811778168248e-18,-5.407815517458189e-35,-4.721665971288089e-16,-4.658543099632157e-48,4.736311783066257e-16
5.28,1.470554944415652e-18,-5.406230118199167e-35,-4.721595843533012e-16,-4.65894399078564e-48,4.736301392977169e-16
5.32,1.4895382740910724e-18,-5.401175268452546e-35,-4.72139843665056e-16,-4.65755678294385e-48,4.736293819391471e-16
5.36,-4.721246680377942e-16,-4.65740136586926e-48,-4.721246680377942e-16,-4.65740136586926e-48,0.0
5.38,1.513583761479574e-18,-5.39469737571154e-35,-4.721172161544367e-16,-4.657295668007146e-48,4.736307999159162e-16
5.42,1.5296055504596892e-18,-5.390312605966703e-35,-4.721045218836131e-16,-4.6569174782350754e-48,4.736341274340727e-16
5.46,1.5454299469793723e-18,-5.385920951712149e-35,-4.720891890146291e-16,-4.657442104053526e-48,4.736346189616085e-16
5.48,1.5487557245050608e-18,-5.384993954549694e-35,-4.72088699014943e-16,-4.6582250175321836e-48,4.73637454739448e-16
5.52,1.5699082988762346e-18,-5.379086095189121e-35,-4.720737333152866e-16,-4.655731217467715e-48,4.736436416141628e-16
5.5600000000000005,-4.720556192804253e-16,-4.6575227106371256e-48,-4.720556192804253e-16,-4.6575227106371256e-48,0.0
5.58,1.5965403031415247e-18,-5.371490682835418e-35,-4.720454047189126e-16,-4.6563627859709605e-48,4.736419450220541e-16
5.62,1.6101901773541411e-18,-5.367533735418142e-35,-4.720332127412558e-16,-4.65958843778503e-48,4.736434029186099e-16
5.66,1.6278864251043332e-18,-5.362387142503122e-35,-4.720156026956752e-16,-4.65653682464335e-48,4.736434891207795e-16
5.68,1.631853211458975e-18,-5.361223590947116e-35,-4.720131543211612e-16,-4.657026127276315e-48,4.736450075326202e-16
5.72,1.648512799228683e-18,-5.3563240529258e-35,-4.71998177678586e-16,-4.655947715692794e-48,4.736466904778146e-16
5.76,1.6626087646746189e-18,-5.352151440788814e-35,-4.719811668987952e-16,-4.654186582955521e-48,4.736437756634698e-16
5.78,1.6670148994578904e-18,-5.350836192439263e-35,-4.719744002530254e-16,-4.656796103847065e-48,4.736414151524833e-16
5.82,1.6770692325428391e-18,-5.347819930068418e-35,-4.719687563063062e-16,-4.6547640494147016e-48,4.736458255388491e-16
5.86,1.6871170355272696e-18,-5.344777306186623e-35,-4.719633524351219e-16,-4.656997302566947e-48,4.736504694706491e-16
5.88,1.6953623415025173e-18,-5.342258400437075e-35,-4.719536403113564e-16,-4.6557653096030065e-48,4.73649002652859e-16
5.92,-4.719439036199161e-16,-4.6569913678694767e-48,-4.719439036199161e-16,-4.6569913678694767e-48,0.0
5.96,1.715732468384731e-18,-5.335957310322195e-35,-4.719355926172666e-16,-4.658618407359782e-48,4.736513250856513e-16
5.98,1.7233871726208708e-18,-5.333562085266355e-35,-4.719322389644067e-16,-4.658874085779456e-48,4.736556261370276e-16
6.02,1.7328881455279051e-18,-5.330573539005664e-35,-4.719212388964519e-16,-4.660021581484485e-48,4.736541270419798e-16
6.06,1.7475514001689503e-18,-5.325918257456608e-35,-4.719070405010414e-16,-4.662002437427018e-48,4.736545919012104e-16
6.08,1.74950480060711e-18,-5.32529032798674e-35,-4.71902676893084e-16,-4.661881478159082e-48,4.736521816936911e-16
6.12,1.7637093554843758e-18,-5.32068332682074e-35,-4.718893572640734e-16,-4.663663276663356e-48,4.736530666195577e-16
6.16,1.7749543198336464e-18,-5.317007556512378e-35,-4.718832788518237e-16,-4.662312173147592e-48,4.736582331716573e-16
6.18,1.7815516618879823e-18,-5.314827264400909e-35,-4.718793464657641e-16,-4.662548833235615e-48,4.736608981276521e-16
6.22,-4.718739535190241e-16,-4.662566065303705e-48,-4.718739535190241e-16,-4.662566065303705e-48,0.0
6.26,1.8059135778569757e-18,-5.306644058817839e-35,-4.718610166443825e-16,-4.662249579600306e-48,4.736669302222395e-16
6.28,-4.718540287431112e-16,-4.662606446986837e-48,-4.718540287431112e-16,-4.662606446986837e-48,0.0
6.32,1.817797433916911e-18,-5.302608638787894e-35,-4.7184193288353435e-16,-4.6628111891274573e-48,4.736597303174513e-16
6.36,1.8294523311032187e-18,-5.298629184548358e-35,-4.718307647711442e-16,-4.6618207895425537e-48,4.736602171022474e-16
6.38,1.8371095811504622e-18,-5.295995415975602e-35,-4.718238935278169e-16,-4.661370061701664e-48,4.736610031089673e-16
6.42,1.8507814390809893e-18,-5.29125993325536e-35,-4.718129123691485e-16,-4.661856438278878e-48,4.736636938082295e-16
6.46,1.8601522980282117e-18,-5.287987308957502e-35,-4.71800296975432e-16,-4.6629686142910355e-48,4.736604492734602e-16
6.48,1.8704629653795123e-18,-5.284370101308534e-35,-4.71793298851833e-16,-4.6629302162804236e-48,4.736637618172125e-16
6.52,1.8814573688346015e-18,-5.280484058619165e-35,-4.71782398217968e-16,-4.6612455187483676e-48,4.736638555868026e-16
6.5600000000000005,1.8944844409047025e-18,-5.275848713006106e-35,-4.717747613293974e-16,-4.661281031373089e-48,4.736692457703021e-16
6.58,1.899161015277766e-18,-5.274175223734603e-35,-4.717691741724218e-16,-4.66147673372793e-48,4.736683351876996e-16
6.62,-4.71757298919788e-16,-4.662844031576124e-48,-4.71757298919788e-16,-4.662844031576124e-48,0.0
6.66,1.92698346162122e-18,-5.264038867604164e-35,-4.717496860442297e-16,-4.662716966263147e-48,4.736766695058509e-16
6.68,1.933826452531579e-18,-5.261521937425555e-35,-4.717422758314101e-16,-4.6646686781541756e-48,4.736761022839417e-16
6.72,1.9485015604033215e-18,-5.256110885194584e-35,-4.717297598712444e-16,-4.663720775983021e-48,4.736782614316477e-16
6.76,1.969539529809955e-18,-5.248280690268198e-35,-4.717072786628041e-16,-4.663482619254587e-48,4.736768181926141e-16
6.78,1.9757041677414614e-18,-5.245971349011444e-35,-4.717010318105065e-16,-4.663321078862587e-48,4.73676735978248e-16
6.82,1.987481429845446e-18,-5.241543171977277e-35,-4.716845237969606e-16,-4.6638490820569435e-48,4.73672005226806e-16
6.86,2.000971608658122e-18,-5.236452290898849e-35,-4.716659046581181e-16,-4.664094982073208e-48,4.736668762667762e-16
6.88,2.005986568177391e-18,-5.234551943645015e-35,-4.716598497728225e-16,-4.6616543941742906e-48,4.73665836341e-16
6.92,2.023583458658435e-18,-5.227845523230768e-35,-4.716440500516024e-16,-4.6612972152321503e-48,4.736676335102608e-16
6.96,2.036589138197972e-18,-5.222839592917583e-35,-4.716315989595168e-16,-4.663534137661205e-48,4.736681880977148e-16
6.98,2.039226762613394e-18,-5.221822048090268e-35,-4.716247077032629e-16,-4.6609716500731974e-48,4.736639344658764e-16
7.02,-4.716087602627352e-16,-4.660513223814554e-48,-4.716087602627352e-16,-4.660513223814554e-48,0.0
7.06,2.0744950631449183e-18,-5.20807702218352e-35,-4.715942971513721e-16,-4.660615620152566e-48,4.73668792214517e-16
7.08,2.0788967463908514e-18,-5.206349508762897e-35,-4.715874591524889e-16,-4.657729065077048e-48,4.736663558988797e-16
7.12,2.09202351693495e-18,-5.201152429219755e-35,-4.715747049343807e-16,-4.658897980642216e-48,4.736667284513156e-16
7.16,2.1083839490119403e-18,-5.194662268824845e-35,-4.715589052554398e-16,-4.657695039520965e-48,4.736672892044517e-16
7.18,2.113749534941927e-18,-5.192523810694036e-35,-4.71555476872151e-16,-4.658901636045106e-48,4.736692264070929e-16
7.22,-4.715417391442127e-16,-4.6593350133965314e-48,-4.715417391442127e-16,-4.6593350133965314e-48,0.0
7.26,2.1420065519429212e-18,-5.181168408252242e-35,-4.715287472658436e-16,-4.658409094633243e-48,4.736707538177865e-16
7.28,-4.715195118911523e-16,-4.659667186835031e-48,-4.715195118911523e-16,-4.659667186835031e-48,0.0
7.32,2.1648704276289666e-18,-5.171850817142676e-35,-4.715073449119939e-16,-4.658197929283664e-48,4.736722153396229e-16
7.36,-4.714915569746794e-16,-4.6596459435731624e-48,-4.714915569746794e-16,-4.6596459435731624e-48,0.0
7.38,2.184569874364567e-18,-5.163697245346949e-35,-4.714874541168015e-16,-4.659495705007009e-48,4.736720239911661e-16
7.42,2.1946262710333164e-18,-5.159520787561169e-35,-4.714764310889199e-16,-4.660020504973068e-48,4.736710573599532e-16
7.46,2.2091230018363777e-18,-5.153490559942866e-35,-4.714653661253115e-16,-4.659745509393549e-48,4.736744891271478e-16
7.48,2.2142351002728608e-18,-5.151352500218165e-35,-4.714597320907012e-16,-4.658430617368192e-48,4.73673967190974e-16
7.52,2.2316840349191652e-18,-5.14398118455405e-35,-4.714440024476217e-16,-4.659315748299528e-48,4.736756864825408e-16
7.5600000000000005,2.2460355431733638e-18,-5.13788294657282e-35,-4.71429546921919e-16,-4.6584173812275636e-48,4.736755824650924e-16
7.58,-4.71422797782534e-16,-4.656727542707298e-48,-4.71422797782534e-16,-4.656727542707298e-48,0.0
7.62,2.261104639094542e-18,-5.131432351653794e-35,-4.714126076596098e-16,-4.6572728299611697e-48,4.736737122987043e-16
7.66,2.2757832902316565e-18,-5.12510867086583e-35,-4.713986149997414e-16,-4.65697952289091e-48,4.736743982899731e-16
7.68,2.2821089238995905e-18,-5.122379178333718e-35,-4.713915700733896e-16,-4.6582357190501816e-48,4.7367367899728915e-16
7.72,2.2938722367533574e-18,-5.117291330504014e-35,-4.713846471306519e-16,-4.657646802541812e-48,4.7367851936740525e-16
7.76,2.3067586413052352e-18,-5.111706381298055e-35,-4.713691369081387e-16,-4.6564753637181225e-48,4.73675895549444e-16
7.78,2.3113395079154713e-18,-5.109704687446833e-35,-4.713609472026239e-16,-4.6558697371387e-48,4.736722867105393e-16
7.82,2.3249616838779025e-18,-5.10374835017307e-35,-4.713454843203087e-16,-4.6556174961541116e-48,4.736704460041867e-16
7.86,2.334286873013125e-18,-5.099638388354942e-35,-4.713326817783766e-16,-4.6585467173218887e-48,4.736669686513897e-16
7.88,2.344426491867199e-18,-5.095168912257737e-35,-4.713268791226977e-16,-4.6573280815040004e-48,4.736713056145649e-16
7.92,2.354523255370552e-18,-5.09069303023799e-35,-4.713089887385941e-16,-4.656265483268949e-48,4.736635119939646e-16
7.96,2.3646329642837538e-18,-5.086184616069501e-35,-4.713002405785375e-16,-4.656972563642951e-48,4.736648735428213e-16
7.98,2.3705778411501066e-18,-5.083525370828122e-35,-4.712957738856713e-16,-4.656923889187659e-48,4.736663517268214e-16
8.02,2.3835833807386114e-18,-5.077684215244866e-35,-4.712845379758035e-16,-4.657908663120876e-48,4.736681213565422e-16
8.06,2.3967333036540205e-18,-5.071731090376719e-35,-4.712721948773755e-16,-4.658232551889849e-48,4.736689281810295e-16
8.08,-4.712740952946933e-16,-4.658174324190737e-48,-4.712740952946933e-16,-4.658174324190737e-48,0.0
8.12,-4.712626404518935e-16,-4.659895289402716e-48,-4.712626404518935e-16,-4.659895289402716e-48,0.0
8.16,2.429417320390376e-18,-5.056722303181193e-35,-4.712456731555182e-16,-4.659572934482999e-48,4.736750904759086e-16
8.18,2.4368998680842494e-18,-5.053247324032414e-35,-4.712373476381579e-16,-4.659479865810498e-48,4.736742475062421e-16
8.22,2.446382706523121e-18,-5.048783195026148e-35,-4.712265313354494e-16,-4.6588069177476724e-48,4.736729140419725e-16
8.26,2.4656226283835004e-18,-5.039709412250313e-35,-4.712099579634899e-16,-4.6567095499252457e-48,4.736755805918734e-16
8.28,2.4739967432162435e-18,-5.035736431899828e-35,-4.712022806239385e-16,-4.658288982101925e-48,4.736762773671548e-16
8.32,2.4902937120716163e-18,-5.027983957792317e-35,-4.711878887810896e-16,-4.658232500848847e-48,4.736781824931611e-16
8.36,2.5009733464483556e-18,-5.022889614951474e-35,-4.711749131812479e-16,-4.659171925430276e-48,4.736758865276962e-16
8.38,2.509230424865753e-18,-5.018928730338948e-35,-4.711669967470497e-16,-4.65824663795966e-48,4.736762271719154e-16
8.42,2.5283016408539876e-18,-5.009729392116661e-35,-4.711480606517103e-16,-4.65826746031156e-48,4.736763622925643e-16
8.46,2.5487747221065577e-18,-4.999780296250615e-35,-4.711251941860849e-16,-4.658003806189573e-48,4.736739689081914e-16
8.48,2.5568972217754297e-18,-4.995812983726093e-35,-4.7111637630521505e-16,-4.6585544518859665e-48,4.736732735269905e-16
8.52,2.5725941474354265e-18,-4.988105054234005e-35,-4.711054805214906e-16,-4.657605142959603e-48,4.73678074668926e-16
8.56,2.588418235282842e-18,-4.980265488537048e-35,-4.710861019204888e-16,-4.655854230683465e-48,4.736745201557717e-16
8.58,2.596446044094117e-18,-4.976269757170897e-35,-4.710772470117399e-16,-4.655711492048784e-48,4.73673693055834e-16
8.62,2.605996776221863e-18,-4.971500483137346e-35,-4.710645102825076e-16,-4.656342980353909e-48,4.736705070587295e-16
8.66,2.617929416701924e-18,-4.965498878936839e-35,-4.710530408115738e-16,-4.655309545572043e-48,4.736709702282757e-16
8.68,2.619266853261159e-18,-4.964823882569816e-35,-4.710495164567797e-16,-4.657220911196001e-48,4.736687833100408e-16
8.72,2.6263152124009278e-18,-4.96125740852215e-35,-4.71049255759121e-16,-4.657219541912144e-48,4.73675570971522e-16
8.76,2.636327026194646e-18,-4.956138130181841e-35,-4.710387869212354e-16,-4.657603216528201e-48,4.7367511394743e-16
8.78,2.641971420224e-18,-4.953235548665817e-35,-4.710305461715441e-16,-4.6565205133691103e-48,4.736725175917681e-16
8.82,-4.710203262856912e-16,-4.656611154245809e-48,-4.710203262856912e-16,-4.656611154245809e-48,0.0
8.86,2.6661661999452452e-18,-4.940625433357373e-35,-4.709978722868707e-16,-4.657130822512489e-48,4.736640384868159e-16
8.88,2.6706236803235915e-18,-4.938285519153545e-35,-4.709945338985808e-16,-4.656268871864711e-48,4.736651575789044e-16
8.92,2.6778917111678243e-18,-4.93445265463181e-35,-4.709875038790426e-16,-4.655167765384926e-48,4.7366539559021045e-16
8.96,2.6876499913752305e-18,-4.929279443966739e-35,-4.709785117883409e-16,-4.65553758952245e-48,4.736661617797161e-16
8.98,2.6956025759178304e-18,-4.925062418454235e-35,-4.709728160089844e-16,-4.6555772800676464e-48,4.736684185849022e-16
9.02,2.7051959113310814e-18,-4.919963309328505e-35,-4.709657260028664e-16,-4.654412952737109e-48,4.736709219141974e-16
9.06,2.7189796137337794e-18,-4.912585652292952e-35,-4.7096071245602025e-16,-4.6543513817118115e-48,4.736796920697541e-16
9.08,2.7199204855181085e-18,-4.912079666480855e-35,-4.709562234823404e-16,-4.655256534365386e-48,4.736761439678586e-16
9.12,-4.7094238818099175e-16,-4.655229615198463e-48,-4.7094238818099175e-16,-4.655229615198463e-48,0.0
9.16,2.749275103862027e-18,-4.896192582790248e-35,-4.709321396734009e-16,-4.655180384865851e-48,4.736814147772629e-16
9.18,2.7558090521947775e-18,-4.892623266741768e-35,-4.70926084766554e-16,-4.6560200094171354e-48,4.736818938187488e-16
9.22,-4.7092078148535145e-16,-4.6554820875147324e-48,-4.7092078148535145e-16,-4.6554820875147324e-48,0.0
9.26,2.778167930014515e-18,-4.880331492636208e-35,-4.709087205057378e-16,-4.656780173915657e-48,4.736868884357523e-16
9.28,2.782592722641509e-18,-4.877892328031388e-35,-4.708987472338244e-16,-4.655968872174937e-48,4.736813399564659e-16
9.32,2.798304144446219e-18,-4.86922329697209e-35,-4.708898971947296e-16,-4.655802061563104e-48,4.736882013391758e-16
9.36,2.8063244286393357e-18,-4.864785653121695e-35,-4.708790788904514e-16,-4.654935576487991e-48,4.736854033190907e-16
9.38,2.8145907806071956e-18,-4.860189346137499e-35,-4.708723214528993e-16,-4.656265889565978e-48,4.736869122335065e-16
9.42,2.824355538170081e-18,-4.854748723271996e-35,-4.708567302102209e-16,-4.656352288075546e-48,4.73681085748391e-16
9.46,2.839478243394218e-18,-4.846261959173876e-35,-4.708462462804987e-16,-4.656099204632999e-48,4.736857245238929e-16
9.48,2.840682132289878e-18,-4.845585743285702e-35,-4.708408381785015e-16,-4.655697595102188e-48,4.736815203107913e-16
9.52,2.862356976883322e-18,-4.833323820449262e-35,-4.708220745093207e-16,-4.656422628477724e-48,4.73684431486204e-16
9.56,-4.708034066403119e-16,-4.6559422137519205e-48,-4.708034066403119e-16,-4.6559422137519205e-48,0.0
9.58,2.8826649866601874e-18,-4.821771150390817e-35,-4.70797375390943e-16,-4.655572367640657e-48,4.736800403776031e-16
9.62,2.9015961498372477e-18,-4.810933248589357e-35,-4.707779926523546e-16,-4.655265550180159e-48,4.736795888021918e-16
9.66,2.9168701737216677e-18,-4.802134018148623e-35,-4.707626323028564e-16,-4.656766930843434e-48,4.736795024765781e-16
9.68,2.9232659038081595e-18,-4.798440692255791e-35,-4.707574864540703e-16,-4.654342710051187e-48,4.736807523578784e-16
9.72,2.933007304811261e-18,-4.7927822749791775e-35,-4.707446029187215e-16,-4.654922647773411e-48,4.736776102235328e-16
9.76,2.9437981319543297e-18,-4.786486291834587e-35,-4.70728302993918e-16,-4.654187930429059e-48,4.736721011258723e-16
9.78,2.942221723376487e-18,-4.787412200431097e-35,-4.707268266526138e-16,-4.655129231210811e-48,4.736690483759903e-16
9.82,2.943667588835733e-18,-4.786563766686349e-35,-4.707238419570738e-16,-4.6558157633194515e-48,4.736675095459095e-16
9.86,2.93891117321627e-18,-4.7893797708934143e-35,-4.707286022235346e-16,-4.6561393825493185e-48,4.736675133967509e-16
9.88,2.938033387109786e-18,-4.789897892438684e-35,-4.707290914698634e-16,-4.6568637193528533e-48,4.736671248569732e-16
9.92,2.948451948911997e-18,-4.7836586418674506e-35,-4.707149766800285e-16,-4.6577123804929375e-48,4.736634286289405e-16
9.96,2.946440027875955e-18,-4.784873533956368e-35,-4.707139242363097e-16,-4.657923544717788e-48,4.736603642641856e-16
9.98,2.947452029571553e-18,-4.7842623415217394e-35,-4.707155324613712e-16,-4.6583818943475066e-48,4.736629844909427e-16
10.02,2.954380504569439e-18,-4.780059896190502e-35,-4.707105404135271e-16,-4.6585102513958345e-48,4.736649209180965e-16
10.06,2.9555196534652485e-18,-4.7793784651332883e-35,-4.707099834001428e-16,-4.6586616020355486e-48,4.73665503053608e-16
10.08,2.9568990839000324e-18,-4.778535172986952e-35,-4.707106089923272e-16,-4.6584461675030876e-48,4.736675080762272e-16
10.12,2.9626536710114094e-18,-4.775012790296654e-35,-4.7070462780599825e-16,-4.657519527411896e-48,4.736672814770097e-16
10.16,2.9632068875074117e-18,-4.7746786017450284e-35,-4.707053847807454e-16,-4.657161212620481e-48,4.736685916682529e-16
10.18,2.964479544727914e-18,-4.7738876766454554e-35,-4.707067713743235e-16,-4.656009368501928e-48,4.736712509190514e-16
10.22,2.973772397196088e-18,-4.7681007392108726e-35,-4.707017111791348e-16,-4.6559923337783416e-48,4.736754835763309e-16
10.26,2.9782187720843226e-18,-4.765321523678519e-35,-4.7069314729462e-16,-4.6548432180452723e-48,4.736713660667042e-16
10.28,2.9826467602888132e-18,-4.762552034331083e-35,-4.706905463378337e-16,-4.65522401727675e-48,4.736731930981225e-16
10.32,2.987318570144631e-18,-4.759629657062618e-35,-4.706903919129209e-16,-4.655993206696022e-48,4.736777104830655e-16
10.36,2.9867491020325707e-18,-4.759986897672423e-35,-4.706884882490191e-16,-4.656107098236553e-48,4.736752373510517e-16
10.38,2.9909636386645946e-18,-4.757334440395863e-35,-4.70687154479834e-16,-4.655947624905377e-48,4.736781181184986e-16
10.42,2.9921493534459196e-18,-4.756596086141193e-35,-4.706841552346166e-16,-4.655939436840275e-48,4.736763045880626e-16
10.46,2.9929191631969476e-18,-4.7561097003587457e-35,-4.706893542379954e-16,-4.656399256832588e-48,4.736822734011923e-16
10.48,2.995457203005223e-18,-4.7545051777574174e-35,-4.706875728945195e-16,-4.656260560770573e-48,4.736830300975247e-16
10.52,3.0016353445617162e-18,-4.750593084498727e-35,-4.706835348969197e-16,-4.657004841031269e-48,4.736851702414814e-16
10.56,2.9994967225875794e-18,-4.7519511554855653e-35,-4.706875490194247e-16,-4.65739049525579e-48,4.736870457420123e-16
10.58,3.004534907346351e-18,-4.7487469317972203e-35,-4.706874336205617e-16,-4.65733694939267e-48,4.73691968527908e-16
10.62,3.010364174352563e-18,-4.7450290615944835e-35,-4.706821474519993e-16,-4.6565118672920006e-48,4.736925116263519e-16
10.66,3.0191423066833166e-18,-4.7394260256381184e-35,-4.70674320715951e-16,-4.6549309840941583e-48,4.736934630226342e-16
10.68,3.0261286270487108e-18,-4.734948261282174e-35,-4.706669924785515e-16,-4.656016144910045e-48,4.736931211056002e-16
10.72,3.03491651947571e-18,-4.7293210494951397e-35,-4.706543179884995e-16,-4.653609297240473e-48,4.736892345079753e-16
10.76,3.0353586553659826e-18,-4.7290349447162966e-35,-4.706546340073798e-16,-4.653414812408466e-48,4.736899926627458e-16
10.78,3.0366517648700984e-18,-4.7281949004414297e-35,-4.706538981470578e-16,-4.6533121301509304e-48,4.736905499119279e-16
10.82,3.0443734428576142e-18,-4.7231894148199906e-35,-4.706439208700112e-16,-4.6530750375717867e-48,4.736882943128688e-16
10.86,3.049762815067681e-18,-4.7196703720884134e-35,-4.706307768606628e-16,-4.651992421361827e-48,4.736805396757305e-16
10.88,3.0525155057832424e-18,-4.717868107971288e-35,-4.706271637321589e-16,-4.651744416547911e-48,4.736796792379421e-16
10.92,3.0488306152079075e-18,-4.720295224423468e-35,-4.706300441533187e-16,-4.652128254252072e-48,4.736788747685266e-16
10.96,3.0586718508302473e-18,-4.7137519918906697e-35,-4.706228850139722e-16,-4.65235823269105e-48,4.736815568648024e-16
10.98,3.0615203191873854e-18,-4.711847838372783e-35,-4.706191991096023e-16,-4.652597248383114e-48,4.736807194287897e-16
11.02,3.0710283161511516e-18,-4.705458873337046e-35,-4.706063782108438e-16,-4.654267942773188e-48,4.736774065269949e-16
11.06,3.0800232458905905e-18,-4.6993912858584915e-35,-4.706008478893523e-16,-4.653965376513437e-48,4.736808711352429e-16
11.08,3.085313596919011e-18,-4.6958149247094354e-35,-4.705981852682532e-16,-4.653945032644597e-48,4.736834988651722e-16
11.12,3.0911899230623154e-18,-4.6918350237693947e-35,-4.705951303366043e-16,-4.6536909919826793e-48,4.736863202596666e-16
11.16,3.0995827647880697e-18,-4.6860903112664124e-35,-4.705909911016679e-16,-4.652843964693695e-48,4.736905738664559e-16
11.18,3.1035827125416885e-18,-4.683345415013412e-35,-4.705890085784839e-16,-4.6529607545377845e-48,4.736925912910255e-16
11.22,3.1061564796447996e-18,-4.681567645608554e-35,-4.705813019310054e-16,-4.652503075681651e-48,4.736874584106502e-16
11.26,3.115094713034596e-18,-4.67538236071428e-35,-4.705693834455377e-16,-4.6513514853518505e-48,4.736844781585724e-16
11.28,3.121348208418159e-18,-4.671022520234416e-35,-4.705637655161276e-16,-4.6513646359977547e-48,4.736851137245458e-16
11.32,3.128538415302809e-18,-4.6659801141728956e-35,-4.705555232583946e-16,-4.651954084609724e-48,4.736840616736974e-16
11.36,3.1350693526753455e-18,-4.66137321822998e-35,-4.705515525481288e-16,-4.65186286002502e-48,4.736866219008042e-16
11.38,3.1369887928101856e-18,-4.6600148024524047e-35,-4.705506537176032e-16,-4.651660904307723e-48,4.736876425104133e-16
11.42,3.1394287924738048e-18,-4.658278691947985e-35,-4.705466165498022e-16,-4.651776789239824e-48,4.73686045342276e-16
11.46,3.147791610326701e-18,-4.6522697999798117e-35,-4.705391993222734e-16,-4.6516335699963827e-48,4.736869909326001e-16
11.48,3.156521445997543e-18,-4.645979593381357e-35,-4.705316387534545e-16,-4.652499216732208e-48,4.736881601994521e-16
11.52,3.160670427897762e-18,-4.642987639020422e-35,-4.705283043661732e-16,-4.650837666751704e-48,4.73688974794071e-16
11.56,3.1660232894786955e-18,-4.639117178280469e-35,-4.705208975514633e-16,-4.652046068268318e-48,4.73686920840942e-16
11.58,3.1665013323417425e-18,-4.638770105937255e-35,-4.705226757935521e-16,-4.6527711254868435e-48,4.736891771258938e-16
11.62,3.166911215314027e-18,-4.6384750623634075e-35,-4.705192796218567e-16,-4.653542509102172e-48,4.736861908371708e-16
11.66,3.1725560355839865e-18,-4.634366954129813e-35,-4.705178970389915e-16,-4.65390621591521e-48,4.736904530745755e-16
11.68,3.176200325317622e-18,-4.631713475221654e-35,-4.705142210920623e-16,-4.654347711620154e-48,4.7369042141737995e-16
11.72,3.177060263730744e-18,-4.63108794992088e-35,-4.705128514512976e-16,-4.6541362473138926e-48,4.736899117150283e-16
11.76,3.1784065923859094e-18,-4.630107539806435e-35,-4.705048859034044e-16,-4.6535605123713336e-48,4.736832924957903e-16
11.78,3.180692347926686e-18,-4.62843917285168e-35,-4.705005699312542e-16,-4.6542904970395325e-48,4.736812622791809e-16
11.82,3.184174715162833e-18,-4.625893823750337e-35,-4.704945961646693e-16,-4.653618474004672e-48,4.736787708798321e-16
11.86,3.1868920951763837e-18,-4.623905808652627e-35,-4.704928374468113e-16,-4.653965438547472e-48,4.736797295419877e-16
11.88,3.1853735360852802e-18,-4.6250237582896123e-35,-4.704934550584826e-16,-4.653859834057794e-48,4.736788285945679e-16
11.92,3.1917410966365476e-18,-4.6203246708153693e-35,-4.704833852759232e-16,-4.655542409972337e-48,4.736751263725597e-16
11.96,3.2008832691568725e-18,-4.613565882534118e-35,-4.704722303728559e-16,-4.65534938165772e-48,4.736731136420128e-16
11.98,3.2007660634671512e-18,-4.613648764406335e-35,-4.704721910165069e-16,-4.655793113207308e-48,4.73672957079974e-16
12.02,3.2053952596856984e-18,-4.610215230704527e-35,-4.704641178157977e-16,-4.659459391001765e-48,4.736695130754834e-16
12.06,3.208035095967205e-18,-4.608259443989062e-35,-4.704549413163039e-16,-4.6589921825068835e-48,4.736629764122711e-16
12.08,-4.704515552918912e-16,-4.659031196868112e-48,-4.704515552918912e-16,-4.659031196868112e-48,0.0
12.12,3.218508428635671e-18,-4.6004966236338714e-35,-4.704403430967133e-16,-4.65811348685777e-48,4.736588515253489e-16
12.16,-4.704357365751114e-16,-4.657848282076994e-48,-4.704357365751114e-16,-4.657848282076994e-48,0.0
12.18,3.2246307286209517e-18,-4.5959600215887674e-35,-4.704344837099426e-16,-4.6577782595720545e-48,4.736591144385636e-16
12.22,3.2278589020074576e-18,-4.593546134696153e-35,-4.7042910708559105e-16,-4.658113710202952e-48,4.736569659875985e-16
12.26,3.231355699288666e-18,-4.5909244634028075e-35,-4.704253885390991e-16,-4.657631954794005e-48,4.736567442383878e-16
12.28,3.234882634908633e-18,-4.58826461687323e-35,-4.704220993782569e-16,-4.6576081658911225e-48,4.736569820131655e-16
12.32,3.2374567480576833e-18,-4.586308568394035e-35,-4.704176957836451e-16,-4.657465521787176e-48,4.736551525317028e-16
12.36,3.2369960752786387e-18,-4.586657756231717e-35,-4.704201927364522e-16,-4.658043125484647e-48,4.736571888117308e-16
12.38,3.2359724687575096e-18,-4.5874398482617495e-35,-4.704205881949614e-16,-4.658051416631688e-48,4.736565606637189e-16
12.42,3.239095616954705e-18,-4.5850496545346e-35,-4.704209962323784e-16,-4.6581187241809414e-48,4.736600918493331e-16
12.46,3.2354251851607105e-18,-4.5878780539209165e-35,-4.704235015656067e-16,-4.657719262941828e-48,4.736589267507674e-16
12.48,3.2400535557542103e-18,-4.584310217225612e-35,-4.704197169519488e-16,-4.6576325862505595e-48,4.736597705077029e-16
12.52,3.2479458343126145e-18,-4.5782100442955645e-35,-4.704128104879139e-16,-4.6577101061900586e-48,4.736607563222265e-16
12.56,3.2520478564457616e-18,-4.575031106997068e-35,-4.704092617744296e-16,-4.6583718193482085e-48,4.736613096308754e-16
12.58,3.2558814065422888e-18,-4.5720683756127773e-35,-4.704101710973058e-16,-4.6595029893291626e-48,4.73666052503848e-16
12.62,3.2612032773280665e-18,-4.5679505983067063e-35,-4.704061215796226e-16,-4.659530664156898e-48,4.736673248569507e-16
12.66,3.26593889335662e-18,-4.564275807202628e-35,-4.704038303265528e-16,-4.659061265222881e-48,4.736697692199095e-16
12.68,3.27103037099319e-18,-4.560317422328099e-35,-4.704019475288246e-16,-4.658861994500892e-48,4.736729778998178e-16
12.72,3.2694950516853295e-18,-4.561514266222414e-35,-4.704102609311932e-16,-4.657922952028914e-48,4.736797559828786e-16
12.76,-4.704115174468872e-16,-4.6581267063289546e-48,-4.704115174468872e-16,-4.6581267063289546e-48,0.0
12.78,3.271296159606021e-18,-4.5601027522390055e-35,-4.704080288480314e-16,-4.6588322928055646e-48,4.736793250076374e-16
12.82,3.281193223528584e-18,-4.552340268461096e-35,-4.703936507351205e-16,-4.6619321239443704e-48,4.736748439586491e-16
12.86,3.281903826729729e-18,-4.5517838950318714e-35,-4.70397426695641e-16,-4.660764511913238e-48,4.736793305223707e-16
12.88,3.2873742019405235e-18,-4.5474771495041893e-35,-4.703921098430504e-16,-4.6617783891144597e-48,4.736794840449909e-16
12.92,3.2827236678522083e-18,-4.551141350177521e-35,-4.703891180457739e-16,-4.6613720393324345e-48,4.736718417136261e-16
12.96,3.289467149885977e-18,-4.5458417845698057e-35,-4.703874258384046e-16,-4.662096512265584e-48,4.736768929882906e-16
12.98,3.294298413377937e-18,-4.542048866912933e-35,-4.703792959665773e-16,-4.661433861363583e-48,4.736735943799552e-16
13.02,3.300131062128324e-18,-4.537463000234295e-35,-4.703674386872321e-16,-4.661749660374014e-48,4.736675697493604e-16
13.06,3.300516835760522e-18,-4.537157926422055e-35,-4.703648613012799e-16,-4.662009724312625e-48,4.736653781370405e-16
13.08,3.3015768717686984e-18,-4.536314626860992e-35,-4.703633464372797e-16,-4.6623739975913846e-48,4.736649233090484e-16
13.12,3.308658018753175e-18,-4.5306749646480525e-35,-4.703569712301305e-16,-4.6626926882958203e-48,4.736656292488837e-16
13.16,3.309382148369878e-18,-4.530087237671091e-35,-4.703532708522032e-16,-4.662087141162861e-48,4.736626530005731e-16
13.18,3.3148191511526206e-18,-4.5257273251876316e-35,-4.703467392444047e-16,-4.662665845143436e-48,4.736615583955573e-16
13.22,3.3194590211301235e-18,-4.5219991256757844e-35,-4.703364216385223e-16,-4.661007310277827e-48,4.736558806596524e-16
13.26,-4.703325252621209e-16,-4.6607903816558814e-48,-4.703325252621209e-16,-4.6607903816558814e-48,0.0
13.28,3.3211020810327973e-18,-4.5206766214210716e-35,-4.70332744114582e-16,-4.660749361139687e-48,4.736538461956149e-16
13.32,3.314329807203501e-18,-4.5261488745218135e-35,-4.70339538752225e-16,-4.6617274090862594e-48,4.736538685594286e-16
13.36,3.3253787943201355e-18,-4.517145971562005e-35,-4.703297842070711e-16,-4.662718841900724e-48,4.736551630013912e-16
13.38,3.3244225575844645e-18,-4.517926820369177e-35,-4.703275115806858e-16,-4.6625913435312446e-48,4.736519341382703e-16
13.42,3.326441344180187e-18,-4.516270130035638e-35,-4.703276072374957e-16,-4.662560269899513e-48,4.736540485816759e-16
13.46,3.3331362532548883e-18,-4.5107410469405997e-35,-4.703244038157744e-16,-4.661780758248227e-48,4.736575400690293e-16
13.48,3.3378514478931738e-18,-4.506836479635382e-35,-4.703191336989491e-16,-4.661135786036102e-48,4.736569851468424e-16
13.52,3.3343666888870013e-18,-4.509739296874585e-35,-4.70323322328356e-16,-4.660204680015666e-48,4.73657689017243e-16
13.56,3.3380122667598565e-18,-4.506706357660835e-35,-4.703214559940829e-16,-4.6628851478701533e-48,4.736594682608428e-16
13.58,3.3388105116339683e-18,-4.5060433444945947e-35,-4.703248072250907e-16,-4.6634606720916624e-48,4.736636177367247e-16
13.62,3.338530017416368e-18,-4.506275750335385e-35,-4.703246326770706e-16,-4.663579688248085e-48,4.73663162694487e-16
13.66,3.3439693163579155e-18,-4.5017445115057735e-35,-4.703205502822074e-16,-4.6636749808509083e-48,4.736645195985653e-16
13.68,3.3456935614130048e-18,-4.500305241069557e-35,-4.703181386431924e-16,-4.6653746939175474e-48,4.736638322046054e-16
13.72,3.3440628917107703e-18,-4.501666934803965e-35,-4.703219716338306e-16,-4.6656345532991964e-48,4.736660345255414e-16
13.76,3.3528602582257776e-18,-4.4942869720954847e-35,-4.703126125917273e-16,-4.665650358714016e-48,4.736654728499531e-16
13.78,3.3492423523654465e-18,-4.497326674204023e-35,-4.703121797944655e-16,-4.665684382957969e-48,4.736614221468309e-16
13.82,3.353114384066226e-18,-4.4940607773524404e-35,-4.703099359066235e-16,-4.665785766909899e-48,4.736630502906898e-16
13.86,3.364510326447325e-18,-4.4844088267736704e-35,-4.702972556764053e-16,-4.666896810151535e-48,4.736617660028526e-16
13.88,3.3669210513450727e-18,-4.482356954450861e-35,-4.702904853408774e-16,-4.666986596485883e-48,4.736574063922224e-16
13.92,3.3733752180203595e-18,-4.476861893596608e-35,-4.702864499445591e-16,-4.66695789951265e-48,4.736598251625794e-16
13.96,3.3783133159575663e-18,-4.472633801748869e-35,-4.702860978719793e-16,-4.6671932894874695e-48,4.736644111879368e-16
13.98,3.377477804277467e-18,-4.4733517823981977e-35,-4.702856022576717e-16,-4.667586982091766e-48,4.736630800619492e-16
14.02,3.3866473405538797e-18,-4.465441647031883e-35,-4.702780826355213e-16,-4.666364886827232e-48,4.736647299760753e-16
14.06,3.385847064949712e-18,-4.466135959812901e-35,-4.702771976169992e-16,-4.6674169030415365e-48,4.73663044681949e-16
14.08,3.389784374892694e-18,-4.462709699463301e-35,-4.70277832949409e-16,-4.6674285228861683e-48,4.736676173243017e-16
14.12,-4.702759445453852e-16,-4.667398846798301e-48,-4.702759445453852e-16,-4.667398846798301e-48,0.0
14.16,3.4093410834051246e-18,-4.445559891922754e-35,-4.702671730405432e-16,-4.667978042631977e-48,4.736765141239483e-16
14.18,3.4104090541493487e-18,-4.444619590541934e-35,-4.7026508248647e-16,-4.667305664208267e-48,4.736754915406194e-16
14.22,3.416990400608965e-18,-4.438806021243954e-35,-4.702595384018729e-16,-4.668062916592395e-48,4.736765288024818e-16
14.26,3.411618962527743e-18,-4.443569074435986e-35,-4.702646773017129e-16,-4.668112603013999e-48,4.736762962642406e-16
14.28,3.411932547663884e-18,-4.443290776311314e-35,-4.702657210657883e-16,-4.668098185454003e-48,4.736776536134522e-16
14.32,3.4214490589930863e-18,-4.43475102667396e-35,-4.702594409635498e-16,-4.6693244010917205e-48,4.736808900225429e-16
14.36,3.423230651395938e-18,-4.433150498543896e-35,-4.702542373633884e-16,-4.669578577938254e-48,4.736774680147844e-16
14.38,3.4246449013702366e-18,-4.4318756963236345e-35,-4.702539693747994e-16,-4.669702260037198e-48,4.736786142761696e-16
14.42,3.4270609087668017e-18,-4.429697168456374e-35,-4.702501641334999e-16,-4.6698846896201284e-48,4.736772250422667e-16
14.46,-4.702621395081249e-16,-4.671030231381553e-48,-4.702621395081249e-16,-4.671030231381553e-48,0.0
14.48,3.427282732513046e-18,-4.42949004754889e-35,-4.702604317242583e-16,-4.670342716074602e-48,4.736877144567714e-16
14.52,3.433610605480631e-18,-4.4237486527840226e-35,-4.702498036439116e-16,-4.6693872986267437e-48,4.736834142493922e-16
14.56,3.4347610810646403e-18,-4.4227107651973794e-35,-4.702432258378859e-16,-4.6692309204804547e-48,4.736779869189505e-16
14.58,3.4368834414824003e-18,-4.420772403639594e-35,-4.702435076048123e-16,-4.669747630981706e-48,4.736803910462947e-16
14.62,3.4379343980699236e-18,-4.419813117328407e-35,-4.702407665208832e-16,-4.669800427035865e-48,4.736787009189531e-16
14.66,3.4393683556229968e-18,-4.4184846561304666e-35,-4.702369222016873e-16,-4.670201385114461e-48,4.736762905573103e-16
14.68,-4.702347032086381e-16,-4.6707424176535084e-48,-4.702347032086381e-16,-4.6707424176535084e-48,0.0
14.72,3.4558301981027897e-18,-4.4032030217326353e-35,-4.702226910923047e-16,-4.6715376407955046e-48,4.736785212904075e-16
14.76,3.473590091979764e-18,-4.386665417270498e-35,-4.702006517834871e-16,-4.671190469488292e-48,4.736742418754669e-16
14.78,-4.701885769852351e-16,-4.6719805361566924e-48,-4.701885769852351e-16,-4.6719805361566924e-48,0.0
14.82,3.500694566299945e-18,-4.3613257703442906e-35,-4.701751710271134e-16,-4.669991522031284e-48,4.736758655934134e-16
14.86,3.509255602966267e-18,-4.3532875350110197e-35,-4.701677240867482e-16,-4.669464045974036e-48,4.736769796897145e-16
14.88,3.517925788105869e-18,-4.345111111571277e-35,-4.701633171342314e-16,-4.669715586246569e-48,4.736812429223372e-16
14.92,3.5238000200188235e-18,-4.339552250563207e-35,-4.701587515748705e-16,-4.6704628241295585e-48,4.736825515948894e-16
14.96,3.545150979728291e-18,-4.3192941010414673e-35,-4.701445607361083e-16,-4.671605249727056e-48,4.736897117158366e-16
14.98,3.550191028674625e-18,-4.3144999171156023e-35,-4.701388302113686e-16,-4.670331031566514e-48,4.736890212400432e-16
15.02,3.564814222557725e-18,-4.300538934805497e-35,-4.701242273292832e-16,-4.669790194563975e-48,4.736890415518408e-16
15.06,3.5794793364554226e-18,-4.2864884284249005e-35,-4.701074319895942e-16,-4.668807407896138e-48,4.736869113260496e-16
15.08,3.591314584323101e-18,-4.2751131539409677e-35,-4.700949489390065e-16,-4.671019107854841e-48,4.736862635233297e-16
15.12,3.6080013198382274e-18,-4.259024291477303e-35,-4.70075086465838e-16,-4.6713569135161307e-48,4.736830877856762e-16
15.16,3.6226967446675834e-18,-4.244797429239781e-35,-4.70059276037461e-16,-4.670805222970866e-48,4.736819727821286e-16
15.18,3.623198508191343e-18,-4.2443130733228835e-35,-4.700569201114968e-16,-4.6713010753459754e-48,4.736801186196881e-16
15.22,3.640211016804651e-18,-4.227779314979405e-35,-4.700476442921722e-16,-4.671869821180851e-48,4.736878553089769e-16
15.26,3.649715614429467e-18,-4.218516460365292e-35,-4.700370890179565e-16,-4.6710554152089886e-48,4.73686804632386e-16
15.28,3.655820359825923e-18,-4.2125568380502455e-35,-4.700315531639724e-16,-4.671431761829864e-48,4.736873735237983e-16
15.32,3.667132318446664e-18,-4.2014951993459175e-35,-4.700183666632583e-16,-4.6716283370962234e-48,4.736854989817049e-16
15.36,3.67372152734604e-18,-4.195042880603281e-35,-4.700102367383322e-16,-4.6715708165763404e-48,4.736839582656783e-16
15.38,3.684613724425731e-18,-4.184357013842956e-35,-4.700067638998251e-16,-4.671787329077376e-48,4.736913776242509e-16
15.42,3.698210583272093e-18,-4.170947223947772e-35,-4.699911661138953e-16,-4.671263616551181e-48,4.736893766971674e-16
15.46,3.705663616325443e-18,-4.163573586712256e-35,-4.699746824215616e-16,-4.67113542150237e-48,4.73680346037887e-16
15.48,3.7121137881496696e-18,-4.1571618995344784e-35,-4.699695988780649e-16,-4.671301441244082e-48,4.736817126662145e-16
15.52,3.723735195338463e-18,-4.1456074696450904e-35,-4.699555356889626e-16,-4.6722912736168015e-48,4.73679270884301e-16
15.56,3.738487016579603e-18,-4.1309240939147056e-35,-4.699344483751548e-16,-4.669018662929142e-48,4.736729353917344e-16
15.58,3.741622102542858e-18,-4.1277957917006363e-35,-4.699298960064047e-16,-4.6703335455878343e-48,4.736715181089476e-16
15.62,3.753062858636914e-18,-4.1163854354583926e-35,-4.69920426457812e-16,-4.668817084064936e-48,4.736734893164489e-16
15.66,3.76345291786836e-18,-4.106005064717502e-35,-4.699124885285552e-16,-4.6692660035334606e-48,4.736759414464236e-16
15.68,3.770813394220626e-18,-4.0986442488439577e-35,-4.699066144690264e-16,-4.668553254723434e-48,4.73677427863247e-16
15.72,-4.698969313959567e-16,-4.668642190963001e-48,-4.698969313959567e-16,-4.668642190963001e-48,0.0
15.76,3.790356382625526e-18,-4.079020408196078e-35,-4.698839959355137e-16,-4.6683554199061255e-48,4.736743523181392e-16
15.78,3.798750252264002e-18,-4.070561187406734e-35,-4.698774329505991e-16,-4.667691448453856e-48,4.736761832028632e-16
15.82,3.816465529106666e-18,-4.052657943345866e-35,-4.698591617213621e-16,-4.669676316136571e-48,4.736756272504687e-16
15.86,3.830380353811893e-18,-4.0385749846317475e-35,-4.698462050159083e-16,-4.669996711003565e-48,4.736765853697202e-16
15.88,3.835215712586684e-18,-4.033676753634727e-35,-4.69838913714326e-16,-4.667238316941266e-48,4.736741294269127e-16
15.92,-4.698238393750945e-16,-4.667372973635726e-48,-4.698238393750945e-16,-4.667372973635726e-48,0.0
15.96,3.866432918304322e-18,-4.001888099387397e-35,-4.698084658670593e-16,-4.665924346379536e-48,4.736748987853636e-16
15.98,3.87674058448476e-18,-3.9913163109600676e-35,-4.697986321951266e-16,-4.6658544746180854e-48,4.736753727796113e-16
16.02,3.8870151824557156e-18,-3.9807602114041474e-35,-4.697865949983347e-16,-4.668898090543144e-48,4.736736101807905e-16
16.06,3.898507687372686e-18,-3.968933056658467e-35,-4.697751794061508e-16,-4.66943399422736e-48,4.736736870935235e-16
16.08,3.90220384779582e-18,-3.965131088338891e-35,-4.697733899120402e-16,-4.669430069068341e-48,4.73675593759836e-16
16.12,3.9171204798303864e-18,-3.949788112064515e-35,-4.697592580191331e-16,-4.671064109145775e-48,4.736763784989635e-16
16.16,3.930299842738115e-18,-3.9362358728089496e-35,-4.697467316549103e-16,-4.669709175879272e-48,4.736770314976484e-16
16.18,3.940920701709657e-18,-3.9253047999604885e-35,-4.697398041744546e-16,-4.669228621949564e-48,4.736807248761643e-16
16.22,3.9580483416631504e-18,-3.9076015486486465e-35,-4.697247133451625e-16,-4.66847649041036e-48,4.736827616868256e-16
16.26,3.9690644634581274e-18,-3.8961882129985183e-35,-4.69710606220359e-16,-4.668683724860342e-48,4.736796706838172e-16
16.28,3.9771759647807565e-18,-3.887777279189925e-35,-4.697040572206024e-16,-4.667330511750066e-48,4.736812331853832e-16
16.32,-4.69697652274922e-16,-4.667334035160084e-48,-4.69697652274922e-16,-4.667334035160084e-48,0.0
16.36,3.996898915688831e-18,-3.86723510935775e-35,-4.696846299744264e-16,-4.668209171185843e-48,4.736815288901153e-16
16.38,4.002950360285037e-18,-3.8609139610241786e-35,-4.696782144207055e-16,-4.668195751598117e-48,4.736811647809905e-16
16.42,4.0173267228927454e-18,-3.845887969189195e-35,-4.696603617087839e-16,-4.6696507741757636e-48,4.736776884316766e-16
16.46,4.031848621667124e-18,-3.830689716672125e-35,-4.6964526412131e-16,-4.6697428026797463e-48,4.736771127429772e-16
16.48,4.038605853418024e-18,-3.8236133853399394e-35,-4.696397126547001e-16,-4.6702566212666364e-48,4.736783185081181e-16
16.52,4.0538372118341605e-18,-3.8076408842739766e-35,-4.696244714227204e-16,-4.670870183848517e-48,4.736783086345546e-16
16.56,4.0598699484138365e-18,-3.801295178505993e-35,-4.696177674168456e-16,-4.668404329525402e-48,4.736776373652595e-16
16.58,4.06653540160678e-18,-3.794269133436512e-35,-4.696137783099191e-16,-4.667674181848277e-48,4.736803137115259e-16
16.62,4.078714240384233e-18,-3.781390448116836e-35,-4.696000471357895e-16,-4.668795393135141e-48,4.736787613761737e-16
16.66,4.100937346634106e-18,-3.7578069433472484e-35,-4.695773269122385e-16,-4.6689822372782555e-48,4.736782642588726e-16
16.68,4.105430352278038e-18,-3.7530299389753917e-35,-4.695690342258285e-16,-4.6705219701093724e-48,4.736744645781066e-16
16.72,4.120404240128843e-18,-3.7370942255950344e-35,-4.695556402559867e-16,-4.6698691389255513e-48,4.7367604449611555e-16
16.76,4.1358606565985006e-18,-3.7206184249564263e-35,-4.695424863372963e-16,-4.6704272690722476e-48,4.736783469938948e-16
16.78,4.144343345677313e-18,-3.711554432185677e-35,-4.695343927577182e-16,-4.6696260932146825e-48,4.736787361033955e-16
16.82,4.153294569838334e-18,-3.701964851479057e-35,-4.695261294225407e-16,-4.670524227758014e-48,4.73679423992379e-16
16.86,4.163484231927873e-18,-3.690980233198396e-35,-4.695142350267038e-16,-4.6710606212582954e-48,4.736777192586316e-16
16.88,4.172803338028318e-18,-3.680910807625553e-35,-4.695079082820218e-16,-4.670645258037154e-48,4.736807116200501e-16
16.92,4.182154202910731e-18,-3.670782110117771e-35,-4.694985464127102e-16,-4.6711907821547925e-48,4.736807006156208e-16
16.96,4.1967531528408564e-18,-3.6549207066970976e-35,-4.694840755675968e-16,-4.669554431772798e-48,4.736808287204376e-16
16.98,4.201310020054285e-18,-3.649959541026749e-35,-4.694765743901967e-16,-4.669787971479011e-48,4.736778844102511e-16
17.02,4.213253204117796e-18,-3.6369244083624297e-35,-4.69465928151635e-16,-4.6695609110975284e-48,4.736791813557527e-16
17.06,4.227682981173132e-18,-3.6211178167602304e-35,-4.694547185099785e-16,-4.6682977070070245e-48,4.736824014911516e-16
17.08,4.2350227462395134e-18,-3.6130619691795593e-35,-4.694497998787907e-16,-4.669758082813621e-48,4.736848226250303e-16
17.12,4.241365025582913e-18,-3.606086265903545e-35,-4.694440714169376e-16,-4.669371170565074e-48,4.736854364425206e-16
17.16,4.254666979203828e-18,-3.5914259241133706e-35,-4.694317403260622e-16,-4.6697773793023663e-48,4.736864073052661e-16
17.18,4.260407152753096e-18,-3.5850797545423925e-35,-4.694268584667723e-16,-4.668613187644148e-48,4.736872656195254e-16
17.22,4.269723763829273e-18,-3.574751026524756e-35,-4.694227500608075e-16,-4.670081268398533e-48,4.736924738246368e-16
17.26,4.280104896960833e-18,-3.563231663358553e-35,-4.694156921744634e-16,-4.6701568818370494e-48,4.7369579707142415e-16
17.28,4.2860532310378014e-18,-3.556623128706264e-35,-4.694094144949093e-16,-4.670326253479824e-48,4.736954677259471e-16
17.32,4.296636595090522e-18,-3.544863405286691e-35,-4.693981354381053e-16,-4.6697510773334885e-48,4.736947720331958e-16
17.36,4.313428675243846e-18,-3.526148065412215e-35,-4.693812251466449e-16,-4.669843672187137e-48,4.736946538218888e-16
17.38,4.321083670673991e-18,-3.5175926188823547e-35,-4.693738181954189e-16,-4.6696153538599646e-48,4.736949018660929e-16
17.42,4.33632229181821e-18,-3.5005156152500994e-35,-4.693628931528469e-16,-4.669629569234128e-48,4.73699215444665e-16
17.46,4.356506848019756e-18,-3.477797187696788e-35,-4.693464340291721e-16,-4.671646788217556e-48,4.737029408771919e-16
17.48,4.357854057960904e-18,-3.4762794192851436e-35,-4.693410028566829e-16,-4.6702646468618116e-48,4.736988569146438e-16
17.52,4.368345232591189e-18,-3.46441981245612e-35,-4.693294837483539e-16,-4.6700046138867784e-48,4.736978289809451e-16
17.56,4.379783178426559e-18,-3.451440679060955e-35,-4.693205577953996e-16,-4.670396721187248e-48,4.737003409738261e-16
17.58,4.384917602047351e-18,-3.445604513938576e-35,-4.693132482853963e-16,-4.668592129093602e-48,4.736981658874436e-16
17.62,4.405524822936975e-18,-3.42214549917928e-35,-4.692965966113038e-16,-4.667908850209998e-48,4.737021214342407e-16
17.66,-4.692766570223129e-16,-4.6683774918959516e-48,-4.692766570223129e-16,-4.6683774918959516e-48,0.0
17.68,4.433765984896796e-18,-3.3898715246609897e-35,-4.692647772029406e-16,-4.6692498598916993e-48,4.736985431878374e-16
17.72,4.4421003587202444e-18,-3.3803020179607944e-35,-4.692558351689131e-16,-4.6681715331520963e-48,4.736979355276333e-16
17.76,4.457132087506955e-18,-3.3629957379781407e-35,-4.692423970994977e-16,-4.66749597540609e-48,4.736995291870047e-16
17.78,4.462181019687865e-18,-3.35715461030137e-35,-4.69239180549478e-16,-4.6671871473725583e-48,4.737013615691659e-16
17.82,4.47217342008226e-18,-3.3455632435745293e-35,-4.692303257712752e-16,-4.6659637594127345e-48,4.7370249919135745e-16
17.86,4.4773256034200274e-18,-3.339560025366308e-35,-4.69223822937618e-16,-4.665707997975475e-48,4.73701148541038e-16
17.88,-4.692211658394034e-16,-4.6658088869309275e-48,-4.692211658394034e-16,-4.6658088869309275e-48,0.0
17.92,4.499442927487632e-18,-3.3137521624668663e-35,-4.692074759744706e-16,-4.662974857552836e-48,4.737069189019582e-16
17.96,4.5080685602441185e-18,-3.3036672440914815e-35,-4.69196998515765e-16,-4.664155217930548e-48,4.737050670760091e-16
17.98,4.512405787269377e-18,-3.298593599694912e-35,-4.691924032849637e-16,-4.6635862962405153e-48,4.737048090722331e-16
18.02,4.524456220021672e-18,-3.284487116687518e-35,-4.691836298078402e-16,-4.662945151208682e-48,4.737080860278619e-16
18.06,4.537168921507323e-18,-3.2695428615316627e-35,-4.691705520729642e-16,-4.663200698042026e-48,4.737077209944716e-16
18.08,4.535913952425238e-18,-3.271019723900227e-35,-4.691670238522528e-16,-4.664461142838788e-48,4.7370293780467805e-16
18.12,4.547603721658166e-18,-3.257233457847683e-35,-4.691602739003125e-16,-4.665582320099542e-48,4.737078776219707e-16
18.16,4.558497883244954e-18,-3.2443668552535804e-35,-4.691459432161415e-16,-4.6654336955339064e-48,4.737044410993865e-16
18.18,4.567080884810583e-18,-3.23421404267916e-35,-4.69137156867301e-16,-4.665918815601539e-48,4.737042377521116e-16
18.22,4.585392676890537e-18,-3.212504703376808e-35,-4.691186608797038e-16,-4.663297894158908e-48,4.737040535565943e-16
18.26,4.59423535716033e-18,-3.20197596406026e-35,-4.691077767944706e-16,-4.663644441735754e-48,4.737020121516309e-16
18.28,4.600946477001835e-18,-3.193966497335852e-35,-4.690996813495329e-16,-4.6635964905313335e-48,4.737006278265347e-16
18.32,4.604765332436919e-18,-3.1894018594061257e-35,-4.690902922626951e-16,-4.663801402441163e-48,4.73695057595132e-16
18.36,4.612582900310096e-18,-3.180051245169132e-35,-4.690844412389545e-16,-4.664965252635412e-48,4.736970241392645e-16
18.38,4.6198277231147096e-18,-3.171363988410756e-35,-4.69081687800863e-16,-4.665129881412237e-48,4.737015155239777e-16
18.42,4.632040594323806e-18,-3.1566897401226657e-35,-4.690675185752474e-16,-4.664821096745511e-48,4.736995591695712e-16
18.46,4.644363589231241e-18,-3.1418292797258765e-35,-4.690582143659849e-16,-4.664727072822619e-48,4.737025779552161e-16
18.48,4.648426850200647e-18,-3.136918995928949e-35,-4.690538476617672e-16,-4.665762904472099e-48,4.737022745119678e-16
18.52,4.6504505884560036e-18,-3.1344607411523983e-35,-4.690509230729668e-16,-4.665692330944049e-48,4.737013736614228e-16
18.56,4.6496949123627944e-18,-3.1353765624198867e-35,-4.690484571814821e-16,-4.6659426037131874e-48,4.736981520938449e-16
18.58,4.657467620190171e-18,-3.1258935781893933e-35,-4.690455967784732e-16,-4.665925301693377e-48,4.737030643986634e-16
18.62,4.662068534555216e-18,-3.120270057901013e-35,-4.690393160318183e-16,-4.6657769533931283e-48,4.737013845663734e-16
18.66,4.670398508024875e-18,-3.11004269170856e-35,-4.690304038187558e-16,-4.665376418979437e-48,4.737008023267807e-16
18.68,4.6668076572379064e-18,-3.1144652354865563e-35,-4.690288267807182e-16,-4.6664091578106205e-48,4.736956344379561e-16
18.72,4.6749205690299866e-18,-3.1044698214529e-35,-4.690238530500988e-16,-4.6664028202216515e-48,4.736987736191288e-16
18.76,4.675400276851544e-18,-3.1038801824068047e-35,-4.690182412659741e-16,-4.6649043448482395e-48,4.736936415428257e-16
18.78,-4.690129962264777e-16,-4.6647639287735796e-48,-4.690129962264777e-16,-4.6647639287735796e-48,0.0
18.82,4.691146983993168e-18,-3.0844337169369784e-35,-4.6900227678547495e-16,-4.6645037732367254e-48,4.736934237694681e-16
18.86,4.6978349795196074e-18,-3.0761443664466813e-35,-4.689967048447123e-16,-4.6640323985853244e-48,4.736945398242319e-16
18.88,4.69429259122573e-18,-3.080553402821782e-35,-4.68997865763909e-16,-4.6641747490836963e-48,4.736921583551347e-16
18.92,4.697478080446742e-18,-3.076579003956108e-35,-4.689939345457746e-16,-4.664488745969382e-48,4.736914126262213e-16
18.96,4.7094745246144605e-18,-3.0615734953437654e-35,-4.689858131425182e-16,-4.663855661809461e-48,4.736952876671327e-16
18.98,4.715667920035164e-18,-3.053804975263111e-35,-4.689797976177959e-16,-4.6640320991372926e-48,4.736954655378311e-16
19.02,4.723019910559362e-18,-3.0445705641724386e-35,-4.689739434378796e-16,-4.664978803660124e-48,4.73696963348439e-16
19.06,4.7308710853430375e-18,-3.034686556594818e-35,-4.689652140411653e-16,-4.665620798368079e-48,4.736960851265083e-16
19.08,4.734299433375092e-18,-3.030360646528352e-35,-4.689607854541969e-16,-4.665613517338117e-48,4.73695084887572e-16
19.12,4.738774797911656e-18,-3.02469795697994e-35,-4.689542783337959e-16,-4.665602592277089e-48,4.736930531317075e-16
19.16,4.742323469027717e-18,-3.0202069337290596e-35,-4.689464608911395e-16,-4.6656294755193884e-48,4.736887843601672e-16
19.18,4.746317439886897e-18,-3.015145946524428e-35,-4.689458246741333e-16,-4.6664461647055447e-48,4.736921421140202e-16
19.22,4.7451747413205575e-18,-3.0165979676693065e-35,-4.689431018387849e-16,-4.667075401210855e-48,4.736882765801055e-16
19.26,4.754065897908179e-18,-3.0052767257401347e-35,-4.689339279311319e-16,-4.666481772687361e-48,4.736879938290401e-16
19.28,4.759997328466898e-18,-2.997710902471823e-35,-4.689292276509138e-16,-4.667609452680517e-48,4.736892249793807e-16
19.32,4.7680246582074435e-18,-2.987430731990319e-35,-4.689201436070477e-16,-4.667699762705735e-48,4.736881682652551e-16
19.36,4.769946266297168e-18,-2.9849645826005754e-35,-4.689198236844363e-16,-4.667516507334958e-48,4.736897699507334e-16
19.38,4.774203316687046e-18,-2.979494003292705e-35,-4.689158594954356e-16,-4.66748642581377e-48,4.736900628121227e-16
19.42,4.782616299883771e-18,-2.9686654065607587e-35,-4.689072074639163e-16,-4.667299429960934e-48,4.736898237638001e-16
19.46,4.7926518060424544e-18,-2.9557138612308086e-35,-4.688973754954632e-16,-4.6680155457320506e-48,4.736900273015056e-16
19.48,4.7895524736282286e-18,-2.959723366353059e-35,-4.688948501840555e-16,-4.667219465832957e-48,4.736844026576837e-16
19.52,4.794960357274576e-18,-2.9527176628528815e-35,-4.688883266772976e-16,-4.6666842484181463e-48,4.736832870345721e-16
19.56,4.7927007115972804e-18,-2.955654470683347e-35,-4.688909114956026e-16,-4.666842246859463e-48,4.736836122071999e-16
19.58,4.792901648036277e-18,-2.9553923850689877e-35,-4.688927303750551e-16,-4.6668803951995423e-48,4.736856320230913e-16
19.62,4.794693674840889e-18,-2.953056945371682e-35,-4.68888350502823e-16,-4.666596746530029e-48,4.736830441776639e-16
19.66,4.8007878211695064e-18,-2.9450788013805426e-35,-4.6888568520329695e-16,-4.667093881023341e-48,4.736864730244664e-16
19.68,4.8036180322625144e-18,-2.9413672728141006e-35,-4.688846413423909e-16,-4.6670508709815947e-48,4.736882593746534e-16
19.72,-4.688802335620454e-16,-4.6667574569251365e-48,-4.688802335620454e-16,-4.6667574569251365e-48,0.0
19.76,4.809272949396331e-18,-2.933937500082732e-35,-4.688826614380442e-16,-4.667297513671178e-48,4.736919343874405e-16
19.78,4.8108112107360294e-18,-2.9319088731891954e-35,-4.688823582361461e-16,-4.667305787105066e-48,4.736931694468821e-16
19.82,4.821730684864106e-18,-2.917492719385131e-35,-4.688718120331772e-16,-4.6675971716661394e-48,4.736935427180413e-16
19.86,4.828921384412019e-18,-2.9079712137190717e-35,-4.688578715768529e-16,-4.668413452039524e-48,4.736867929612649e-16
19.88,4.8276802156566964e-18,-2.9096188283585e-35,-4.688558479950338e-16,-4.666123444401668e-48,4.736835282106905e-16
19.92,4.8308200581102106e-18,-2.905442946878045e-35,-4.688511285108929e-16,-4.667750698093213e-48,4.736819485690031e-16
19.96,4.83389521683635e-18,-2.90134846848285e-35,-4.688461313231116e-16,-4.667265175460025e-48,4.736800265399479e-16
19.98,4.8387850607416014e-18,-2.8948270629578813e-35,-4.688431290450143e-16,-4.667304959956115e-48,4.736819141057559e-16
20.02,4.842840954837843e-18,-2.889416758554746e-35,-4.688375348861929e-16,-4.6680918448170385e-48,4.736803758410307e-16
20.06,4.846425494180073e-18,-2.8846089753108797e-35,-4.688331233689715e-16,-4.667996219239576e-48,4.736795488631516e-16
20.08,4.850681485245035e-18,-2.878904307914583e-35,-4.68826832560636e-16,-4.6677661001902685e-48,4.736775140458811e-16
20.12,4.862048243494468e-18,-2.8636287246859493e-35,-4.68814891906839e-16,-4.6685547534896866e-48,4.736769401503335e-16
20.16,4.870438903248028e-18,-2.8523311341776105e-35,-4.688056316030809e-16,-4.6689255025756406e-48,4.736760705063289e-16
20.18,4.872957515198715e-18,-2.8489392667281664e-35,-4.688026998614581e-16,-4.669037787727387e-48,4.736756573766569e-16
20.22,4.8700609422466e-18,-2.8528396046690565e-35,-4.688040105630664e-16,-4.6697142360859354e-48,4.736740715053131e-16
20.26,4.871188525324003e-18,-2.8513167155384287e-35,-4.688016061608513e-16,-4.66959465802423e-48,4.736727946861753e-16
20.28,4.86979173246896e-18,-2.853201168853312e-35,-4.687996833254544e-16,-4.669562099279428e-48,4.736694750579234e-16
20.32,-0.0002309999995012202,-3.1602802706953812e-21,-0.00016699943034563608,-4.9682343573566895e-37,6.400056915558411e-05
20.36,-0.0018909999985511684,-2.4812301188475498e-20,-0.00162699740193908,-1.047951489784633e-32,0.00026400259661208845
20.38,-0.003320999998076143,-4.216065465093953e-20,-0.002956996390812546,5.740791228058924e-33,0.00036400360726359694
20.42,-0.0073809999971260936,-8.066821152955984e-20,-0.006816994443490883,5.740846130907781e-33,0.0005640055536352108
20.46,-0.012974999996817362,-1.2065588249436992e-19,-0.012211992786276405,3.1919134267923914e-31,0.0007630072105409575
20.48,-0.015974999997473857,-1.2065344090887257e-19,-0.015211992605624588,-2.524222698884648e-32,0.0007630073918492696
20.52,-0.021974999998448378,-2.3431859605083277e-19,-0.021211992777396518,-2.5243088006313104e-32,0.0007630072210518604
20.56,-0.027974999999101302,-3.562008623892557e-19,-0.027211992940425974,-7.139092044819609e-31,0.0007630070586753281
20.58,-0.030974999999339572,-4.657599035057325e-19,-0.03021199301882568,-2.52939807204434e-32,0.0007630069805138924
20.62,-0.036974999999694655,-7.670490977594876e-19,-0.03621199316970521,-2.5292259308070376e-32,0.0007630068299894419
20.66,-0.04297499999993465,-9.861671799838024e-19,-0.042211993313052705,-2.5292259308070365e-32,0.0007630066868819438
20.68,-0.04597500000002333,-1.1012042952296692e-18,-0.045211993382033855,-2.5292259308070365e-32,0.0007630066179894757
20.72,-0.05197500000015226,-1.1751534128783415e-18,-0.05121199351483971,-2.519880871625165e-32,0.0007630064853125507
20.76,-0.057975000000243006,-1.3970105321646238e-18,-0.05721199364107726,-2.511104827561589e-32,0.0007630063591657424
20.78,-0.060975000000276426,-1.5065695732736194e-18,-0.06021199370183786,-2.5114489039691167e-32,0.0007630062984385691
20.82,-0.06697500000032446,-1.7886855080399645e-18,-0.06621199381884096,-2.5026555905136826e-32,0.0007630061814834915
20.86,-0.06997500000034379,-2.0078060318424247e-18,-0.07221199393007662,-2.5029996044086865e-32,0.002236993929732825
20.88,-0.07597500000037244,-2.4898716725241644e-18,-0.0752119939836218,-2.5029996044086887e-32,0.0007630060167506392
20.92,-0.08197500000038958,-3.3170559836898368e-18,-0.08121199408673616,2.7264481902970483e-30,0.0007630059136534278
20.96,-0.08797500000040138,-4.259279851682824e-18,-0.08721199418477653,-2.5034904719414226e-32,0.0007630058156248565
20.98,-0.09097500000040276,-4.7084794891399515e-18,-0.09021199423197074,-2.502802725278271e-32,0.0007630057684320235
21.02,-0.09697500000041215,-5.60687876405517e-18,-0.09621199432286395,-2.5028027235590027e-32,0.0007630056775481953
21.06,-0.10297500000041471,-6.505278038969394e-18,-0.10221199440928912,-2.5028027235590027e-32,0.0007630055911255901
21.08,-0.10597500000041753,-6.965433824696097e-18,-0.10521199445089534,-2.5028027235590027e-32,0.0007630055495221888
21.12,-0.11197500000042182,-7.874789247879896e-18,-0.11121199453102716,-2.5028027235590027e-32,0.0007630054693946592
21.16,-0.11797500000042235,-8.773188522793813e-18,-0.11721199460721685,-2.5028027235590027e-32,0.000763005393205507
21.18,-0.12097500000042254,-9.22238816025076e-18,-0.12021199464389509,-2.5028027235590027e-32,0.0007630053565274436
21.22,-0.12697500000042278,-1.0153655879972615e-17,-0.12621199471453634,-5.523677100850708e-30,0.0007630052858864367
21.26,-0.13297500000042406,-1.1084923599694614e-17,-0.13221199478170842,-1.3370947683365015e-18,0.00076300521871564
21.28,-0.13597500000042412,-1.152316708888221e-17,-0.13521199481404525,-2.6740689511824434e-18,0.0007630051863788678
21.32,-0.1419750000004242,-1.2443478660334708e-17,-0.1412119948763258,-5.347667534414461e-18,0.0007630051240984093
21.36,-0.1479750000004243,-1.3385702528325862e-17,-0.14721199493554663,-8.020818956447197e-18,0.0007630050648776698
21.38,-0.15097500000042421,-1.3845858314052096e-17,-0.15021199496405693,-9.357233919483725e-18,0.0007630050363672813
21.42,-0.15697500000042408,-1.76676129009619e-16,-0.15621199501896818,-1.2029755623502542e-17,0.0007630049814559003
21.46,-0.16297500000042406,-4.284155429107751e-16,-0.16221199507118272,-4.544187069584281e-17,0.0007630049292413343
21.48,-0.1659750000004239,-5.405188495609404e-16,-0.16521199509632042,-8.018827188224227e-17,0.0007630049041034703
21.52,-0.17197500000042348,-7.881606640093533e-16,-0.17121199514473562,-8.552765755776479e-17,0.0007630048556878655
21.56,-0.1779750000004231,-1.0185355887853084e-15,-0.17721199519077405,-1.5500705520083473e-16,0.0007630048096490538
21.58,-0.18097500000042296,-1.1428440446075022e-15,-0.18021199521293857,-1.8974299508130144e-16,0.0007630047874843948
21.62,-0.18697500000042294,-1.3856651538174273e-15,-0.18621199525562868,-2.592076673530721e-16,0.0007630047447942656
21.66,-0.1929750000004229,-1.628124710134466e-15,-0.1922119952962238,-3.2599109334382464e-16,0.0007630047041990995
21.68,-0.19597500000042256,-1.753835552935127e-15,-0.1952119953157676,-3.941148203110837e-16,0.0007630046846549554
21.72,-0.20197500000042207,-1.9853827855758963e-15,-0.20121199535341056,-4.956162572541405e-16,0.0007630046470115115
21.76,-0.2079750000004232,-2.2138951651460616e-15,-0.2072119953892028,-5.971054043834251e-16,0.0007630046112204192
21.78,-0.2109750000004183,-2.2653452349771527e-15,-0.21021199540643784,-6.638744589053796e-16,0.0007630045939804597
21.82,-0.21621199543963082,-7.346251962687569e-16,-0.21621199543963082,-7.346251962687569e-16,0.0
21.86,-0.22297500000042114,-2.5009243252979244e-15,-0.222211995471201,-8.708119648652227e-16,0.0007630045292201515
21.88,-0.22597500000041768,-2.562936122060663e-15,-0.22521199548639875,-9.388998367018743e-16,0.0007630045140189223
21.92,-0.23197500000041762,-2.686094179873026e-15,-0.23121199551567298,-1.0777359061220304e-15,0.0007630044847446449
21.96,-0.2379750000004208,-2.805099857491325e-15,-0.23721199554351183,-1.2165581494182501e-15,0.0007630044569089667
21.98,-0.24097500000042166,-2.8710339553345682e-15,-0.2402119955569144,-1.2846289716941819e-15,0.0007630044435072703
22.02,-0.24697500000041903,-2.9787000194940353e-15,-0.24621199558272658,-1.3860447454454018e-15,0.0007630044176924478
22.06,-0.25297500000041534,-3.108464634712706e-15,-0.25221199560727614,-1.4874524557855567e-15,0.0007630043931391994
22.08,-0.2559750000004212,-3.1603967750678338e-15,-0.25521199561909674,-1.5541751069703588e-15,0.0007630043813244836
22.12,-0.2619750000004212,-3.2894601967973513e-15,-0.26121199564186404,-1.6248640036419748e-15,0.00076300435855714
22.16,-0.2679750000004196,-3.3979041474839596e-15,-0.26721199566351816,-1.696884016517343e-15,0.0007630043369014627
22.18,-0.2709750000004206,-3.4633561748033486e-15,-0.27021199567394366,-1.7328925759356854e-15,0.0007630043264769126
22.22,-0.27697500000042163,-3.5833479057658574e-15,-0.27621199569402527,-1.8049069202205944e-15,0.0007630043063963643
22.26,-0.28297500000042164,-3.705574690975328e-15,-0.28221199571312156,-1.811510928008803e-15,0.0007630042873000842
22.28,-0.28597500000041565,-3.768616365675327e-15,-0.2852119957223161,-1.8488514012445616e-15,0.000763004278099555
22.32,-0.2919750000004163,-3.879426844388128e-15,-0.2912119957400303,-1.890161181109777e-15,0.0007630042603860021
22.36,-0.2979750000004184,-4.005882702829583e-15,-0.2972119957568762,-1.9314704930903745e-15,0.000763004243542198
22.38,-0.30097500000041716,-4.057639544812277e-15,-0.30021199576498636,-1.9688080384331e-15,0.0007630042354307975
22.42,-0.3069750000004157,-4.038773052609468e-15,-0.30621199578061403,-2.0434805984573223e-15,0.0007630042198016884
22.46,-0.3129750000004158,-3.953161705149762e-15,-0.31221199579547326,-1.8712623001381867e-15,0.000763004204942519
22.48,-0.3159750000004192,-3.910301250678515e-15,-0.31521199580262865,-1.7858270379642374e-15,0.0007630041977905733
22.52,-0.3219750000004152,-3.8246679909223325e-15,-0.3212119958164136,-1.6149691576557971e-15,0.0007630041840016033
22.56,-0.3279750000004148,-3.7391442926487885e-15,-0.3272119958295221,-1.444127441462984e-15,0.0007630041708927005
22.58,-0.33097500000041946,-3.6963714873636784e-15,-0.33021199583583816,-1.3573780317861875e-15,0.0007630041645813046
22.62,-0.3369750000004197,-3.6106724907178195e-15,-0.3362119958479992,-1.18789344019981e-15,0.0007630041524204767
22.66,-0.34297500000041947,-3.5249077571823493e-15,-0.34221199585956413,-1.0197572478514373e-15,0.000763004140855339
22.68,-0.34597500000041703,-3.4820473027111887e-15,-0.3452119958651348,-9.3702843170429e-16,0.0007630041352822414
22.72,-0.3519750000004164,-3.396414042954961e-15,-0.35121199587586405,-7.715803287185347e-16,0.00076300412455238
22.76,-0.35797500000041765,-3.310671221716013e-15,-0.35721199588606684,-6.061444079814943e-16,0.0007630041143508182
22.78,-0.3609750000004116,-3.267876504134521e-15,-0.36021199589098096,-5.234308269547647e-16,0.0007630041094306428
22.82,-0.3669750000004141,-3.182155595192093e-15,-0.3662119959004472,-3.6068019694592307e-16,0.0007630040999669352
22.86,-0.37297500000041706,-3.0965661600288917e-15,-0.37221199590945336,-1.9794012412291784e-16,0.0007630040909636926
22.88,-0.3759750000004157,-3.053705705557714e-15,-0.3752119959137894,-1.165738828670982e-16,0.0007630040866263288
22.92,-0.38197500000041307,-2.9679409720222825e-15,-0.38121199592214,4.6151322717119886e-17,0.0007630040782730663
22.96,-0.3879750000004115,-2.8821324138937588e-15,-0.38721199593008787,2.061993955366218e-16,0.0007630040703236474
22.98,-0.3909750000004154,-2.839271959422507e-15,-0.39021199593391476,2.862201491884157e-16,0.0007630040665006499
23.02,-0.3969750000004128,-2.7535291381836144e-15,-0.39621199594128614,4.462553620488659e-16,0.0007630040591266596
23.06,-0.4029750000004114,-2.667786316944704e-15,-0.4022119959483007,6.04948714212403e-16,0.0007630040521107162
23.08,-0.40588399999450453,-1.1456899960994997e-07,-0.40512699586436857,6.768012971190968e-16,0.0007570041388057017
23.12,-0.4099869958780295,-8.252941222474416e-07,-0.4099869958780295,-8.252941222474416e-07,0.0
23.16,-0.413603948491224,-2.1763107526822104e-05,-0.41324698454062764,-9.365378595172098e-06,0.00035717917871570906
23.18,-0.41453389561889065,-3.16185760919975e-05,-0.4142769615871217,-1.686788398335974e-05,0.0002573571052035249
23.22,-0.41519981017690427,-4.218486228785375e-05,-0.41514288276324646,-3.055517906033831e-05,5.8103183714322335e-05
23.26,-0.41519981017691665,-4.2184862288242404e-05,-0.4151638826914786,-3.07176680465462e-05,3.7713137680117615e-05
23.28,-0.41519981017692276,-4.218486228851048e-05,-0.41516388987316405,-3.027265284794952e-05,3.7844008189852244e-05
23.32,-0.41519981017693497,-4.218486228921857e-05,-0.4151639163571381,-2.9086808410514056e-05,3.8208969038934156e-05
23.36,-0.4151998101769244,-4.218486228837418e-05,-0.415163968026968,-2.745922801179685e-05,3.8749245390687924e-05
23.38,-0.4151998101769173,-4.218486228769488e-05,-0.4151640075343476,-2.6463767477449208e-05,3.910219989982599e-05
23.42,-0.4151998101769031,-4.2184862286057066e-05,-0.41516412398764574,-2.4085818032601422e-05,4.001349155723786e-05
23.46,-0.41519981017688895,-4.2184862284067806e-05,-0.41516430068996596,-2.121135275217673e-05,4.124089916112885e-05
23.48,-0.4151998101768819,-4.2184862282936366e-05,-0.4151644147207788,-1.9600996665411926e-05,4.198653711579953e-05
23.52,-0.4151998101768675,-4.2184862280413e-05,-0.41516469964936115,-1.6058973013462456e-05,4.3764268893299265e-05
23.56,-0.41519981017685303,-4.218486227753792e-05,-0.41516506691108984,-1.2120237669073057e-05,4.594536068788413e-05
23.58,-0.41519981017684576,-4.2184862275971966e-05,-0.4151652836052107,-1.0013513059356949e-05,4.719194697496342e-05
23.62,-0.41519981017683133,-4.2184862272585034e-05,-0.41516578693862555,-5.547091303990989e-06,4.999906998689651e-05
23.66,-0.41519981017681695,-4.21848622688384e-05,-0.415166387926621,-7.709795898582505e-07,5.321800904494005e-05
23.68,-0.41519981017680974,-4.218486226683179e-05,-0.41516672647764646,1.7232860200586475e-06,5.497687364983074e-05
23.72,-0.4151998101767955,-4.218486226257655e-05,-0.4151674821022775,6.905353639262064e-06,5.8778854185262485e-05
23.76,-0.4151998101767811,-4.2184862257971805e-05,-0.41516834505640765,1.2321527912054148e-05,6.293647884559701e-05
23.78,-0.41519981017677393,-4.2184862255555884e-05,-0.41516881759445223,1.5108809945815305e-05,6.513912060571144e-05
23.82,-0.41519981017675955,-4.218486225044421e-05,-0.41516984603414786,2.0825435844996146e-05,6.977211125177573e-05
23.86,-0.41519981017674534,-4.2184862244977235e-05,-0.4151709868054455,2.671081060945746e-05,7.468199562915726e-05
23.88,-0.4151998101767387,-4.218486224213455e-05,-0.41517159961486444,2.9709370802232204e-05,7.723092998467758e-05
23.92,-0.4151998101767254,-4.218486223621395e-05,-0.415172910367655,3.580419035070234e-05,8.249783058619347e-05
23.96,-0.4151998101767123,-4.218486222994511e-05,-0.41517433462850234,4.201153144658161e-05,8.796610861423506e-05
23.98,-0.4151998101767057,-4.218486222668338e-05,-0.4151750892073837,4.515104859749388e-05,9.076721678947414e-05
24.02,-0.4151998101766925,-4.2184862219944525e-05,-0.41517668277682457,5.148976403103536e-05,9.648736822979377e-05
24.06,-0.4151998101766793,-4.2184862212876455e-05,-0.4151783879400013,5.789291524266547e-05,0.00010234487659247718
24.08,-0.4151998101766727,-4.2184862209245537e-05,-0.41517928191923414,6.11132486712143e-05,0.00010531813265024463
24.12,-0.4151998101766594,-4.2184862201695715e-05,-0.4151811515748079,6.75812302705916e-05,0.00011134064163497619
24.16,-0.41519981017664637,-4.218486219385305e-05,-0.4151831284543252,7.407281018601924e-05,0.00011744839822997248
24.18,-0.4151998101766403,-4.218486218984059e-05,-0.4151841563921553,7.732288283179404e-05,0.00012052859448637081
24.22,-0.4151998101766283,-4.21848621815626e-05,-0.41518628968950555,8.382300213783429e-05,0.00012673115419017014
24.26,-0.41519981017661634,-4.218486217299053e-05,-0.41518852393264477,9.031232373921382e-05,0.00013297700394293335
24.28,-0.4151998101766103,-4.2184862168562815e-05,-0.4151896779989428,9.354911326865256e-05,0.00013611162004867962
24.32,-0.41519981017659824,-4.2184862159591815e-05,-0.4151920580874454,9.999978584429686e-05,0.0001423958181065127
24.36,-0.4151998101765869,-4.2184862150236736e-05,-0.4151945314043016,0.00010641097734326659,0.0001486895724374071
24.38,-0.41519981017658136,-4.21848621454368e-05,-0.41519580196725503,0.00010959860488030034,0.00015183638103022856
24.42,-0.41519981017657026,-4.2184862135994554e-05,-0.41519840870951547,0.0001159320225440623,0.00015812309550104333
24.46,-0.41519981017656016,-4.218486212658495e-05,-0.41520109992355814,0.00012220233026306686,0.00016439225185230355
24.48,-0.4151998101765546,-4.2184862121446384e-05,-0.41520247605015526,0.00012531123746105664,0.0001675173133064353
24.52,-0.4152052869754139,0.00013147177203075728,-0.4152052869754139,0.00013147177203075728,0.0
24.56,-0.41519981017653257,-4.218486210038293e-05,-0.41520817291607554,0.00013755002815385342,0.00017992933665015798
24.58,-0.4151998101765277,-4.21848620949845e-05,-0.4152096427965401,0.0001405562342968135,0.00018300543359907377
24.62,-0.4151998101765179,-4.2184862083985966e-05,-0.4152126339076353,0.000146498996756502,0.00018911913352886363
24.66,-0.41519981017650803,-4.2184862072749206e-05,-0.4152156901637269,0.00015234423653004534,0.00019517618757749849
24.68,-0.4151998101765033,-4.2184862066989924e-05,-0.4152172414689853,0.00015522866820483336,0.00019818161340542402
24.72,-0.4151998101764943,-4.2184862055385105e-05,-0.41522038792043126,0.00016091820884929083,0.00020414284448994
24.76,-0.4151998101764853,-4.218486204364614e-05,-0.4152235894711572,0.0001664984234086997,0.00021003373177249003
24.78,-0.41519981017648083,-4.218486203767406e-05,-0.4152252096514531,0.00016924631004543647,0.00021295134152501746
24.82,-0.41519981017647234,-4.2184862025572276e-05,-0.41522848631432857,0.0001746554466128586,0.0002187282339634268
24.86,-0.41519981017646396,-4.218486201324307e-05,-0.4152318080529106,0.00017994645896451714,0.00022442412494297348
24.88,-0.41519981017645974,-4.218486200701564e-05,-0.41523348458481474,0.00018254678820873966,0.00022724057821339014
24.92,-0.4151998101764519,-4.2184861994440366e-05,-0.41523686651247355,0.00018765555029655147,0.0002328084774260624
24.96,-0.41519981017644414,-4.2184861981655536e-05,-0.4152402836757728,0.0001926400032296396,0.00023828726669591717
24.98,-0.41519981017644053,-4.2184861975171404e-05,-0.4152420042640612,0.00019508503069890108,0.00024099241274303185
25.02,-0.4151998101764336,-4.218486196207221e-05,-0.4152454670711767,0.00019987970989634015,0.00024633272008927406
25.06,-0.4151998101764302,-4.218486195550823e-05,-0.41524895558726704,0.00020454615567456805,0.00025157795306245443
25.08,-0.41519981017642366,-4.218486194243329e-05,-0.4152507083274421,0.0002068309641778641,0.0002541643236873937
25.12,-0.41519981017641827,-4.2184861931572124e-05,-0.41525422743957646,0.0002113027514582969,0.00025926281775781016
25.16,-0.41519981017641483,-4.218486192357238e-05,-0.4152577462808493,0.00021563660322237112,0.0002642508279779761
25.18,-0.4151998101764136,-4.2184861920567506e-05,-0.4152594968769534,0.00021774857283047064,0.00026669813033240313
25.22,-0.4151998101764115,-4.2184861916167875e-05,-0.4152629640452684,0.0002218576244610834,0.00027149004726486226
25.26,-0.4152663654820422,0.0002258085266484321,-0.4152663654820422,0.0002258085266484321,0.0
25.28,-0.4151998101764099,-4.218486191241236e-05,-0.4152680343903394,0.00022772326224015327,0.00027839708843638023
25.32,-0.4151998101764098,-4.2184861911715016e-05,-0.415271295378304,0.00023142936108376107,0.000282798297581993
25.36,-0.4151998101764098,-4.2184861911533954e-05,-0.415274437789284,0.00023496929910572168,0.0002870256252889053
25.38,-0.4151998101764098,-4.218486191148219e-05,-0.4152759589434096,0.000236676566641577,0.00028907149816307043
25.42,-0.4151998101764098,-4.218486191132699e-05,-0.4152788910493285,0.0002399653246865464,0.0002930230575548718
25.46,-0.4151998101764097,-4.2184861910500614e-05,-0.4152816641458933,0.00024308624297277436,0.00029678220229916347
25.48,-0.4151998101764096,-4.218486190962429e-05,-0.4152829869756371,0.00024458378049923283,0.000298587732833664
25.52,-0.4151998101764085,-4.2184861907106194e-05,-0.4152854980132178,0.00024745311533226817,0.0003020472864244467
25.56,-0.4151998101764064,-4.2184861902631875e-05,-0.41528782126501484,0.00025015489607811404,0.0003053006482375791
25.58,-0.4151998101764053,-4.2184861899603224e-05,-0.41528890976705446,0.0002514429476257412,0.00030684854176043103
25.62,-0.4151998101764016,-4.2184861891558023e-05,-0.4152909360373741,0.00025389319784387387,0.00030978402152899155
25.66,-0.4151998101763965,-4.218486188060503e-05,-0.41529275654917847,0.00025617511577453057,0.0003125023271588471
25.68,-0.41519981017639335,-4.2184861874115596e-05,-0.41529358823225865,0.00025725263940841713,0.0003137788089342592
25.72,-0.4151998101763867,-4.2184861860909566e-05,-0.41529509321191893,0.0002592802624728192,0.000316164637570032
25.76,-0.4151998101763798,-4.218486184782314e-05,-0.4152963957829209,0.0002611418598848718,0.0003183329695586236
25.78,-0.41519981017637614,-4.218486184132161e-05,-0.41529697581252983,0.00026201255017438153,0.0003193387328937782
25.82,-0.4151998101763684,-4.218486182857437e-05,-0.4152980022028418,0.00026363791041347486,0.0003211996919126177
25.86,-0.4151998101763606,-4.218486181601314e-05,-0.41529886158204327,0.00026511403344022677,0.00032286807211834767
25.88,-0.4151998101763564,-4.218486180976985e-05,-0.41529923266964924,0.00026579813331102496,0.00032363305989367903
25.92,-0.41519981017634794,-4.218486179745599e-05,-0.41529986529568674,0.00026706231354835355,0.00032503052528226373
25.96,-0.41519981017633917,-4.2184861785392384e-05,-0.4153003615530732,0.00026819287406130326,0.0003262589742404513
25.98,-0.4151998101763347,-4.218486177942828e-05,-0.41530056202247373,0.00026870990748479684,0.0003268126253012159
26.02,-0.41519981017632557,-4.218486176768373e-05,-0.4153008742476653,0.0002696511058138255,0.00032780423608193726
26.06,-0.4151998101763166,-4.2184861756096015e-05,-0.4153010765447791,0.00027047318728519167,0.0003286486467519569
26.08,-0.41519981017631163,-4.2184861750345536e-05,-0.4153011394651542,0.0002708412848761919,0.0003290182263176225
26.12,-0.4151998101763019,-4.218486173914732e-05,-0.41530119452782793,0.0002714949538287701,0.0003296571149377377
26.16,-0.41519981017629215,-4.218486172816671e-05,-0.4153011623939885,0.0002720429483601532,0.00033016872756951347
26.18,-0.41519981017628727,-4.218486172281741e-05,-0.4153011161962437,0.00027227891512545473,0.00033037914072939933
26.22,-0.4151998101762762,-4.2184861712166874e-05,-0.41530096840042163,0.00027267789570540376,0.0003307136863222474
26.26,-0.4151998101762651,-4.218486170173255e-05,-0.41530075286976353,0.0002729836361908659,0.00033093898143705047
26.28,-0.41519981017625956,-4.218486169662277e-05,-0.4153006218956497,0.00027310301693795496,0.0003310127628661589
26.32,-0.41519981017624935,-4.218486168726904e-05,-0.41530031767194553,0.0002732776681423073,0.00033108664185918713
26.36,-0.4151998101762382,-4.218486167777411e-05,-0.41529996229638766,0.0002733705561241775,0.00033106746876520097
26.38,-0.4151998101762326,-4.2184861673002225e-05,-0.41529976728768553,0.00027338769878530614,0.00033102487073364824
26.42,-0.41519981017622115,-4.21848616636508e-05,-0.4152993461383631,0.0002733660230857483,0.00033087727124366597
26.46,-0.41529888788990954,0.00027327315272096113,-0.41529888788990954,0.00027327315272096113,0.0
26.48,-0.4151998101762031,-4.218486165026787e-05,-0.41529864642414505,0.00027320126978271954,0.0003305102355563371
26.52,-0.41519981017619106,-4.218486164171797e-05,-0.4152981417648281,0.00027300903490082594,0.000330176155622351
26.56,-0.41519981017617896,-4.2184861633462436e-05,-0.41529761183911135,0.0002727553133280857,0.00032977640770247686
26.58,-0.41519981017617297,-4.218486162947618e-05,-0.41529733871754504,0.000272606541497856,0.0003295534006273315
26.62,-0.4151998101761598,-4.218486162164174e-05,-0.4152967786266515,0.00027226739872231686,0.0003290639822681617
26.66,-0.4151998101761467,-4.2184861614156515e-05,-0.41529620315828447,0.0002718756630395054,0.0003285203496758519
26.68,-0.41519981017614,-4.218486161049623e-05,-0.4152959107512793,0.00027166112123813257,0.0003282295256254814
26.72,-0.4151998101761268,-4.218486160345201e-05,-0.41529531863704794,0.00027119672042779833,0.00032761239607795274
26.76,-0.4151998101761135,-4.218486159673736e-05,-0.41529471933619666,0.0002706878514002557,0.00032695119392011236
26.78,-0.4151998101761069,-4.2184861593487915e-05,-0.4152944178905053,0.00027041769713352187,0.00032660523471977985
26.82,-0.4151998101760937,-4.218486158724364e-05,-0.4152938130843784,0.0002698477985019789,0.000325884838138167
26.86,-0.41519981017608043,-4.2184861581347894e-05,-0.41529320780292467,0.0002692408310719413,0.0003251293261837765
26.88,-0.41519981017607377,-4.218486157851774e-05,-0.41529290571493704,0.00026892431520903127,0.00032473943283449567
26.92,-0.41519981017605956,-4.218486157308591e-05,-0.41529230399910855,0.0002682668979294026,0.00032393734313970144
26.96,-0.4151998101760451,-4.218486156799913e-05,-0.415291707233856,0.00026757912855257835,0.0003231080296274243
26.98,-0.415199810176038,-4.218486156559567e-05,-0.4152914112924089,0.00026722464851812276,0.0003226840706490381
27.02,-0.4151998101760236,-4.218486156099913e-05,-0.4152908253684977,0.0002664960161529312,0.00032181928085082707
27.06,-0.41519981017600943,-4.218486155676977e-05,-0.4152902487080739,0.0002657431069531242,0.0003209342017806877
27.08,-0.41519981017600227,-4.218486155478347e-05,-0.41528996431003506,0.00026535825832501355,0.0003204848490468811
27.12,-0.41519981017598795,-4.218486155105587e-05,-0.41528940421509253,0.0002645731410598315,0.00031957403525457767
27.16,-0.4150645266407485,0.0004023108900008662,-0.4150645266407485,0.0004023108900008662,0.0
27.18,-0.41409778384132545,0.0001983872183156727,-0.41447345561272897,0.0006121570185160116,0.0005588691505059891
27.22,-0.41144955407563955,0.0007243875984101651,-0.41211067727588546,0.0012595571106483714,0.0008505823256644133
27.26,-0.40721869237910074,0.00149214387738356,-0.408164710935306,0.00216355687882398,0.0011600631565513505
27.28,-0.404507949595644,0.001955120123641233,-0.40559565691252375,0.0026976590700285973,0.0013169932779235345
27.32,-0.3992625726215509,0.0039100900851292975,-0.3992625726215509,0.0039100900851292975,0.0
27.36,-0.3896886015225504,0.004274771296007131,-0.39133445963966634,0.0052992957133410085,0.0019386849211230042
27.38,-0.38498882099298304,0.004963637728389269,-0.3867720994404898,0.006057463356528625,0.0020920173340860616
27.42,-0.3750897760434725,0.0063595185783236665,-0.37695388779018135,0.007493289816976382,0.0021818225926536925
27.46,-0.365178110000803,0.007685595188339008,-0.36703647741933265,0.008841666727417343,0.002188613914266155
27.48,-0.3602189505622366,0.00832333709095716,-0.3620744288715369,0.009490042497006319,0.0021918031984620194
27.52,-0.35029455652276087,0.0095505536645771,-0.3521442304924263,0.010737434511133013,0.002197721533311089
27.56,-0.3403626266865755,0.010715223260582864,-0.34220655631351377,0.011921469408912547,0.002203430561524645
27.58,-0.3353940696640027,0.011275065448457296,-0.3372351267169209,0.01249046129194191,0.002206054878841308
27.62,-0.32545221962656523,0.012351794750381052,-0.3272875563222652,0.013584549522471508,0.002210914994904746
27.66,-0.31550449561665467,0.013372843060452482,-0.3173342154631568,0.014622263655396218,0.002215609744461651
27.68,-0.31052861450484787,0.013863345859361742,-0.3123555546359279,0.015120719631301386,0.0022178140239687504
27.72,-0.3005731676565851,0.014806141929068989,-0.3023946053282459,0.01607859242577211,0.002221883313386464
27.76,-0.29061314952180345,0.015699362003885397,-0.2924292213014553,0.016986366653935537,0.002225870094614375
27.78,-0.2856315707843358,0.01612815353463071,-0.28744499092673365,0.017422006368117606,0.0022276776624045543
27.82,-0.2756655525401433,0.016951750115422694,-0.27747374808967074,0.018258569807969666,0.0022309972779363464
27.86,-0.2656959885465041,0.01773126215218843,-0.2674991067903964,0.01905055580666664,0.0022342271926112794
27.88,-0.2607099904328816,0.018105179314107135,-0.26251061444153817,0.01943038380582582,0.002235713256529504
27.92,-0.25073577487038573,0.018822737275127836,-0.2525315061165974,0.020159176693381232,0.0022384639883818646
27.96,-0.2407588060118549,0.01950094734517357,-0.2425498078241041,0.020848336849652267,0.0022412375974579894
27.98,-0.23576937888081415,0.01982592417398077,-0.23755805859078039,0.021178416428341652,0.002242456332451336
28.02,-0.2257888128237123,0.02044897771671636,-0.22757294885610574,0.02181113999465854,0.0022446887208549065
28.06,-0.21580613230133172,0.021037189747803046,-0.21758587863376855,0.022408641098499604,0.0022468590999770656
28.08,-0.21081406765392297,0.021318765770370715,-0.21259167332578197,0.02269467235798605,0.002247888089400485
28.12,-0.20082862047272537,0.02185798854720094,-0.20260204778588056,0.023242348701816948,0.0022497772051323873
28.16,-0.19084154736848893,0.02236621561560275,-0.19261094714915677,0.02375870656842655,0.0022516231117848153
28.18,-0.1858474532154288,0.02260915419079085,-0.18761489405521217,0.024005578132910616,0.002252520132709012
28.22,-0.175858252737723,0.023073705564679175,-0.1776218783269045,0.024477623160185005,0.002254187178072545
28.26,-0.16586780721063477,0.02351066989961652,-0.16762776347376868,0.024921838861059517,0.002255846600698811
28.28,-0.16087215848448383,0.02371921322899528,-0.16263033111680333,0.02513386258827727,0.0022566355077314193
28.32,-0.15088008909245823,0.024117330058401682,-0.15263479370542857,0.025538628848030126,0.002258113931620515
28.36,-0.1408870727580685,0.02449093028049773,-0.14263844545626606,0.02591863393944179,0.0022595672297486638
28.38,-0.1358902418902062,0.024668914998747658,-0.137639998333085,0.026099728746559345,0.0022602821926305415
28.42,-0.12589599572591909,0.02500803492527739,-0.12764261265044616,0.026444772650439038,0.002261611366249089
28.46,-0.11590103270517801,0.025325330655639595,-0.11764463757693465,0.02676779348375492,0.0022629310549170368
28.48,-0.11090330691377184,0.025476111023074094,-0.11264545206765365,0.02692135810074773,0.0022635831888221073
28.52,-0.1009074147689808,0.02576265528798354,-0.10264672820667435,0.02721323321593079,0.0022648151270223166
28.56,-0.090910983781068,0.026029745972113442,-0.09264758488327707,0.027485540426472332,0.002266080510823885
28.58,-0.08591258612960552,0.026156313102469318,-0.08764787154206895,0.027614562230836096,0.0022666508295480434
28.62,-0.07591546347137404,0.026396131276645,-0.07764819796353244,0.02785904271435052,0.002267703396585421
28.66,-0.06591794143584159,0.026618683738360356,-0.06764823390338516,0.02808612711750669,0.002268766646052084
28.68,-0.06091904572443049,0.026723756712153778,-0.06264815610203002,0.02819338886998584,0.0022692821281754504
28.72,-0.050921012723837,0.026922038375214438,-0.052647833510295325,0.028395849650739564,0.002270248819933522
28.76,-0.040922686991416796,0.027104970085329798,-0.04264731696924036,0.02858281576028584,0.0022712059350472784
28.78,-0.035923425900903735,0.02719092059472757,-0.03764699663849852,0.02867074661116707,0.002271691248040593
28.82,-0.025924728391251355,0.027352264625714013,-0.027646248868607903,0.028835875824289148,0.0022726053204407187
28.86,-0.015925819100994103,0.0274999065378278,-0.017645379689151672,0.028987216295838395,0.0022735388566326154
28.88,-0.010926293813500989,0.027568798122176795,-0.01264490657853527,0.029057882781682403,0.00227398393998588
28.92,-0.0009271185918353379,0.027697180646519954,-0.0026438979255829155,0.029189665618866573,0.0022748280536038904
28.96,0.009072205543347981,0.027813392262936977,0.00735717793120601,0.02930919698561651,0.0022756870344578994
28.98,0.01407191679710335,0.027867120381670513,0.01235773565335669,0.0293645390660276,0.00227611065412873
29.02,0.024071425333872947,0.02796621050508335,0.02235888073982692,0.02946672590935164,0.002276917975036146
29.06,0.03407103557202977,0.028054447433714116,0.03236005382525887,0.029557996650667027,0.002277744231818603
29.08,0.03907087377191768,0.028094664912078127,0.03736064711654072,0.029599670455806897,0.002278138911352029
29.12,0.0490706069725258,0.028167657210789645,0.04736183957728304,0.029675456336067045,0.0022788910051233313
29.16,0.05907040594134773,0.02823100734963034,0.05736303155355961,0.02974154079789389,0.002279657561652149
29.18,0.06407032633701652,0.02825921404113427,0.06236362458727553,0.029771079883775177,0.002280037102486109
29.22,0.07407020211517966,0.028308993695960537,0.07236479974396645,0.02982342827252841,0.0022807694610468506
29.26,0.0840701170049745,0.028350180785370927,0.08236595462597707,0.029867130524209418,0.0022815139544066737
29.28,0.08907008634642649,0.02836768071304601,0.08736652253367266,0.029885863210584993,0.00228188688588152
29.32,0.09907004378099961,0.028396771006682527,0.09736763589504158,0.029917337780905957,0.0022826116456910366
29.36,0.1090700205570442,0.02841821544717765,0.10736871548033977,0.029941115312208017,0.0022833446877179525
29.38,0.11407001417437726,0.028426188084782977,0.1123692413380731,0.029950227832335318,0.0022837086926378067
29.42,0.12407000826013385,0.028436877868315624,0.12237026301019173,0.02996311921313695,0.0022844138323304787
29.46,0.13407000732242058,0.028440764515984106,0.13237124220351415,0.029969157565125377,0.0022851232443517203
29.48,0.13907000727438637,0.028440250743195995,0.137371715092923,0.029969712550725235,0.002285486765288786
29.52,0.14907000547719912,0.028434526622375524,0.14737262619597638,0.029966058252230594,0.002286194558118523
29.56,0.15906999839227598,0.02842274507461828,0.15737348968661005,0.029956293196961487,0.002286900004797468
29.58,0.16406999186637533,0.028414676982849076,0.1623739031751063,0.02994921622973356,0.002287253276067055
29.62,0.17237469302196917,0.02993083298994423,0.17237469302196917,0.02993083298994423,0.0
29.66,0.1840699379694386,0.02836866587301104,0.1823754327611601,0.029907014763368763,0.0022886382871366477
29.68,0.18906991606439183,0.028353869982936524,0.18737578369631952,0.029893145033402124,0.0022889849631520446
29.72,0.1973764475715106,0.0298616383493218,0.1973764475715106,0.0298616383493218,0.0
29.76,0.2090697877377932,0.02828244032397775,0.20737706074108717,0.029825290651939274,0.0022903518986977516
29.78,0.21406974448022004,0.02826164447694589,0.21237734835738145,0.029805370378912642,0.002290697338585378
29.82,0.22406964357070056,0.028216738019609913,0.22237788586722998,0.029762174005479307,0.0022913787364100555
29.86,0.23406952248602786,0.02816754225028249,0.2323783734254321,0.029714665081754226,0.0022920676693359257
29.88,0.23906945413771943,0.028141400426419952,0.23737859862751767,0.029689349917696117,0.0022924092095264748
29.92,0.24906930154849966,0.028086169084597847,0.24737901237134216,0.02963572992422894,0.0022930800897774974
29.96,0.25906912715152086,0.02802712031083647,0.2573793778738115,0.029578272599295883,0.002293758061241905
29.98,0.26406903168399914,0.027996223698206858,0.26237954279315157,0.029548157796068654,0.002294095062634391
30.02,0.27406882414676964,0.027931805539822156,0.2723798375702676,0.029485264308139816,0.0022947570242766494
30.06,0.28406859413135677,0.027863987079141606,0.2823800863834669,0.0294189471618636,0.0022954213716751223
30.08,0.2890684706777637,0.027828852086746958,0.2873801939033971,0.02938455714680758,0.0022957562372264094
30.12,0.299068207010329,0.027756240203634177,0.29738037581626303,0.029313403017834506,0.002296416810944914
30.16,0.30906792087324564,0.02768059674349137,0.3073805144983063,0.02923920444520419,0.0022970847267840405
30.18,0.3140677694530637,0.02764168482262818,0.31238056796424873,0.029201003993160734,0.0022974170582307748
30.22,0.3240674501399206,0.02756177532361293,0.3223806438917517,0.029122486583538807,0.0022980720083846623
30.26,0.33406710885566365,0.027479161818798704,0.33238067941966587,0.029041248746696183,0.0022987300435040174
30.28,0.3390669301104559,0.027436884313100346,0.3373806824037589,0.028999648177763262,0.0022990568120507793
30.32,0.3490665567021645,0.027350469489670147,0.3473806595769707,0.02891456027649593,0.002299701960291849
30.36,0.3590661621605838,0.02726164259648056,0.3573805993112022,0.028827047132547443,0.002300350729944062
30.38,0.3640659571193181,0.027216361868058373,0.36238055551010845,0.028782415380867624,0.0023006742901394584
30.42,0.37406553186396363,0.027124141878617686,0.3723804413310962,0.02869146966426663,0.0023013140793091695
30.46,0.3840650865576807,0.027029772590987444,0.3823802926587716,0.02859836152573394,0.0023019560656125475
30.48,0.3890648565612149,0.026981815412069957,0.38738020575140564,0.028551027078241566,0.0023022757446144793
30.52,0.3990643822744637,0.026884423458146126,0.3973800075326179,0.028454858109440595,0.002302907567609837
30.56,0.40906388912922265,0.02678511398987968,0.40737977770927064,0.028356763009071962,0.002303543338932615
30.58,0.4140636356491131,0.02673476798688336,0.41237965126640513,0.02830701733649846,0.0023038601126304046
30.62,0.4240631153000418,0.026632755937357585,0.42237937606650167,0.02820618809366887,0.002304488350388596
30.66,0.4340625773731567,0.026529035074064726,0.43237907200605785,0.028103641003659655,0.002305119119387556
30.68,0.43906230199006335,0.02647655896716391,0.43737890947760855,0.028051746712518106,0.0023054341855934524
30.72,0.4490617388017191,0.02637043051110062,0.4473785640912438,0.027946764734268784,0.002306058691602359
30.76,0.4590611593112499,0.026262776949823596,0.45737819245661415,0.027840252028184763,0.00230668703049485
30.78,0.46406086363442506,0.026208401676279507,0.4623779970756065,0.027786440151051334,0.002306999194332323
30.82,0.47406026081527214,0.0260986024968554,0.47237758784655987,0.02767775160690766,0.0023076178694519207
30.86,0.48405964299466253,0.025987445467721415,0.48237715477911164,0.02756769573110371,0.0023082368791758428
30.88,0.4890593286256663,0.025931377805343648,0.48737692962346674,0.027512176688628185,0.0023085474896557285
30.92,0.499058689334135,0.025818305729373867,0.4973764625806892,0.02740018842630648,0.002309164289708214
30.96,0.5090580362394659,0.02570401946443537,0.5073759739368531,0.027286978225944995,0.002309781814481876
30.98,0.5140577046807672,0.02564643934292405,0.5123757217832525,0.02722993202701209,0.0023100899437234258
31.02,0.5240570318969354,0.02553044312575437,0.5223752023480447,0.02711499148670614,0.002310702088049637
31.06,0.5340563464753272,0.02541336251559853,0.5323746633963716,0.026998960343790523,0.002311315307527857
31.08,0.5390559991821938,0.02535443200226322,0.5373743868350028,0.02694054985524241,0.002311620628425981
31.12,0.5490552957746772,0.025235825194983724,0.5473738200609943,0.026822971837089975,0.0023122272897045195
31.16,0.5590545808441654,0.025116250845991884,0.557373235699479,0.026704421512189047,0.0023128353941708436
31.18,0.564054219189454,0.025056114235098344,0.5623729371318937,0.02664479383366413,0.0023131390412106973
31.22,0.5740534878223374,0.024935173162815433,0.5723723276854106,0.02652486160816196,0.002313743451478629
31.26,0.5840527459766665,0.024813368794348985,0.5823717023765463,0.02640405928211075,0.0023143473838990875
31.28,0.5890523712533853,0.024752155323807146,0.5873713839850097,0.026343344365655882,0.002314649166362029
31.32,0.5990516145014916,0.024629133318099707,0.5973707361375005,0.026221311176861814,0.00231524996673485
31.36,0.6090508482471078,0.024505341340435482,0.6073700740469696,0.02609850291235718,0.002315850968024057
31.38,0.6140504616762239,0.024443167739161956,0.61236973785454,0.026036819447087925,0.002316151620889967
31.42,0.6240496819136345,0.024318289387075306,0.6223690555256172,0.025912913600595312,0.002316750189045978
31.46,0.6340488935253291,0.024192722245682363,0.6323683603995776,0.025788315356280952,0.0023173495552760246
31.48,0.6390484962114509,0.02412969067598415,0.6373680081944714,0.025725765158195458,0.00231764831844217
31.52,0.6490476955872022,0.024003152890457725,0.6473672948557188,0.0256001833059733,0.0023182434657412466
31.56,0.6590468871518583,0.023875999348134693,0.657366570022379,0.025473982227511283,0.002318839135947651
31.58,0.6640464801158433,0.023812201285792017,0.66236620344053,0.02541065739716592,0.002319135969621152
31.62,0.6740456606245092,0.02368418125274507,0.6723654622680708,0.02528357762599819,0.002319727414105703
31.66,0.6790452482068549,0.023619962837304526,0.6823647107876948,0.025155944632336086,0.0036576046670279776
31.68,0.6890444182279389,0.02349112624894032,0.6873643312976923,0.025091926527568188,0.0023206149239459735
31.72,0.6990435816630826,0.02336177951915016,0.6973635651394174,0.02496350602951357,0.002321202992801097
31.76,0.709042738731375,0.02323194152610914,0.7073627897523714,0.02483459185987258,0.002321791692716479
31.78,0.7140423149658892,0.02316684564154007,0.7123623987064871,0.024769955191009337,0.0023220850256188185
31.82,0.7240414630272547,0.02303631583545041,0.72236161018512,0.02464033845723582,0.00232266961542689
31.86,0.7340406053565292,0.022905347657288983,0.7323608133985319,0.024510280517150693,0.0023232542923270834
31.88,0.7390401744453197,0.02283970525083979,0.7373604120158628,0.024445092001776397,0.0023235465219137953
31.92,0.7490393086424524,0.02270811765840377,0.7473596034938892,0.024314408002028727,0.002324129526109181
31.96,0.7590384376744801,0.022576138157291595,0.757358787572065,0.02418332950762166,0.002324712563548204
31.98,0.7640380003251475,0.022510007216312307,0.7623583769351273,0.024117647595944237,0.0023250037252713954
32.02,0.774037122045706,0.022377474930394516,0.7723575505087349,0.023986009261830952,0.002325584494963153
32.06,0.7840362391126091,0.022244592002016995,0.7823567174545519,0.02385401771811866,0.002326165113557613
32.08,0.7890357959684381,0.0221780244064317,0.7873562985328643,0.023787894351707684,0.00232645500210126
32.12,0.7990349064586759,0.022044647513740342,0.7973554560794645,0.023655402093958437,0.002327033281654371
32.16,0.8090340127610146,0.021910957024950335,0.8073546076966648,0.023522593899852173,0.002327611390826915
32.18,0.8140335644026997,0.02184399896578593,0.8123541813631951,0.02345607566421999,0.002327900056920311
32.22,0.8240326647889702,0.021709866723237436,0.8223533245727573,0.023322819543151397,0.002328475973906159
32.26,0.8340317614093153,0.021575454034907546,0.832352462479083,0.02318928076023815,0.0023290516517395555
32.28,0.8390313083618746,0.021508146763355697,0.8373520295165265,0.023122409243279088,0.0023293391325699647
32.32,0.8490303996636867,0.021373339001713426,0.8473511599038984,0.022988469661438134,0.0023299127062695736
32.36,0.8590294875810515,0.021238280437266957,0.8573502855566908,0.022854277699775844,0.002330486342172636
32.38,0.8640290303178044,0.021170660742683277,0.8623498466700497,0.022787090315385665,0.0023307728946411386
32.42,0.874028113447678,0.02103524819703288,0.8723489655994088,0.022652539607605403,0.002331344891486166
32.46,0.8840271935311322,0.020899610884085075,0.8823480802884226,0.022517762452515643,0.0023319167610052443
32.48,0.8890267324729889,0.02083171118872948,0.8873476360980183,0.0224502918024518,0.0023322023581922144
32.52,0.8990258082501027,0.02069575678442819,0.8973467447693617,0.022315192995789754,0.0023327725596438064
32.56,0.9090248812944255,0.02055960153809783,0.9073458496532244,0.02217989169402187,0.002333342546978214
32.58,0.9140244168300791,0.020491451501018745,0.9123454007289499,0.02211216799680474,0.0023336274397520954
32.62,0.9240234860084222,0.02035501263594274,0.9223445002451215,0.02197657955407891,0.002334196320655172
32.66,0.934022552728299,0.020218393717435206,0.932343596372297,0.02184080952727787,0.0023347649786192594
32.68,0.9390220851997877,0.020150019260349244,0.9373431432118103,0.02177285888534109,0.0023350491745222487
32.72,0.9490211484392487,0.0200131458480021,0.9473422345349232,0.021636831249662904,0.0023356168739123136
32.76,0.9590202094692287,0.01987611111999283,0.9573413228284735,0.021500640948909026,0.002336184392881868
32.78,0.9640197391889833,0.019807535751436966,0.9623408658809973,0.021432487002524016,0.0023364678796587825
32.82,0.9740187971017514,0.01967027375630694,0.9723399498799852,0.021296065901488487,0.002337034037699557
32.86,0.9840178530315493,0.019532867384058943,0.9823390311706688,0.021159499043389193,0.00233759992207945
32.88,0.9890173802796516,0.019464112054186283,0.987338570839904,0.021091163080213613,0.002337882840580841
32.92,0.9990164334016869,0.019326501512175544,0.997337648295538,0.020954389689592394,0.0023384480645934937
32.96,1.0090154847424802,0.019188761601992982,1.0073367233317168,0.020817485785791526,0.0023390131126521164
32.98,1.0140150097698968,0.01911984498460219,1.0123362599770485,0.020748986735106997,0.002339295558544528
33.02,1.0240140585904944,0.01898192224492101,1.0223353315841395,0.020611897656247203,0.0023398598683240608
33.06,1.0340131058084445,0.018843883365846796,1.0323344010259712,0.0204746914116852,0.002340424027621946
33.08,1.0390126288388895,0.01877482203080681,1.0373339349647546,0.020406045926912846,0.0023407059880056163
33.12,1.0490116737905928,0.01863661909005914,1.0473330013368598,0.020268673365884643,0.002341269392052575
33.16,1.059010717302745,0.01849831203606422,1.0573320657728038,0.020131195724920836,0.0023418326371258567
33.18,1.064010238539961,0.0184291210064878,1.062331597291369,0.020062418907835472,0.002342114103971338
33.22,1.0740092800191194,0.018290667052767672,1.0723306589822088,0.019924792083051774,0.002342676503523255
33.26,1.0840083202050543,0.018152119734832026,1.0823297189429295,0.0197870710921042,0.0023432388136622293
33.28,1.0890078398312855,0.01808281239843337,1.0873292482977492,0.019718176504280895,0.002343519851666284
33.32,1.0990068781884919,0.01794413316251191,1.0973283058031906,0.019580321649106832,0.0023440814867153447
33.36,1.1090059153839475,0.017805370187271297,1.1073273617597412,0.019442382189137145,0.002344642950128872
33.38,1.1140054335623726,0.017735958491186327,1.112326889179665,0.019373381948479568,0.0023449236284394308
33.42,1.1240044691147468,0.01759707716838706,1.1223259429422232,0.01923532250946675,0.0023454845788058593
33.46,1.1340035036230152,0.017458120693344473,1.1323249953201007,0.01909718719367316,0.002346045420586017
33.48,1.1390030205001658,0.017388615333360027,1.1373245210094243,0.019028092138355254,0.0023463257946280272
33.52,1.1490020535316852,0.017249552634411743,1.147323571424016,0.018889849078649528,0.0023468861520629246
33.56,1.1590010856241066,0.01711042242800814,1.1573226206014293,0.01875153801612376,0.0023474465288707354
33.58,1.1640006013314423,0.01704083297429592,1.1623221447419627,0.018682357801332445,0.0023477266196354446
33.62,1.1739996320951873,0.016901607310941306,1.1723211921600463,0.01854394979832152,0.0023482864948150017
33.66,1.183998662013205,0.016762320921441476,1.182320238467864,0.018405480492986757,0.002348846307257294
33.68,1.1889981766668893,0.016692655811281376,1.187319761220564,0.01833622366082285,0.002349126153809137
33.72,1.1989972053890248,0.016553283598794807,1.1973188059533961,0.018197667247587743,0.002349685564056627
33.76,1.208996233351258,0.016413856878940637,1.207317849693853,0.0180590558618419,0.002350244964845925
33.78,1.2139957470579252,0.016344123839289574,1.212317371204829,0.017989730232859085,0.002350524602469305
33.82,1.223994773944768,0.01620462001860788,1.2223164135349085,0.017851040542375105,0.002351083623877715
33.86,1.2339938001467288,0.016065067117126155,1.2323154549754314,0.017712301369756458,0.0023516426593034453
33.88,1.2389933130000772,0.01599527292543783,1.237314975372487,0.017642913754004556,0.002351922084624632
33.92,1.248992338232301,0.01585565055898121,1.247314015546858,0.017504103961075674,0.0023524807449475556
33.96,1.258991362849336,0.015715984142761662,1.2573130549237561,0.017365249622871226,0.002353039336038742
33.98,1.263990874935495,0.015646135017255612,1.262312574324576,0.01729580637646625,0.002353318621438798
34.02,1.2739898986810483,0.015506406223990564,1.2723116125709466,0.017156888793794803,0.0023538770105058222
34.06,1.283988921872419,0.01536663777870853,1.2823106501032018,0.01701793116882973,0.0023544353870109487
34.08,1.2889884332676091,0.015296739213862732,1.2873101686109452,0.01694843784504527,0.002354714552988909
34.12,1.2989874556732597,0.015156914569404037,1.2973092051286592,0.016809423211466806,0.0023552727448310326
34.16,1.3089864775792868,0.015017054201007345,1.3073082410056183,0.016670372492123515,0.00235583092961653
34.18,1.313985988351756,0.01494711111025054,1.3123077587119165,0.016600834030633622,0.0023561099765155168
34.22,1.323985009550336,0.014807200173449001,1.3223067936781732,0.016461731908500508,0.0023566679392464196
34.26,1.3339840302994337,0.014667257116908283,1.3323058280698448,0.016322597291700297,0.002357225873283611
34.28,1.3389835405114532,0.014597273976648149,1.3373053450583638,0.016253018249565123,0.0023575048411545387
34.32,1.348982560623293,0.014457285395134046,1.34730437863502,0.016113837465055646,0.002358062667980929
34.36,1.35898158032993,0.014317267874211613,1.3573034116961182,0.015974627399478226,0.0023586204780553354
34.38,1.363981090036834,0.01424724865860109,1.3623029280406234,0.015905011791466295,0.002358899381112528
34.42,1.3723019603702844,0.0157657601132571,1.3723019603702844,0.0157657601132571,0.0
34.46,1.3839791279358014,0.01396710549811041,1.3823009922375442,0.015626482064377906,0.0023600148326742994
34.48,1.3889786371868855,0.013897053743559025,1.3873005080030363,0.0155568334243725,0.0023602936568418355
34.52,1.3989776554355562,0.013756932144014135,1.397299539211365,0.015417517691125692,0.002360851206910256
34.56,1.4089766733542881,0.013616787002130823,1.4072985700048626,0.015278178202194717,0.0023614088106473498
34.58,1.41397618219419,0.01354670590809616,1.412298085250952,0.015208499808986817,0.0023616875999891867
34.62,1.4239751996447556,0.013406527367515669,1.4222971154533155,0.01506912637446199,0.0023622451209516977
34.66,1.4339742167974336,0.01326632757997721,1.4322961452826737,0.014929731480159547,0.002362802688290031
34.68,1.438973725266007,0.01319622000073791,1.4372956600619764,0.01486002622718134,0.0023630814603247344
34.72,1.4489727419962142,0.013055990085763929,1.4472946893601282,0.014720600692983922,0.0023636389578665555
34.76,1.458971758457702,0.012915741011217204,1.4572937183227266,0.014581155763373536,0.0023641964789941285
34.78,1.4639712665913622,0.012845609552814977,1.4622932326828568,0.01451142628818253,0.0023644752470526184
34.82,1.4739702826717558,0.012705333311086935,1.4722922611689209,0.014371953763743287,0.00236503274759332
34.86,1.4839692985091701,0.012565039750412945,1.4822912893531766,0.014232463714826065,0.002365590286735528
34.88,1.488968806340206,0.012494886721849228,1.4872908033362988,0.014162712354799658,0.0023658690629551034
34.92,1.4989678218332398,0.01235456861859957,1.4972898310918172,0.01402319736490546,0.002366426593262161
34.96,1.507288858575715,0.013883666531142688,1.507288858575715,0.013883666531142688,0.0
34.98,1.5139663446636427,0.012144062310110547,1.5122883722195424,0.013813895384953432,0.002367262980954825
35.02,1.5239653596253324,0.01200370634858313,1.5222873993174733,0.013674341994557023,0.0023678205709785983
35.06,1.533964374387746,0.011863336191249156,1.5322864261710087,0.013534774284963734,0.002368378246643057
35.08,1.5389638816966686,0.011793145963775927,1.5372859395084266,0.01346498517618516,0.0023686570750599484
35.12,1.5489628961758408,0.011652755631896774,1.5472849660121664,0.01332539690138486,0.002369214732894279
35.16,1.5589619104749506,0.01151235247607403,1.5572839922953945,0.01318579564267052,0.0023697724466946865
35.18,1.5639614175592695,0.01144214625239126,1.562283505357038,0.013115990296039439,0.0023700513160802464
35.22,1.5739604316025446,0.011301724877865056,1.5722825313263222,0.012976370510619504,0.002370609063563774
35.24,1.5839594454827597,0.011161291892745014,1.577282044236156,0.012906556197105052,0.0069017124614271525
35.28,1.5889589523636862,0.011091071186564723,1.587281069910463,0.012766918956531127,0.002371445819523619
35.32,1.598957966010276,0.010950621568040383,1.5972800953974111,0.012627270595602525,0.002372003742648926
35.36,1.608956979508917,0.01081016141725154,1.6072791207032096,0.012487611446796469,0.0023725616479893697
35.38,1.6139564862049034,0.010739927545146098,1.6122786332913404,0.012417778019664951,0.0023728406213640047
35.42,1.6239554994940364,0.010599452480533532,1.6222776583423006,0.012278103698750188,0.0023733985849153545
35.46,1.6339545126492887,0.010458967886562576,1.6322766832315663,0.012138419725186025,0.0023739566199133624
35.48,1.6389540191784182,0.010388722137907619,1.6372761956177169,0.012068574243187075,0.0023742356657367332
35.52,1.6489530321431638,0.010248223985294286,1.6472752202768042,0.011928876500538258,0.0023747937880778313
35.56,1.6589520449862534,0.010107717174865619,1.6572742447897562,0.011789169992096064,0.0023753519899034525
35.58,1.6639515513637384,0.01003746063429147,1.6622737569933619,0.011719313562778989,0.0023756311208454014
35.62,1.6739505640337995,0.00989694151126174,1.6722727812981932,0.011579594544585467,0.002376189415524773
35.66,1.6839495765931507,0.009756414510487874,1.6822718054709433,0.011439867566541926,0.0023767478053951445
35.68,1.6889490828327423,0.009686148158113186,1.6872713175091707,0.011370001168523804,0.0023770270174417597
35.72,1.6989480952347158,0.009545609959834793,1.697270341492964,0.011230262770536535,0.0023775854791295197
35.76,1.708947107535958,0.009405064594931924,1.7072693653571018,0.011090517125501631,0.0023781440350652797
35.78,1.7139466136500465,0.009334789313511161,1.7122688772455747,0.011020641656366537,0.002378423335909913
35.82,1.7239456258078751,0.009194233746050865,1.7222679009385935,0.010880885619534694,0.0023789819838184153
35.86,1.7339446378740957,0.009053671661804768,1.7322669245231979,0.010741122984712352,0.002379540723535405
35.88,1.7389441438739595,0.008983388254707235,1.737266436276155,0.010671239268913647,0.0023798201255322985
35.92,1.748943155809591,0.008842816881182602,1.7472654597059714,0.010531467191752731,0.0023803789798031863
35.96,1.758942167661726,0.00870223956838868,1.7572644830375224,0.010391689105542617,0.002380937932176974
35.98,1.7639416735574935,0.008631948756790003,1.762263994667594,0.010321797875223653,0.0023812174408662473
36.02,1.773940685290514,0.008491362971871528,1.7722630178586498,0.010182011176271138,0.0023817765140703847
36.06,1.7839396969472168,0.008350771759265697,1.782262040960385,0.010042218987891415,0.0023823356894816005
36.08,1.788939202747937,0.008280474187664835,1.7872615524787474,0.009972320891902212,0.0023826153059926802
36.12,1.7989382142959955,0.008139875248156996,1.7972605754526845,0.009832520828838245,0.002383174595027789
36.16,1.8089372257743939,0.007999271354827406,1.8072595983454147,0.009692715750306075,0.0023837339849574852
36.18,1.8139367314882981,0.007928967609401342,1.8122591097622751,0.009622811385711992,0.002384013715180942
36.22,1.8239357428672427,0.007788356643648942,1.8222581325388607,0.009482999116460037,0.0023845732374052197
36.26,1.8339347541824873,0.007647741147966756,1.8322571552415214,0.009343182258378598,0.0023851328612059177
36.28,1.8389342598169796,0.007577431755344902,1.8372566665660341,0.009273272162430802,0.002385412711025674
36.32,1.848933271041214,0.007436809788239253,1.8472556891629932,0.009133448728449093,0.0023859724750238476
36.36,1.8589322822070322,0.007296183667613761,1.8572547116925473,0.008993621089715314,0.0023865323448509874
36.38,1.8639317877687256,0.0072258690987130605,1.8622542229328127,0.008923705738611018,0.0023868123165576563
36.42,1.8739307988510492,0.007085237041269822,1.872253245365829,0.00878387206273803,0.0023873723278812022
36.46,1.8839298098797517,0.0069446011713579035,1.882252267737306,0.008644034528570124,0.0023879324478064882
36.48,1.88889755134258,0.00687472861967919,1.8872230342736684,0.00857445126701334,0.0023860143528355074
36.52,1.8970871289151128,0.008436452957178082,1.8970871289151128,0.008436452957178082,0.0
36.56,1.9084563336463718,0.006599620759316203,1.9068243486718457,0.008300185595927064,0.00235696748399215
36.58,1.9132385782939587,0.00653235314369356,1.9116096222966288,0.008233178821604268,0.002355059580536671
36.62,1.922688182759314,0.006399431677623783,1.9210763704425042,0.008100736758084225,0.002343582283902239
36.66,1.9319979655573178,0.006268474198065276,1.9303953322672143,0.007970324528263628,0.0023376757707056894
36.68,1.9365823469823955,0.0062039863074788305,1.9349894670945107,0.007905996070696197,0.0023311163787582915
36.72,1.9456564215637795,0.006076340640242851,1.9440790987239733,0.007778831397871552,0.002320866674495827
36.76,1.954599684995854,0.005950532763889001,1.953034569861497,0.007653507988466137,0.00231294401128017
36.78,1.9590016440992233,0.005888608104786566,1.9574461340733533,0.007591739032686203,0.0023065702673342138
36.82,1.9677167893889524,0.0057660060497235184,1.9661779414164193,0.007469580097681683,0.002295695454420263
36.86,1.9763043246865237,0.0056451972173064404,1.9747769654989131,0.007349246654586195,0.002288364169591886
36.88,1.9805379407744146,0.0055856383130502615,1.9790136019990285,0.00728993062446367,0.0022865303376269235
36.92,1.988906607450362,0.005467905833439204,1.9873986691404488,0.007172621671391649,0.0022759468435510377
36.96,1.997152530958519,0.0053518984994638825,1.9956553851039054,0.007057080159134038,0.002269160682380622
36.98,2.0012077056324777,0.005294847912809269,1.9997231832247706,0.007000129861363476,0.002260927531578449
37.02,2.009246922831566,0.005181746381904543,2.007776429248707,0.00688746379003975,0.0022520708811324436
37.06,2.017171254135312,0.005070259777844608,2.015717329487371,0.006776343325453821,0.002241565960063028
37.08,2.021068099146956,0.005015434979845353,2.019623366974795,0.006721660013905638,0.002235722459548764
37.12,2.0287874902052088,0.004906829788404608,2.0273562677627615,0.006613475530929333,0.0022273386294505418
37.16,2.0363901797235893,0.004799865343521125,2.034968440784968,0.006506956481832032,0.002221598920617988
37.18,2.0401318325718014,0.004747222538315147,2.038719152818586,0.006454449903326324,0.0022159172730468247
37.22,2.0475428241983225,0.004642953583221706,2.046144656176517,0.006350565885822069,0.002206991978506322
37.26,2.054849025306461,0.004540158020419758,2.053465694030885,0.0062481221119311285,0.002197895983862514
37.28,2.0584505087119727,0.004489486131460384,2.0570681903455794,0.006197693566263999,0.002197447771025839
37.32,2.065568112007811,0.004389342756185377,2.0641992587403535,0.006097927397300721,0.002189296860565974
37.36,2.0725835553743135,0.004290635949380542,2.0712288305887623,0.005999563289001564,0.0021807594770379777
37.38,2.0760332159002397,0.004242099177562256,2.074687126485087,0.0059511538071161585,0.0021755055597231466
37.42,2.082869030850111,0.004145918630924956,2.0815336318844646,0.005855369920824573,0.0021692197007193385
37.46,2.089602564721147,0.004051176516139095,2.0882778712753653,0.005760999467065059,0.0021629394926372327
37.48,2.0929230130731935,0.00400445692977758,2.0915993300643607,0.005714507874706511,0.00216250108488411
37.52,2.0994869741372417,0.003912099811611191,2.0981742958211553,0.005622521940765491,0.0021560770444082303
37.56,2.10595788838466,0.0038210513270836837,2.104660631252088,0.005531761201660873,0.002146952338312479
37.58,2.1091383564194905,0.003776300603181369,2.1078492977944165,0.00548712887904531,0.002142103062033492
37.62,2.115438545646673,0.0036876535154666563,2.1141619720352947,0.005398813191205507,0.0021348788305526716
37.66,2.1216493486893495,0.003600263664982903,2.1203849357086346,0.005311738494701973,0.002127883050959858
37.68,2.1247056688118593,0.003557259175568613,2.1234467534969466,0.005268882961498128,0.002124740867654575
37.72,2.130755233477059,0.0034721373940154055,2.129508345973411,0.005184079831996374,0.0021178940855750387
37.76,2.1367188878698036,0.0033882240316372137,2.1354835574700894,0.0051004724848923,0.002111358795215135
37.78,2.1396535272369865,0.003346931177041898,2.138423594562019,0.005059322590359697,0.002108321307902807
37.82,2.1454624397386044,0.003265194601738953,2.1442440960000937,0.004977892231372982,0.00210183125767086
37.86,2.1511887793970708,0.0031846195602799315,2.1499814133319686,0.004897614167631737,0.0020957297869660368
37.88,2.1540088745455677,0.00314493801901506,2.152804515378564,0.004858101918694511,0.0020941374239315563
37.92,2.1595844518241356,0.0030664838765941892,2.158389260430429,0.004779969687641583,0.002089142429862395
37.96,2.1638847766237213,0.004703075462084057,2.1638847766237213,0.004703075462084057,0.0
37.98,2.1677841597219754,0.0029511049664781987,2.1665956839906726,0.0046651344052722355,0.002085754415301149
38.02,2.1731403945822976,0.002875736515502477,2.171962682191432,0.004590048321310807,0.002079872939179752
38.06,2.178418188118212,0.0028014715781676204,2.1772482168663627,0.0045160925895187005,0.002075754788678098
38.08,2.181014113518802,0.0027649436795193602,2.1798513763331497,0.004479660268996103,0.002071765127886275
38.12,2.186157352447346,0.002692571743178616,2.185004990423465,0.0044075592924231214,0.002066185017888426
38.16,2.19122931185882,0.002621202588065075,2.190088386548158,0.004336432238131019,0.0020600299310869342
38.18,2.1937279692382674,0.00258604310763069,2.192588049255601,0.0043014490667502465,0.002059620152228259
38.22,2.198664552556694,0.0025165785744856585,2.1975326686985808,0.0042322717620316,0.0020554231150906946
38.26,2.203534670126562,0.0024480491224695045,2.202413659266056,0.004163977049620824,0.002049652165746831
38.28,2.2059319298612707,0.0024143162157574745,2.2048138762652782,0.004130386198183356,0.0020481552744103394
38.32,2.2106731442368037,0.0023476003552907296,2.2095637348523596,0.004063933470611549,0.0020436703611491787
38.36,2.2153419187237744,0.0022819036709237008,2.214235314725528,0.0039985690232732145,0.0020424280503588362
38.38,2.217649457329396,0.00224943307085916,2.2165428573008352,0.003966277575233961,0.0020425764796972536
38.42,2.222202303887807,0.0021853674399046007,2.2211067521865457,0.0039024244398325613,0.0020367911702328196
38.46,2.2266873232297715,0.0021222561023141718,2.225596253329293,0.003839607769819792,0.002034632713197749
38.48,2.2278102387633356,0.00380862469095669,2.2278102387633356,0.00380862469095669,0.0
38.52,2.233274047861564,0.0020295701855082334,2.23219263705957,0.0037473119002685747,0.0020297994781004382
38.56,2.2375807494580693,0.001968967740517833,2.2365036023314726,0.003686993392355088,0.0020277717013279144
38.58,2.239708411009135,0.0019390279627125768,2.2386312672796067,0.0036572196768247826,0.002027910594800944
38.62,2.243905625260684,0.0018799660092434346,2.24283774232763,0.003598366931210254,0.0020231845410947458
38.66,2.2480410905597723,0.0018217728578881754,2.246977259894872,0.0035404473688679826,0.002021281217018986
38.68,2.250079172578635,0.0017930934772455074,2.2490180011601684,0.0035118889408840893,0.00201998579826562
38.72,2.254110389716172,0.0017363671196821383,2.2530565678001384,0.0034553865623311425,0.002016325488337169
38.76,2.2580895579885927,0.0016803730828775947,2.2570476637146957,0.0033995437245326137,0.002010246595099192
38.78,2.260048138984685,0.0016528122977374922,2.2590072479130106,0.0033721212719594585,0.002009845161183225
38.82,2.263919695389857,0.0015983324104647827,2.2628866453802,0.003317845521323297,0.002005970503488646
38.86,2.2677342295485357,0.001544654841328243,2.266706390575524,0.003264400202152273,0.0020034912179785944
38.88,2.2696117996200136,0.0015182339157188147,2.268588019381558,0.0032380689306117723,0.002001489059451513
38.92,2.2733279349068547,0.0014659408722236893,2.2723101785109128,0.0031859928092795374,0.0019986011977506353
38.96,2.2769893233061103,0.001414418139754727,2.275975037286099,0.00313471462298401,0.001997046849876438
38.98,2.2787937145915973,0.0013890268756620709,2.2777818972354233,0.003109429871542283,0.0019958859763244117
39.02,2.28236293240324,0.0013388010416954443,2.28135762228593,0.0030594022250318895,0.001992766133811022
39.06,2.2858859518476216,0.0012892252342391422,2.2848910876394717,0.003009962424928997,0.00198763459219266
39.08,2.2876185417933073,0.001264844260986035,2.2866260935192164,0.0029856833334953566,0.0019865147092887657
39.12,2.291046400532143,0.001216607443457748,2.290060894744106,0.0029376270848969865,0.0019832121077874034
39.16,2.2944236574451065,0.0011690826262034497,2.29344265076037,0.002890309926054638,0.0019811606530645187
39.18,2.296088641509386,0.0011456529163619074,2.2951086371805243,0.0028669968387883644,0.001980765857910166
39.22,2.2993802275448036,0.0010993335612244524,2.298406889550789,0.002820850793105681,0.0019776269694400167
39.26,2.30262318401598,0.0010536984602584527,2.301654126487904,0.002775415736455329,0.0019756980720433246
39.28,2.3042193404848383,0.0010312372157865303,2.3032538829396354,0.0027530295672682655,0.0019740002971657053
39.32,2.3073800728933422,0.0009867590846838778,2.3064210166948254,0.002708717765692556,0.0019710227018009717
39.36,2.310494069208887,0.0009429385694618608,2.3095390835406056,0.0026650899606846926,0.001969213812899323
39.38,2.3120292271980665,0.0009213356272243321,2.3110752435809276,0.0026435938305137013,0.0019688214902745284
39.42,2.31506369474099,0.0008786341637629252,2.314115243557218,0.0026010605389414974,0.0019662940436030963
39.46,2.318053871614889,0.0008365559099789281,2.3171092874112387,0.0025591679643499313,0.0019645945148172813
39.48,2.319525576716465,0.000815845816664623,2.3185843896641427,0.0025385263263944407,0.00196302348586609
39.52,2.3224412041374314,0.0007748165541063406,2.321504739609366,0.0024976668521512055,0.0019609127879122025
39.56,2.3253438506721813,0.0007339699090496765,2.324407387800394,0.0024570567565620235,0.0019611198317049184
39.58,2.326717181081443,0.0007146030073525034,2.325783726374455,0.0024377768001540225,0.001959761620757959
39.62,2.328319933213375,0.0006904883122900542,2.327586515919512,0.0024121653008488874,0.0018713825316781657
39.66,2.328521368945466,0.0006869430361999557,2.3279386884152093,0.002406210073303599,0.0018153224906917614
39.68,2.328521368945471,0.0006869430361998025,2.327938688660688,0.0024063108753918975,0.0018154178804679298
39.72,2.328521368945479,0.0006869430361993706,2.327938693070072,0.0024066828694141204,0.0018157687820112497
39.76,2.328521368945484,0.0006869430361990588,2.3279387069506297,0.002407349539624477,0.0018163957545854004
39.78,2.3285213689454856,0.0006869430361988626,2.3279387195129253,0.002407816593451434,0.0018168341039604874
39.82,2.328521368945488,0.0006869430361982822,2.327938761622946,0.0024090599076302386,0.0018179982978951785
39.86,2.3285213689454958,0.0006869430361971992,2.327938836481947,0.0024107652759425805,0.0018195898398620286
39.88,2.328521368945498,0.0006869430361966178,2.327938890839516,0.002411808070194245,0.0018205603888517435
39.92,2.3285213689455118,0.0006869430361946,2.327939044366535,0.00241429930118371,0.0018228717951291804
39.96,2.3285213689455193,0.0006869430361926984,2.3279392683666704,0.0024173122269777543,0.0018256556686063064
39.98,2.3285213689455255,0.0006869430361914115,2.3279394098538546,0.002419000531032625,0.0018272108662696967
40.02,2.328521368945541,0.0006869430361883045,2.3279397572397618,0.0024227145093231924,0.0018306214199687418
40.06,2.3285213689455473,0.0006869430361857652,2.327940196903382,0.0024268448673946514,0.0018343989001410445
40.08,2.3285213689455557,0.0006869430361837287,2.327940453478328,0.0024290541535810623,0.001836413331857415
40.12,2.3285213689455655,0.0006869430361803282,2.327941043820987,0.0024337380122935242,0.0018406710566506686
40.16,2.3279417413157804,0.00243874647895975,2.3279417413157804,0.00243874647895975,0.0
40.18,2.328521368945584,0.0006869430361738589,2.3279421316147575,0.002441361978924841,0.001847566429687079
40.22,2.328521368945592,0.0006869430361699686,2.3279429975800414,0.002446795611052479,0.0018524563481522604
40.26,2.3285213689456024,0.0006869430361652266,2.327943979796383,0.002452474192752146,0.001857546364028468
40.28,2.3285213689456103,0.0006869430361620662,2.3279445152307456,0.002455396285191879,0.0018601578165191575
40.32,2.3285213689456215,0.0006869430361567176,2.327945675825208,0.0024613888767691895,0.0018654974162829428
40.36,2.3285213689456254,0.000686943036152675,2.327946957000868,0.0024675575831517916,0.00187097227324851
40.38,2.3285213689456334,0.0006869430361489944,2.3279476430160755,0.002470700180992651,0.0018737531838606532
40.42,2.3285213689456485,0.0006869430361415101,2.3279491060024635,0.002477087083198351,0.0018793883540545386
40.46,2.3285213689456583,0.0006869430361355781,2.32795069000675,0.0024835909250224887,0.0018851042644785975
40.48,2.32852136894566,0.0006869430361334844,2.3279515271770865,0.0024868800199135707,0.0018879864371309425
40.52,2.3285213689456685,0.0006869430361272654,2.3279532911727885,0.0024935199260033734,0.001893787848486407
40.56,2.3285213689456836,0.0006869430361183082,2.3279551734884065,0.0025002262053223055,0.0018996244754055241
40.58,2.3285213689456907,0.0006869430361136294,2.327956158465933,0.002503598553732232,0.0019025509601905207
40.62,2.328521368945706,0.0006869430361040975,2.3279582147601956,0.002510370950463833,0.0019084108560590363
40.66,2.328521368945711,0.0006869430360982619,2.3279603841970884,0.002517166814138971,0.0019142682586024743
40.68,2.3285213689457125,0.0006869430360956846,2.3279615105313205,0.002520568751111726,0.001917191880572626
40.72,2.3285213689457147,0.0006869430360905168,2.3279638446531306,0.0025273716177413082,0.0019230212429868284
40.76,2.328521368945721,0.0006869430360835889,2.327966284824915,0.00253416184852982,0.0019288171821678544
40.78,2.3285213689457285,0.0006869430360781106,2.3279675436681115,0.0025375482166063983,0.001931699244790869
40.82,2.328521368945744,0.0006869430360667593,2.3279701367335184,0.0025442959472987783,0.0019374252988585722
40.86,2.32852136894576,0.0006869430360549203,2.3279728273237867,0.002551000969540605,0.0019430928671651233
40.88,2.3285213689457676,0.0006869430360490157,2.3279742080349597,0.0025543341518060557,0.0019459020123131622
40.92,2.328521368945783,0.000686943036036814,2.3279770378992075,0.002560955680115508,0.0019514660331230187
40.96,2.328521368945799,0.0006869430360241325,2.3279799557422134,0.0025675097595034622,0.0019569515728486246
40.98,2.3285213689458066,0.000686943036017823,2.3279814464017776,0.0025707588067691396,0.00195966278009308
41.02,2.328521368945822,0.0006869430360048151,2.327984488639287,0.0025771959128606777,0.0019650181683656463
41.06,2.328521368945838,0.0006869430359913364,2.3279876086368714,0.002583545531861965,0.0019702794458581305
41.08,2.328521368945841,0.0006869430359870972,2.327989196482433,0.0025866853751338723,0.001972873155059985
41.12,2.3285213689458457,0.000686943035980131,2.3279924252149566,0.0025928911586241025,0.001977983750352094
41.16,2.3285213689458497,0.0006869430359730167,2.3279957211092106,0.0025989935511390627,0.001982988356171089
41.18,2.3285213689458515,0.000686943035969578,2.327997392901982,0.002602004291381345,0.001985449698815985
41.22,2.3285213689458644,0.0006869430359566594,2.328000781493253,0.0026079417942837654,0.001990288302058424
41.26,2.328521368945879,0.0006869430359419135,2.3280042265124328,0.0026137636246741955,0.0019950122499958053
41.28,2.3285213689458866,0.0006869430359345328,2.328005968842677,0.00261662989268987,0.0019973303761578556
41.32,2.3285213689459,0.0006869430359205025,2.3280094904757953,0.0026222708586653033,0.002001877456201239
41.36,2.3285213689459034,0.0006869430359127203,2.3280130578689784,0.0026277870319494395,0.0020063039570006576
41.38,2.3280148574080326,0.002630497411969746,2.3280148574080326,0.002630497411969746,0.0
41.42,2.328521368945922,0.000686943035892482,2.3280184855602593,0.002635821169273964,0.0020127140080866473
41.46,2.328521368945932,0.0006869430358763264,2.32802214903483,0.0026410137602978895,0.002016832396527263
41.48,2.328521368945932,0.0006869430358718585,2.3280239927404622,0.002643560271375161,0.0020188447429250124
41.52,2.3285213689459328,0.0006869430358616457,2.3280277015683417,0.0026485527282594486,0.002022775337254887
41.56,2.3285213689459363,0.0006869430358451582,2.328031435642555,0.0026534100192058267,0.002026580133725195
41.58,2.328521368945938,0.0006869430358371434,2.328033310923616,0.0026557876492472616,0.0020284352947300987
41.62,2.328521368945938,0.0006869430358284536,2.3280370755700788,0.002660440391577731,0.0020320511526658474
41.66,2.328521368945941,0.0006869430358115029,2.32804085585192,0.002664956007828622,0.0020355412427641236
41.68,2.3285213689459425,0.0006869430358030666,2.32804275069766,0.0026671622954254235,0.0020372392455890813
41.72,2.328521368945943,0.000686943035793322,2.3280465475314234,0.0026714717773128724,0.0020405415216563382
41.76,2.3285213689459443,0.000686943035775967,2.328050350933565,0.002675643912850844,0.0020437194392734265
41.78,2.3285213689459443,0.0006869430357698673,2.328052254012395,0.0026776785726275107,0.002045262036656119
41.82,2.328056060808867,0.0026816453916184606,2.328056060808867,0.0026816453916184606,0.0
41.86,2.3285213689459443,0.0006869430357411792,2.328059865708527,0.00268547611589528,0.002051126449202173
41.88,2.328538437689899,0.0006231884514295513,2.328110121953687,0.0026546732044697152,0.002076146592059824
41.92,2.3285748461172426,0.0018139188943436637,2.3285748461172426,0.0018139188943436637,0.0
41.96,2.3293973024895243,-0.0005933448834624487,2.3293973024895243,-0.0005933448834624487,0.0
41.98,2.3299246937796485,-0.0053680975156580124,2.3299245224286973,-0.0023885630552387127,0.0029795344653464366
42.02,2.3309918898127457,-0.010518658505333067,2.3311827109846064,-0.0071677965217934,0.003356290921890065
42.06,2.332685846201137,-0.013536676301724383,2.332685846201137,-0.013536676301724383,0.0
42.08,2.333049227100569,-0.021212464276355033,2.3335227926344833,-0.017318160753435483,0.003922991746554556
42.12,2.3347059592834034,-0.030322014543424935,2.3353613379414453,-0.02607505706204215,0.004297228064007072
42.16,2.3364228247246723,-0.040173508492916774,2.337110958035834,-0.035888944202657834,0.004339472158142293
42.18,2.3372548821172487,-0.0451037879659812,2.337953172294694,-0.04082551750355435,0.004334882619124798
42.22,2.33886869539798,-0.05497269008368112,2.3395861955074397,-0.0507068269765598,0.004325782525251792
42.26,2.3404173561830417,-0.06485202745486156,2.341153263043042,-0.060598216529934835,0.004316997369888149
42.28,2.3411682233473003,-0.06979532377935571,2.3419130022658585,-0.06554741083034973,0.004312709132304351
42.32,2.3426252124449336,-0.07968859861798394,2.3433868574863816,-0.07545225686980243,0.004304264696385196
42.36,2.3440244191491764,-0.08959021223760892,2.344802193442454,-0.0853650782623051,0.004296124993590191
42.38,2.3447032759751387,-0.09454391167759266,2.3454887857126994,-0.09032425398120596,0.004292148252621069
42.42,2.3460214084311497,-0.10445664567322888,2.3468215869773448,-0.1002477063805509,0.0042843267470209865
42.46,2.347288320509687,-0.11437605713702417,2.34810258327635,-0.11017746302403818,0.004276823164309453
42.48,2.347903371522828,-0.11933808295593898,2.348724423043594,-0.11514452830036695,0.004273175195217497
42.52,2.349098383942229,-0.12926641435111144,2.349932326141616,-0.12508269846731174,0.00426602135347169
42.56,2.350247911473554,-0.13920011559244408,2.351094377450841,-0.13502585868111994,0.004259216525658443
42.58,2.350806336876235,-0.14416883289801774,2.351658720922077,-0.13999919017258283,0.004255875822833505
42.62,2.3518920905527856,-0.15410970796002443,2.35275572283763,-0.1499490552587209,0.004249340139867575
42.66,2.3529376698332527,-0.16405488949264904,2.3538120943423575,-0.15990288037640896,0.0042430882530845315
42.68,2.35344602335074,-0.16902897929290142,2.354325711347068,-0.1648811613628952,0.004240076007734404
42.72,2.3544351898786253,-0.17897993093402237,2.355324893266283,-0.1748402658693578,0.004234194016057138
42.76,2.3553886884584196,-0.18893436406768566,2.3562881322933467,-0.1848025137989916,0.004228615122601653
42.78,2.355852628560511,-0.1939127929184497,2.3567567286827553,-0.1897847375234482,0.00422590089510432
42.82,2.356756108177925,-0.20387189114511378,2.357669081683391,-0.19975120723972542,0.004220610911918988
42.86,2.3576280162505947,-0.21383380346976597,2.358549581446598,-0.20972018106045162,0.004215586760689159
42.88,2.3580526347353463,-0.21881574030537584,2.3589783459866243,-0.21470553979668386,0.004213156719420063
42.92,2.358880270938712,-0.2287814289526567,2.35981388797447,-0.22467786821057115,0.0042084262537726855
42.96,2.3596799780504694,-0.2387493979904849,2.3606212680719514,-0.23465219006146312,0.0042039433533505735
42.98,2.360069779777097,-0.24373417993474955,2.361014826786309,-0.23964004370265093,0.004201793109685878
43.02,2.3617824796135976,-0.24961703731196294,2.3617824796135976,-0.24961703731196294,0.0
43.06,2.3615659089064756,-0.2636781208230858,2.3625251684338298,-0.2595956263193143,0.004193678601674669
43.08,2.361924846387905,-0.26866522028654793,2.362887545838515,-0.26458547457856885,0.004191791415848243
43.12,2.362625740283683,-0.2786406253369842,2.363595060990736,-0.2745662010330565,0.0041881399262152326
43.16,2.3633047469752295,-0.2886175443050181,2.364280495760173,-0.28454820382801643,0.004184688472166447
43.18,2.363636386160175,-0.293606533509688,2.3646153035443795,-0.2895396471075252,0.0041830424637092165
43.22,2.3642846514726408,-0.3035854973453317,2.3652696642190927,-0.2995233594790047,0.004179858150191248
43.26,2.3649135100098535,-0.3135657031152848,2.365904458354581,-0.30950809792058565,0.004176857495530311
43.28,2.3652209792014687,-0.3185562402617463,2.3662148315902867,-0.31450082355944314,0.004175421799061563
43.32,2.365822630330433,-0.3285381233591553,2.366822072570906,-0.32448693901655407,0.004172646566602489
43.36,2.366407096930818,-0.33852102752072344,2.3674119922743064,-0.3344738804059464,0.004170037700070894
43.38,2.366693167647904,-0.3435128370347217,2.3677007365977802,-0.33946763810502373,0.004168792339465218
43.42,2.3672535529515066,-0.3534971220968663,2.368266269490018,-0.34945568911077035,0.004166386368122729
43.46,2.367798716787961,-0.3634822499414257,2.3688165067543943,-0.359444404712236,0.004164143430606369
43.48,2.3680658267675954,-0.3684751099644394,2.3690861049681153,-0.3644389954094518,0.0041630743816846415
43.52,2.368589614871074,-0.37846138205171803,2.3696147164221766,-0.37442861006362643,0.004161019478205907
43.56,2.36909989502889,-0.3884483535499284,2.3701297531759016,-0.3844187645622197,0.004159109906317649
43.58,2.369350189364198,-0.39344208481315085,2.3703823525139676,-0.38941403219990633,0.004158192951608703
43.62,2.3708781824796676,-0.3994049188169087,2.3708781824796676,-0.3994049188169087,0.0
43.66,2.3703209283206923,-0.4134185077912926,2.3713619996077355,-0.4093962435995931,0.004154809099409234
43.68,2.3705563406721155,-0.41841296275548173,2.371599569351776,-0.41439206003723167,0.004154032347935833
43.72,2.3710190029783753,-0.4284022537161767,2.3720664176520523,-0.4243839787452022,0.004152542744029741
43.76,2.371471098829232,-0.4383920285148211,2.3725226469912006,-0.43437625377899963,0.004151168542206123
43.78,2.371693346049713,-0.4433870866390562,2.372746933960099,-0.4393725163836028,0.004150520668648972
43.82,2.3721306023903246,-0.4533775220303862,2.373188168685789,-0.44936527503964624,0.004149285767937033
43.86,2.3725584835918387,-0.46336836337116805,2.3736200145068826,-0.45935832459390574,0.004148163313894633
43.88,2.373832515317378,-0.46435495324309484,2.373832515317378,-0.46435495324309484,0.0
43.92,2.373183791566174,-0.4783553230106269,2.374251020006752,-0.4743484018751852,0.00414661229560082
43.96,2.373590242589444,-0.4883470592037512,2.374661194619425,-0.48434208998887124,0.004145686512829531
43.98,2.374863283062635,-0.4893390181734264,2.374863283062635,-0.4893390181734264,0.0
44.02,2.3741853331083917,-0.5033352493266419,2.3752617100357662,-0.4993330319185116,0.004144433793864397
44.06,2.3745728223673574,-0.513327738897875,2.3756527627421944,-0.5093272429818536,0.00414369868442513
44.08,2.37476393165873,-0.5183240852625264,2.3758456342793743,-0.5143244179211329,0.004143358468841241
44.12,2.375141126138193,-0.5283169687632578,2.3762262870462685,-0.524318897803133,0.004142722003539318
44.16,2.3755118251070555,-0.538310095348482,2.3766004114203425,-0.534313540908346,0.004142157355104449
44.18,2.3756948410996586,-0.5433067447214092,2.376785123288822,-0.5393109199522498,0.004141899423915926
44.22,2.3760564281769527,-0.5533002051792902,2.3771500405055392,-0.5493057858624778,0.004141421688715211
44.26,2.376412266925291,-0.563293871982715,2.3775091923823037,-0.5593007868152627,0.0041410113031444
44.28,2.376588121859921,-0.5682907785151212,2.3776866873822207,-0.5642983351127614,0.004140827275778551
44.32,2.3769358944489887,-0.578284729284091,2.378037687041963,-0.5742935215212162,0.004140493488023542
44.36,2.3772785655427824,-0.5882788562826268,2.3783835689011608,-0.5842888210108597,0.004140219063283142
44.38,2.377448070958156,-0.5932759822364124,2.3785546551662167,-0.5892865111122999,0.0041400976389038
44.42,2.377783592250274,-0.6032703518357175,2.3788932950255943,-0.5992819663950989,0.004139886311541905
44.46,2.3781145961756196,-0.6132648720739989,2.3792274048196074,-0.6092775163146382,0.004139728134774184
44.48,2.3782784744450782,-0.6182621857343041,2.379392823405549,-0.6142753249225574,0.004139665776115684
44.52,2.3786031370178518,-0.628256913986071,2.3797205334148286,-0.6242710051471067,0.004139570506768877
44.56,2.378923809029882,-0.6382517710740203,2.380044232957769,-0.6342667649149992,0.0041395197626798805
44.58,2.379082708906653,-0.6432492455117882,2.380204643590559,-0.6392646728149138,0.004139511687582037
44.62,2.3793977707688527,-0.6532442810264529,2.3805226960749617,-0.6492605417270149,0.004139521198183637
44.66,2.380837201461915,-0.6592564776609428,2.380837201461915,-0.6592564776609428,0.0
44.68,2.3798637798576636,-0.6682370402997238,2.38099316703123,-0.6642544697095193,0.004139611563151483
44.72,2.380170331942738,-0.6782323404436994,2.381302646311876,-0.6742504987580767,0.004139710018819988
44.76,2.380473741850481,-0.6882277364659952,2.381608981372265,-0.6842465846997949,0.004139847600738545
44.78,2.380624320858379,-0.6932254685435059,2.381760998232141,-0.689244648440441,0.004139923205204113
44.82,2.380923336596514,-0.7032209969896807,2.3820628616523294,-0.6992408140777842,0.004140093400514561
44.86,2.381219575436522,-0.7132166081235448,2.3823619426185,-0.7092370280481441,0.004140297133659146
44.88,2.38251047471213,-0.7142351524124309,2.38251047471213,-0.7142351524124309,0.0
44.92,2.381659038416417,-0.7282101690613004,2.3828056180383905,-0.7242314336458356,0.004140649748022452
44.96,2.381948925160664,-0.7382059664381967,2.3830982980305655,-0.7342277561238272,0.004140919620014558
44.98,2.382092987568057,-0.7432038906068473,2.3832437481905657,-0.7392259321282244,0.004141063108425684
45.02,2.382379433238042,-0.7531997871883648,2.383532947826632,-0.7492223119431071,0.004141365141197726
45.06,2.383819966269417,-0.7592187270878894,2.383819966269417,-0.7592187270878894,0.0
45.08,2.382805065082043,-0.7681937471621142,2.383962692727712,-0.7642169471756433,0.004141864302269213
45.12,2.383086289319775,-0.7781897920103291,2.3842466395838535,-0.774213411228,0.004142223661443643
45.16,2.3833655909267524,-0.7881858907654545,2.3845286544985247,-0.7842099056615917,0.004142604786619559
45.18,2.383504551440604,-0.793183959388324,2.384668968628769,-0.7892081636517481,0.004142803293311121
45.22,2.383781154521481,-0.8031801331804651,2.3849482628902186,-0.7992047002078934,0.004143212432857885
45.26,2.3839188102828426,-0.8081782379088746,2.385225845906253,-0.8092012629728643,0.0016597958917938193
45.28,2.38419288734525,-0.8181744812803634,2.385364021256082,-0.8141995537141975,0.004143863389805016
45.32,2.384465384445135,-0.8281707678474606,2.3856391864767668,-0.8241961530873724,0.004144318243158226
45.36,2.384736364523577,-0.8381670956537586,2.3859128321863903,-0.8341927752375624,0.004144791783942753
45.38,2.3848713092309137,-0.8431652743135422,2.3860490985634764,-0.8391910947091394,0.004145032115671585
45.42,2.385140163932395,-0.8531616595098361,2.3863205853172604,-0.8491877490456138,0.004145522768421791
45.46,2.3854076839829754,-0.8631580805134738,2.386590731067233,-0.8591844230048044,0.00414602875047617
45.48,2.3855409643360264,-0.8681563038317454,2.386725322677914,-0.8641827669612522,0.004146287489208556
45.52,2.385806610263737,-0.8781527748149771,2.3869935798877964,-0.8741794682372067,0.004146813481384617
45.56,2.386071072320168,-0.8881492771886904,2.387260650648963,-0.8841761865425098,0.0041473540821958576
45.58,2.3862028783713654,-0.893147539602542,2.3873937568690082,-0.889174551844256,0.004147628638588416
45.62,2.387659148982786,-0.8991712940898224,2.387659148982786,-0.8991712940898224,0.0
45.66,2.3867274343496354,-0.9131406594080808,2.387923488918362,-0.9091680512128958,0.0041487543195304535
45.68,2.3868579355385764,-0.9181389560615011,2.388055280017481,-0.9141664351050788,0.004149042847498358
45.72,2.3871182213476807,-0.9281355680488,2.388318135631794,-0.9241632130513575,0.004149626310274962
45.76,2.387377579295655,-0.938132204152306,2.3885800615286117,-0.9341600039343377,0.004150221450983571
45.78,2.3875069249937524,-0.9431305308409472,2.388710688846161,-0.9391584040366722,0.004150522709443506
45.82,2.387764981207564,-0.953127200633023,2.388971299763565,-0.9491552131334414,0.004151131069405636
45.86,2.3880222153834434,-0.963123891611831,2.3892310869838824,-0.9591520335577088,0.0041517498658328374
45.88,2.3881505372025575,-0.9681222446914463,2.389360683233367,-0.9641504478535448,0.004152062564250275
45.92,2.388406617611781,-0.9781189652926622,2.3896193054068915,-0.9741472842409244,0.004152693350723392
45.96,2.3886619698970684,-0.9881157045196015,2.389877195970661,-0.984144130611841,0.004153332844203902
45.98,2.38878938487549,-0.9931140807980584,2.3900058786678824,-0.989142557358954,0.0041536556879795405
46.02,2.3890437162919156,-1.0031108460494411,2.390262738786768,-0.9991394176982965,0.004154306078183412
46.06,2.3892974012555896,-1.01310762772672,2.390518951483178,-1.0091362867892957,0.004154964957708211
46.08,2.389424011706078,-1.0181060244489237,2.3906468228691673,-1.0141347245249113,0.004155296647296976
46.12,2.389676790423458,-1.0281028290833278,2.390902117966731,-1.0241316060160925,0.004155964417321888
46.16,2.389928996627289,-1.038099648177969,2.3911568388772593,-1.034128495222037,0.004156639555003361
46.18,2.390054894556113,-1.0430980628976123,2.391283991888808,-1.039126942614472,0.004156979258597104
46.22,2.390306299245669,-1.0530949021812501,2.3915379013723417,-1.0491238426981906,0.004157662470237555
46.26,2.3905571970921127,-1.0630917541987541,2.3917913028354487,-1.0591207495606465,0.004158352416715936
46.28,2.3906824644626723,-1.0680901847609356,2.391917819793179,-1.0641192054498578,0.0041586992535670685
46.32,2.3909326528213417,-1.078087054559567,2.3921705023963176,-1.0741161218997384,0.004159396321482527
46.36,2.391182392508638,-1.0880839355764642,2.392422734914806,-1.084113044328123,0.004160099348656352
46.38,2.3913071012377762,-1.0930823801077276,2.3925486888873335,-1.0891115076975604,0.004160452810615767
46.42,2.392800285563793,-1.0991084385598895,2.392800285563793,-1.0991084385598895,0.0
46.46,2.39180492385378,-1.1130761834588947,2.393051483418018,-1.1091053747021336,0.004161878533782967
46.48,2.3919291369338325,-1.118074640331775,2.393176938069646,-1.1141038446891287,0.004162238065055355
46.52,2.3921772904291734,-1.1280715608492151,2.39342757155981,-1.1241007883069092,0.004162960183373968
46.56,2.3924250921833536,-1.1380684900917848,2.393677851244245,-1.134097736602097,0.00416368689270861
46.58,2.3925488667049266,-1.143066957843733,2.3938028645076805,-1.1390962124120494,0.004164052085714973
46.62,2.392796174416383,-1.1530638993203768,2.394052646636471,-1.1490931672547227,0.004164785177781312
46.66,2.3930431701192023,-1.163060848510764,2.3943021151728896,-1.159090126237532,0.004165522538571303
46.68,2.3931665558193536,-1.1680593258757799,2.394426736877058,-1.1640886072100403,0.004165892823951497
46.72,2.393413113216289,-1.1780562858858736,2.3946757636669296,-1.174085572009005,0.004166635915514957
46.76,2.3936593936656863,-1.1880532527225813,2.3949245125297467,-1.1840825404745998,0.004167383051325133
46.78,2.3937824344943754,-1.1930517385887356,2.3950487865432306,-1.1890810260357354,0.004167757873268667
46.82,2.3940283265831925,-1.2030487149854001,2.3952971425992167,-1.1990779996863632,0.0041685098138933546
46.86,2.3942739734058325,-1.2130456974117985,2.395545252391184,-1.2090749765849595,0.004169265420105709
46.88,2.394396708890969,-1.2180441907848478,2.395669218598824,-1.2140734662039605,0.004169644427747826
46.92,2.3946420121012753,-1.2280411816486514,2.3959169809029537,-1.2240704476827908,0.0041704044975148504
46.96,2.394887098274777,-1.238038177835695,2.3961645252334605,-1.2340674320345653,0.0041711679242103245
46.98,2.395009563247213,-1.243036677843728,2.3962882190546417,-1.2390659252414207,0.004171550898958639
47.02,2.3952543443529644,-1.2530336815051808,2.3965354559212733,-1.249062913643038,0.004172318811581983
47.06,2.3954989328813396,-1.263030689880129,2.3967825000484817,-1.2590599045823883,0.004173090048551354
47.08,2.3956211579583866,-1.2680291957599266,2.396905952206563,-1.264058400978481,0.0041734766629877235
47.12,2.3958654761499143,-1.278026210745351,2.397152722861055,-1.274055395535573,0.004174251732412477
47.16,2.396109623468364,-1.2880232299053125,2.397399322044534,-1.2840523923610814,0.004175029726846334
47.18,2.3962316358178466,-1.2930217409822686,2.3975225596793885,-1.2890508915961756,0.004175419651164885
47.22,2.397768916497743,-1.2990478916329316,2.397768916497743,-1.2990478916329316,0.0
47.26,2.396719300027504,-1.313015794688016,2.3980151213567957,-1.3090448936834405,0.004176985480653085
47.28,2.3968411240569565,-1.3180143103582684,2.3981381692361996,-1.3140433954300024,0.004177378551738413
47.32,2.3970846684823197,-1.328011344223934,2.3983841600108082,-1.3240404003144384,0.004178166316097824
47.36,2.3973280788591103,-1.3380083813543575,2.3986300160778655,-1.3340374069881311,0.004178956561009859
47.38,2.397449735989486,-1.3430069010894914,2.398752895753316,-1.3390359109659755,0.004179352573201438
47.42,2.3976929583864326,-1.3530039427951335,2.3989985620356835,-1.3490329201582025,0.004180146130454688
47.46,2.3979360618612287,-1.3630009873933868,2.399244108898223,-1.35902993094081,0.004180942047020134
47.48,2.3980575709764835,-1.367999510728819,2.399366839318552,-1.364028436905387,0.004181340802026268
47.52,2.39830050787836,-1.3779965593763341,2.3996122176539343,-1.3740254499338043,0.004182139732228794
47.56,2.3985433394713955,-1.3879936105823942,2.3998574902619554,-1.384022464372734,0.004182940893537543
47.58,2.3986647173151026,-1.3929921371071814,2.3999800884380385,-1.3890209721018674,0.004183342287033704
47.62,2.398907400626135,-1.4029891919139565,2.4002252115287264,-1.3990179885405278,0.004184146485021848
47.66,2.399149990637694,-1.4129862489851956,2.4004702406541156,-1.409015006239307,0.004184952694193149
47.68,2.399271252105741,-1.417984778334545,2.400592721528324,-1.4140135155391946,0.004185356570778084
47.72,2.3995137110376588,-1.427981838585719,2.4008376184424907,-1.424010535008126,0.00418616565868717
47.76,2.399756087264202,-1.4379789008424158,2.40108243216231,-1.4340075555951908,0.004186976697020605
47.78,2.3998772456448187,-1.4429774326915479,2.4012048091548355,-1.4390060662894886,0.004187382950308392
47.82,2.4001195056620386,-1.45297449776504,2.4014495056550014,-1.4490030884514267,0.00418819673816026
47.86,2.400361692354589,-1.4629715646151509,2.4016941283902256,-1.4590001116082914,0.00418901238656041
47.88,2.4004827593163864,-1.4679700986793291,2.401816413275267,-1.4639986235433653,0.004189420919126782
47.92,2.40072484289533,-1.4779671680269169,2.4020609320744373,-1.4739956481017513,0.004190239230702089
47.96,2.400966861518316,-1.4879642389472334,2.4023053854665566,-1.4839926735456177,0.004191059305154717
47.98,2.4010878474474104,-1.4929627749734065,2.4024275887569475,-1.4889911865831162,0.0041914700426423325
48.02,2.4013297746133944,-1.5029598481073851,2.4026719501388896,-1.4989882132707737,0.004192292739852976
48.06,2.401571644026263,-1.512956922638806,2.4029162535148494,-1.5089852407468256,0.004193117185088097
48.08,2.401692557960758,-1.5179554604070336,2.4030383843092507,-1.5139837547691732,0.0041935300444980615
48.12,2.401934346203821,-1.5279525369019515,2.4032826058156225,-1.5239807833593526,0.004194356945225615
48.16,2.4021760832792665,-1.5379496146342793,2.403526775890332,-1.5339778126512997,0.004195185516945186
48.18,2.4022969334912667,-1.542948153943543,2.4036488424019833,-1.5389763275503623,0.004195600386171429
48.22,2.4025385989193975,-1.552945233408102,2.4038929398848743,-1.5489733578340765,0.004196431225018313
48.26,2.402780219009214,-1.562942313968544,2.4041369918196223,-1.558970388741146,0.004197263688536369
48.28,2.4029010127384987,-1.567940854643073,2.404259001359631,-1.563968904420009,0.0041976805106659935
48.32,2.403142569094604,-1.577937936743699,2.4045029889231775,-1.5739659362101195,0.0041985152552695415
48.36,2.4032633320593075,-1.5829364781615864,2.4047469360949645,-1.5839629685553118,0.0018040963009296552
48.38,2.4035048289572907,-1.5929335616986995,2.4048688951602495,-1.5889614849274087,0.004199770289323212
48.42,2.403746288765828,-1.602930646131709,2.4051127853402763,-1.5989585180566879,0.0042006088049650215
48.46,2.403987712939861,-1.6129277314253403,2.4053566396509956,-1.6089555516815022,0.0042014488284181336
48.48,2.4041084122033687,-1.61792627438182,2.4054785539275674,-1.6139540686716194,0.0042018694111716215
48.52,2.404349786269213,-1.6279233608854053,2.405722357690898,-1.623951102994862,0.004202711631388849
48.56,2.404591128742086,-1.6379204481517426,2.4059661296797765,-1.6339481377585574,0.004203555333102901
48.58,2.4047117886654394,-1.642918992058008,2.4060880042510875,-1.6389466552987222,0.0042039777196548524
48.62,2.4049530868748628,-1.6529160803928153,2.406331731404841,-1.6489436906846515,0.004204823508016071
48.66,2.4051943570634116,-1.6629131694039185,2.4065754303738043,-1.6589407264630012,0.0042056707440696435
48.68,2.4053149820892057,-1.6679117141524573,2.4066972697255005,-1.6639392444932426,0.004206094899409057
48.72,2.4055562129153745,-1.677908804113466,2.40694092892358,-1.6739362808260299,0.004206944222663622
48.76,2.405797418841176,-1.687905894675286,2.4071845630891477,-1.6839333175092266,0.004207794969455834
48.78,2.40591801286477,-1.6929044401718747,2.4073063711251375,-1.688931835977944,0.004208220852185276
48.82,2.4061591838783554,-1.702901531575984,2.407549969896554,-1.6989288731579646,0.004209073610033065
48.86,2.406400332824332,-1.7128986235124262,2.4077935465229228,-1.7089259106487398,0.004209927779337759
48.88,2.4065208993779406,-1.7178971696716725,2.40791532681271,-1.7139244295073506,0.004210355363155669
48.92,2.406762017368008,-1.727894262354787,2.408158872047329,-1.7239214674406853,0.004211211515069403
48.96,2.407003115800466,-1.7378913555096005,2.408402397591471,-1.7339185056520645,0.0042120690309112455
48.98,2.407123657980337,-1.7428899022566968,2.4085241532931567,-1.7389170248574948,0.0042124983027083856
49.02,2.4073647289113604,-1.7528869960747135,2.4087676510860607,-1.7489140634608786,0.0042133578274742905
49.06,2.407605782485508,-1.7628840903112541,2.4090111314109577,-1.7589111023120232,0.004214218699153539
49.08,2.4077263030532805,-1.7678826375794852,2.409132865280543,-1.7639096218269805,0.004214649625865849
49.12,2.407967332310229,-1.7778797324023485,2.4093763209454946,-1.7739066610284702,0.004215512438155025
49.16,2.4082083461765746,-1.7878768275962593,2.409619761134158,-1.7839037004502565,0.00421637658431917
49.18,2.408328847593002,-1.7928753753262177,2.4097414756460767,-1.7889022202408005,0.004216809143073682
49.22,2.408569839888855,-1.8028724710401471,2.4099848939582906,-1.7988992599747908,0.0042176752114519815
49.26,2.4088108185321926,-1.8128695670831667,2.4102282985404995,-1.8088962999050957,0.004218542596950516
49.28,2.408931302949275,-1.8178681152229001,2.4103499958790096,-1.813894819941231,0.004218976774552462
49.32,2.4091722624193648,-1.8278652117280765,2.410593381052751,-1.8238918601497693,0.004219846079538173
49.36,2.409413209780624,-1.8378623085251105,2.4108367540302127,-1.8338889005336518,0.004220716680508759
49.38,2.4095336791084065,-1.8428608570285325,2.4109584361392216,-1.838887420788503,0.004221152467091907
49.42,2.4097746094543564,-1.8528579542356391,2.4112017919257682,-1.8488844614196416,0.0042220249839963605
49.46,2.410015529060617,-1.8628550517015654,2.4114451368904866,-1.8588815022070704,0.004222898783113997
49.48,2.410135985009632,-1.8678536005274062,2.411566805486612,-1.8638800226568646,0.004223336161212372
49.52,2.410376889549616,-1.8778506983564054,2.4118101351972947,-1.873877063664714,0.004224211849517431
49.56,2.410617784566051,-1.8878477964148908,2.412053455328654,-1.8838741048113126,0.0042250888155092245
49.58,2.4107382286542256,-1.892846345526549,2.412175111945584,-1.8888726254346146,0.004225527773193187
49.62,2.4109791102982383,-1.9028434439072588,2.412418418539581,-1.8988696667777496,0.0042264066165724245
49.66,2.4112199834752888,-1.9128405424919763,2.41266171662139,-1.9088667082448487,0.004227286728885526
49.68,2.4113404170226236,-1.917839091857611,2.412783362581733,-1.9138652290234648,0.004227727251273683
49.72,2.411581278316475,-1.9278361907286374,2.4130266486100953,-1.9238622706667488,0.0042286092210040965
49.76,2.4118221321145854,-1.9378332897802584,2.4132699270765463,-1.9338593124207464,0.00422949244068284
49.78,2.411942556322485,-1.9428318393709054,2.413391563602855,-1.9388578333372648,0.004229934521239823
49.82,2.4121833995950546,-1.9528289386761088,2.413634831426878,-1.9488548752470056,0.004230819601562587
49.86,2.4124242361960064,-1.9628260381420382,2.4138780925471472,-1.9588519172552747,0.004231705934060362
49.88,2.4125446521004688,-1.967824587932724,2.4139997206733286,-1.9638504382954134,0.004232149559202861
49.92,2.4127854793440204,-1.9778216876240742,2.414242972285052,-1.9738474804440815,0.004233037725163965
49.96,2.4130263006777484,-1.9878187874577886,2.414486217948781,-1.9838445226805532,0.004233927131852064
49.98,2.413146709219197,-1.9928173374258398,2.4146078386348866,-1.9888430438305318,0.004234372297176959
50.02,2.4133875222500007,-2.002814437459554,2.4148510758891875,-1.9988400861914424,0.004235263540455945
50.06,2.41362833003767,-2.012811537619572,2.4150943078709286,-2.008837128630491,0.004236156019328656
50.08,2.4137487320435107,-2.017810087745058,2.415215921957287,-2.01383564987832,0.0042366027191194245
50.12,2.413989532451971,-2.027807188082823,2.4154591464748707,-2.023832692428332,0.004237497030544003
50.16,2.41423032819931,-2.037804288532859,2.4157023663009136,-2.0338297350482866,0.004238392569630526
50.18,2.414350724401489,-2.0428028387981305,2.4158239745180476,-2.0388282563836286,0.004238840793850164
50.22,2.414591513615634,-2.052799939405517,2.416067187708308,-2.0488252991027647,0.0042397381480526915
50.26,2.4148322987014996,-2.062797040112333,2.4163103967350215,-2.058822341884245,0.004240636721185243
50.28,2.4149526897583673,-2.067795590501535,2.4164319997529766,-2.0638208632973654,0.004241086465484717
50.32,2.4151934690363905,-2.0777926913482463,2.416675202909631,-2.0738179061668136,0.0042419868587308274
50.36,2.4154342446510633,-2.087789792283188,2.416918402374678,-2.083814949091748,0.004242888467200098
50.38,2.4155546311416787,-2.0927883427823715,2.417040000779613,-2.0888134705741734,0.004243339726300728
50.42,2.415795401608858,-2.1027854438412876,2.4172831950332103,-2.0988105135775528,0.004244243145143979
50.46,2.4160361688213277,-2.112782544978589,2.417526386009245,-2.1088075566304214,0.004245147775429411
50.48,2.417647980314756,-2.113806078174749,2.417647980314756,-2.113806078174749,0.0
50.52,2.4163973138933112,-2.1277781968229443,2.4178911666562155,-2.1238031212977666,0.004246506977281879
50.56,2.4166380736366038,-2.1377752981401295,2.4181343500843777,-2.1338001644650038,0.004247414618715879
50.58,2.4167584524695944,-2.1427738488237353,2.418255940745295,-2.1387986860646606,0.004247868888865889
50.62,2.416999208154852,-2.152770950238649,2.4184991200523878,-2.148795729294613,0.004248778324915471
50.66,2.417239961275819,-2.1627680517153167,2.418742296776594,-2.1587927725639116,0.004249688963734358
50.68,2.4173603369148466,-2.1677666024758415,2.4188638842067913,-2.1637912942127873,0.004250144732291083
50.72,2.417601086434491,-2.1777637040392364,2.4191070572785223,-2.1737883375378595,0.004251057163029162
50.76,2.4178418336776004,-2.187760805657454,2.419350228056954,-2.183785380898021,0.004251970792653474
50.78,2.417962206481084,-2.1927593564862633,2.4194718126187285,-2.18878390259079,0.004252428055340565
50.82,2.418202950526258,-2.2027564581814834,2.419714980154087,-2.1987809460006913,0.0042533434725000605
50.86,2.4184436925512833,-2.2127535599253547,2.4199581456506642,-2.208777989441946,0.004254260083583743
50.88,2.418564062837159,-2.2177521108147915,2.420079727666596,-2.213776511173836,0.004254718836816292
50.92,2.4188048020213073,-2.2277492126270797,2.420322890288219,-2.223773554659347,0.004255637233427162
50.96,2.4190455394116714,-2.2377463144825516,2.420566051099311,-2.2337705981728178,0.004256556820686403
50.98,2.419165907461049,-2.2427448654258395,2.420687630854475,-2.2387691199395965,0.0042570170609807865
51.02,2.4194066423278016,-2.252741967342094,2.420930789112388,-2.2487661634925504,0.0042579384296875375
51.06,2.419647375602553,-2.2627390692966842,2.4211739457662547,-2.2587632070703614,0.00425886098709563
51.08,2.419767741666887,-2.2677376202877784,2.4212955235155316,-2.2637617288682277,0.004259322711078038
51.12,2.420008472700372,-2.277734722296331,2.4215386779016237,-2.273758772481254,0.004260247045647457
51.16,2.420249202314931,-2.2877318243390525,2.421781830859427,-2.283755816116538,0.004261172566431281
51.18,2.4203695666116127,-2.292730375372711,2.421903406820295,-2.2887543379422994,0.004261635769725462
51.22,2.420610294231253,-2.302727477463476,2.4221465577540613,-2.298751381609252,0.0042625630615261735
51.26,2.4208510205930964,-2.3127245795845295,2.422389707419674,-2.308748425296055,0.004263491535823451
51.28,2.4209713833219833,-2.3177231306559385,2.422511281795442,-2.3137469471466194,0.004263956215575144
51.32,2.421212107916981,-2.327720232819528,2.4227544296696752,-2.323743990861505,0.004264886457758828
51.36,2.4214528313948365,-2.337717335010019,2.42299757641759,-2.3337410345940937,0.004265817879728279
51.38,2.4215731927324993,-2.3427158861149295,2.4231191493843203,-2.3387395564668134,0.004266284031777167
51.42,2.4218139146408237,-2.35271298834322,2.423362294538589,-2.3487366002245262,0.004267217217144364
51.46,2.4220546355569703,-2.3627100905954017,2.423605438692563,-2.358733643998031,0.0042681515796778
51.48,2.422174995659071,-2.367708641730064,2.423727010410182,-2.363732165890455,0.0042686192018805
51.52,2.4224157151831496,-2.3777057440157656,2.423970153153329,-2.373729209686252,0.004269555325433351
51.56,2.4225360746116236,-2.3827042951666484,2.424213295007829,-2.3837262534961394,0.00196404355467563
51.58,2.422776792831248,-2.3927013974837594,2.424334865613768,-2.388724775406193,0.004270961711771703
51.62,2.4230175102379916,-2.402698499820434,2.4245780062108184,-2.398721819236063,0.004271900765621868
51.66,2.4232582268615297,-2.412695602175969,2.424821146018545,-2.408718863078499,0.004272840991742199
51.68,2.423378584891733,-2.4176941533605203,2.424942715636099,-2.4137173850043023,0.004273311543111249
51.72,2.423619300415385,-2.4276912557425465,2.425185854325097,-2.423714428864621,0.004274253521847254
51.76,2.425428992313032,-2.4337114727361486,2.425428992313032,-2.4337114727361486,0.0
51.78,2.423980372408895,-2.442686909346695,2.4255505610535057,-2.4387099946759774,0.004275668681952929
51.82,2.424221086262468,-2.452684011768935,2.4257936980493686,-2.4487070385634078,0.00427661357966542
51.86,2.4243414429556807,-2.457682562985678,2.426036834422444,-2.4587040824608373,0.0019793570329030576
51.88,2.4245821558963025,-2.4676796654299,2.4261584023845,-2.4637026044131614,0.00427803311375884
51.92,2.4248228682675674,-2.477676767887831,2.4264015378776467,-2.473699648324742,0.004278980925043986
51.96,2.425063580091033,-2.487673870358952,2.4266446728174316,-2.4836966922452453,0.004279929901016863
51.98,2.4251839358059253,-2.49267242159925,2.426766240088495,-2.4886952142087027,0.004280404825488206
52.02,2.425424646859727,-2.5026695240889048,2.4270093742476635,-2.498692258141804,0.004281355545623639
52.06,2.425665357426655,-2.5126666265902813,2.427252507915648,-2.508689302082856,0.004282307428487189
52.08,2.4257857125351063,-2.5176651778451826,2.4273740745723673,-2.5136878240562566,0.0042827838053882995
52.12,2.4260264224179084,-2.5276622803630313,2.427617207545443,-2.523684868008581,0.004283737428848909
52.16,2.4262671318674203,-2.5376593828913125,2.427860340081995,-2.5336819119679985,0.004284692213076292
52.18,2.4263874864368224,-2.5426579341591933,2.4279819061917234,-2.5386804339502977,0.0042851700394012805
52.22,2.4266281952790836,-2.5526550367020953,2.428225038108706,-2.5486774779198247,0.004286126560069564
52.26,2.426868903735848,-2.562652139254279,2.4284681696378105,-2.5586745218956826,0.004287084239502222
52.28,2.426989257825729,-2.5676506905337066,2.4285897352605934,-2.563673043885944,0.004287563512528828
52.32,2.427229965741811,-2.5776477930989086,2.4288328662374,-2.5736700878708625,0.00428852292520212
52.36,2.427470673315929,-2.587644895672345,2.4290759968696145,-2.583667131861427,0.004289483494252742
52.38,2.4275910269802345,-2.592643446962019,2.42919756206056,-2.5886656538587705,0.0042899642115721785
52.42,2.429440692203653,-2.5986626978573746,2.429440692203653,-2.5986626978573746,0.0
52.46,2.428072440865666,-2.6126376521392696,2.4296838220401424,-2.608659741861012,0.004291889964959987
52.48,2.42819279415199,-2.6176362034380407,2.429805386848207,-2.613658263864649,0.00429237212429778
52.52,2.4284335005161055,-2.6276333060406114,2.4300485162520946,-2.623655307875433,0.004293337306764425
52.56,2.428674206610717,-2.637630408649671,2.4302916453837273,-2.633652351890715,0.004294303641094169
52.58,2.428794559560926,-2.642628959956539,2.4304132098515825,-2.638650873899975,0.004294787240000254
52.62,2.4290352652758695,-2.6526260625747398,2.430656338598578,-2.648647917921622,0.004295755300145488
52.66,2.4292759707509486,-2.662623165198716,2.4308994671032,-2.65864496194729,0.004296724510069158
52.68,2.4293963234022815,-2.66762171651278,2.4310210312681306,-2.6636434839615766,0.00429720954583377
52.72,2.429637028540348,-2.6776188191448713,2.4312641594302016,-2.673640527992941,0.004298180478090906
52.76,2.429877733464772,-2.6876159217821054,2.4315072873770407,-2.683637572027891,0.004299152558336274
52.78,2.4299980858502117,-2.692614473102571,2.4316288512720337,-2.6886360940466805,0.0042996390282627195
52.82,2.4302387904748,-2.7026115757470253,2.4318719789128407,-2.6986331380867514,0.00430061282735787
52.86,2.4304794949099238,-2.7126086783960415,2.4321151063623345,-2.7086301821300216,0.0043015877722058955
52.88,2.4305998470593004,-2.7176072297221854,2.4322366700180207,-2.7136287041528093,0.004302075673947728
52.92,2.430840551227846,-2.7276043323776107,2.432479797196768,-2.7236257482006043,0.004303052335279298
52.96,2.4310812552278764,-2.7376014350371025,2.4327229242051818,-2.7336227922512766,0.004304030140258257
52.98,2.431201607167322,-2.7425999863683073,2.4328444876479747,-2.7386213142776454,0.004304519471290748
53.02,2.4314423109305516,-2.7525970890335008,2.4330876144156193,-2.7486183583323704,0.004305498989675015
53.06,2.431683014544098,-2.7625941917022985,2.433330741031966,-2.758615402389646,0.004306479649702275
53.08,2.431803366297033,-2.7675927430379934,2.433452304285692,-2.763613924419203,0.004306970407569279
53.12,2.432044069700077,-2.777589845711858,2.433695430688243,-2.7736109684800887,0.004307952778145295
53.16,2.432284772969814,-2.787586948388933,2.4339385569563694,-2.7836080125432496,0.004308936288488108
53.18,2.4340601200416914,-2.7886065345756585,2.4340601200416914,-2.7886065345756585,0.0
53.22,2.432645827638893,-2.802582602410216,2.434303246119017,-2.7986035786420596,0.0043104136884771745
53.26,2.432886530602646,-2.8125797050946444,2.434546372076491,-2.8086006227104874,0.004311400043860953
53.28,2.4330068820419357,-2.817578256437888,2.434667935012148,-2.813599144745436,0.0043118936479066864
53.32,2.4332475848391018,-2.8275753591263406,2.4349110608004576,-2.8235961888167567,0.004312881707939968
53.36,2.4334882875309103,-2.8375724618173304,2.435154186482141,-2.8335932328898985,0.004313870903564733
53.38,2.4336086388388933,-2.8425710131637385,2.435275749284655,-2.8385917549271245,0.004314365926996529
53.42,2.4338493413824205,-2.8525681158582987,2.4355188748158327,-2.8485887990028393,0.004315356824345402
53.46,2.434090043832243,-2.862565218555114,2.4357620002522546,-2.8585858430801796,0.004316348855332211
53.48,2.4342103950234137,-2.8675637699043355,2.4358835629363615,-2.863584365119434,0.004316845295700752
53.52,2.4344510973412503,-2.877560872604321,2.4361266882388595,-2.873581409199069,0.004317839025472292
53.56,2.434691799575535,-2.8875579753063207,2.436369813456936,-2.8835784532801534,0.004318833886933551
53.58,2.4348121506626557,-2.8925565266580464,2.4364913760354345,-2.888576975321227,0.0043193317417126115
53.62,2.4350528527795947,-2.902553629362878,2.436734501133958,-2.898574019404382,0.004320328298809232
53.66,2.4352935548223646,-2.912550732069495,2.436977626157461,-2.908571063488835,0.004321325985573049
53.68,2.4354139058170947,-2.9175492834234458,2.4370991886422106,-2.913569585531528,0.004321825252317063
53.72,2.4356546077555876,-2.927546386132574,2.4373423135596766,-2.9235666296178153,0.004322824631871942
53.76,2.435895309628074,-2.9375434888432905,2.4375854384103706,-2.933563673705261,0.00432382513911431
53.78,2.4360156605405483,-2.9425420401992217,2.4377070008116837,-2.9385621957494013,0.004324325815376437
53.82,2.4362563623201017,-2.952539142912172,2.437950125567994,-2.9485592398384877,0.004325328012513494
53.86,2.4364970640408745,-2.962536245626544,2.438193250264939,-2.958556283928606,0.004326331335410994
53.88,2.436617414880135,-2.967534796984238,2.438314812591949,-2.963554805974041,0.004326833418715994
53.92,2.4368581165182626,-2.9775318997005975,2.4385579372047363,-2.973551850065629,0.004327838428474048
53.96,2.437098818104089,-2.987529002418216,2.4388010617645537,-2.9835488941581443,0.0043288445619454035
53.98,2.4372191688782103,-2.992527553777478,2.4389226240254183,-2.9885474162047343,0.004329348049824084
54.02,2.437459870390514,-3.0025246564968673,2.439165748510446,-2.998544460298559,0.004330355867257317
54.06,2.4377005718561646,-3.01252175921738,2.4394088729483734,-3.00854150439321,0.004331364806498162
54.08,2.4378209225722007,-3.017520310578041,2.4395304351502216,-3.013540026440837,0.0043318696964807545
54.12,2.43806162397224,-3.0275174133001244,2.4397735595212438,-3.0235370705366624,0.00433288031667006
54.16,2.438302325330778,-3.0375145160232093,2.440016683850293,-3.033534114633225,0.004333892056664676
54.18,2.438422675995142,-3.042513067385114,2.4401382459996306,-3.038532636681778,0.004334398346294457
54.22,2.4386633772953883,-3.052510170109609,2.4403813702692205,-3.048529680779399,0.004335411764302511
54.26,2.4389040785587195,-3.0625072728349925,2.4406244945014426,-3.058526724877681,0.004336426300126839
54.28,2.439024429177099,-3.0675058241980047,2.4407460566040755,-3.0635252469270613,0.004336933986962275
54.32,2.4392651303884816,-3.0775029269246392,2.4409891807834465,-3.073522291026281,0.004337950197924984
54.36,2.4395058315670313,-3.0875000296520514,2.4412323049295837,-3.0835193351260783,0.004338967524736125
54.38,2.439626182144471,-3.092498581016045,2.4413538669906876,-3.0885178571761913,0.004339476606346156
54.42,2.4398668832767294,-3.1024956837445847,2.441596991089833,-3.0985149012768383,0.004340495605398036
54.46,2.4401075843796938,-3.1124927864738288,2.441840115159341,-3.1085119453780137,0.0043415157183357015
54.48,2.440227934920633,-3.117491337838706,2.441961677183371,-3.1135104674287932,0.0043420261922430346
54.52,2.4404686359823815,-3.127488440568944,2.4422048012108912,-3.1235075115307205,0.004343047974413564
54.56,2.440709337018046,-3.137485543299809,2.4424479252120195,-3.13350455563312,0.004344070868500614
54.58,2.4408296875264823,-3.142484094665468,2.442569487203033,-3.138503077684491,0.004344582732248632
54.62,2.4410703885254037,-3.152481197397209,2.4428126111667665,-3.148500121787557,0.004345607292639992
54.66,2.441190739016057,-3.1574797487632886,2.443055735106995,-3.1584971658910375,0.0021244641750452894
54.68,2.4414314399804806,-3.167476851495868,2.443177297068525,-3.1634956879429383,0.004347146214133063
54.72,2.4416721409234134,-3.1774739542289665,2.4434204209752926,-3.1734927320470345,0.004348173547790567
54.76,2.4419128418456526,-3.1874710569625635,2.4436635448611317,-3.183489776151509,0.004349201989431821
54.78,2.4420331922993457,-3.1924696083295405,2.4437851067964766,-3.188488298203883,0.004349716625473604
54.82,2.4422738931925245,-3.202466711063836,2.4440282306526586,-3.198485342308894,0.004350746727500848
54.86,2.4425145940672772,-3.212463813798577,2.444271354490197,-3.208482386414241,0.0043517779355427555
54.88,2.442634944498023,-3.2174623651661065,2.444392916402218,-3.2134809084670364,0.0043522939540556185
54.92,2.4428756453468483,-3.2274594679014714,2.4446360402133323,-3.223477952572863,0.00435332681955828
54.96,2.443116346179286,-3.2374565706372294,2.444879164007834,-3.2334749966789933,0.004354360789088292
54.98,2.443236696589609,-3.2424551220052504,2.445000725899109,-3.2384735187321665,0.004354878187620033
55.02,2.4434773973989685,-3.2524522247415617,2.445243849670141,-3.2484705628387225,0.004355913811687683
55.06,2.443718098193704,-3.2624493274782265,2.445486973426367,-3.2584676069455485,0.004356950537827806
55.08,2.443838448585809,-3.2674478788466867,2.4456085352991375,-3.2634661289990596,0.0043574693139230335
55.12,2.4440791493599643,-3.2774449815838382,2.44585165903441,-3.2734631731062636,0.004358507691640451
55.16,2.4443198501210976,-3.287442084321307,2.4460947827564996,-3.283460217213706,0.0043595471694670845
55.18,2.4444402004969827,-3.292440635690157,2.446216344612782,-3.288458739267519,0.004360067320662037
55.22,2.4446809012398054,-3.302437738428074,2.4464594683161933,-3.2984557833753145,0.004361108447104747
55.26,2.444921601971032,-3.3124348411662687,2.4467025920078678,-3.3084528274833245,0.004362150671682891
55.28,2.445041952332472,-3.317433392535467,2.4468241538494717,-3.3134513495374067,0.004362672195524035
55.32,2.4452826530473613,-3.3274304952740557,2.447067277524518,-3.323448393645722,0.00436371606579111
55.36,2.4455233537519,-3.3374275980128925,2.447310401189085,-3.33344543775423,0.00436476103222394
55.38,2.445643704100442,-3.3424261493824017,2.4474319630175825,-3.3384439598085542,0.004365283926251742
55.42,2.4458844047904034,-3.352423252121591,2.4476750866673007,-3.3484410039173365,0.00436633053541963
55.46,2.446004755131892,-3.3574218034912686,2.4479182103076753,-3.358438048026292,0.0021665787926352163
55.48,2.446245455808187,-3.3674189062307875,2.448039772124486,-3.3634365700808337,0.004367902500533465
55.52,2.44648615647594,-3.3774160089705014,2.448282895751618,-3.3734336141900303,0.0043689518436677835
55.56,2.446726857135475,-3.387413111710418,2.448526019370416,-3.383430658299382,0.004370002279028069
55.58,2.446847207462286,-3.3924116630804493,2.4486475811768216,-3.388429180354117,0.004370527906045959
55.62,2.4470879081102446,-3.40240876582065,2.4488907047838433,-3.3984262244636927,0.004371579978247346
55.66,2.4491338283834203,-3.408423268573407,2.4491338283834203,-3.408423268573407,0.0
55.68,2.447448959068518,-3.4174044199312794,2.4492553901805136,-3.4134217906283153,0.004373160130525087
55.72,2.4476896596987934,-3.4274015226719046,2.449498513769535,-3.423418834738228,0.004374214926851499
55.76,2.447930360322526,-3.4373986254126887,2.4497416373519165,-3.433415878848265,0.004375270811461521
55.78,2.4480507106320353,-3.442397176783137,2.449863199140718,-3.438414400903328,0.00437579916162689
55.82,2.4482914112465384,-3.4523942795241434,2.4501063227137134,-3.448411445013541,0.00437685667717486
55.86,2.448532111855202,-3.4623913822652894,2.450349446280784,-3.4584084891238653,0.004377915279034978
55.88,2.448652462157435,-3.467389933635913,2.450471008062193,-3.463407011179067,0.004378444987088211
55.92,2.44889316275788,-3.4773870363772574,2.4507141316208987,-3.473404055289549,0.004379505216931182
55.96,2.4491338633531097,-3.4873841391187277,2.450957255174317,-3.4834010994001305,0.004380566531119969
55.98,2.4492542136488513,-3.4923826904895074,2.4510788169491176,-3.4883996214554576,0.004381097594593104
56.02,2.4494949142367433,-3.5023797932311536,2.4513219404950473,-3.498396665566179,0.0043821605338025945
56.06,2.4497356148199776,-3.5123768959729125,2.451565064036261,-3.5083937096769917,0.004383224555389738
56.08,2.4498559651099194,-3.517375447343832,2.4516866258051593,-3.5133922317324298,0.004383756971823998
56.12,2.4500966656866052,-3.527372550085748,2.4519297493396794,-3.5233892758433685,0.004384822615473797
56.16,2.4503373662591352,-3.5373696528277514,2.452172872869986,-3.533386319954377,0.004385889339527739
56.18,2.4504577165439048,-3.5423682041987923,2.452294434633618,-3.538384842009911,0.0043864231064604945
56.22,2.450698417110582,-3.5523653069409407,2.4525375581579585,-3.5483818861210406,0.004387491449627941
56.26,2.4509391176735495,-3.5623624096831805,2.452780681678536,-3.5583789302322373,0.004388560871236591
56.28,2.4510594679536934,-3.5673609610543364,2.452902243437463,-3.5633774522878667,0.00438909598620524
56.32,2.451300168511428,-3.5773580637966993,2.4531453669527066,-3.57337449639917,0.004390167023970068
56.36,2.451540869065849,-3.587355166539145,2.453388490464593,-3.5833715405105324,0.004391239138208837
56.38,2.4516612193418683,-3.5923537179104,2.45351005221932,-3.588370062566241,0.004391775598752161
56.42,2.451901919891627,-3.602350820652965,2.4537531757264417,-3.5983671066777023,0.00439284932619348
56.46,2.452142620438427,-3.612347923395601,2.453996299230569,-3.6083641507892237,0.00439392412812953
56.48,2.4522629707107626,-3.6173464747669377,2.454117860981546,-3.6133626728450006,0.004394461931781593
56.52,2.4525036712534,-3.6273435775096634,2.454360984481418,-3.62335971695659,0.004395538343969474
56.56,2.4527443717933957,-3.6373406802524637,2.454604107978611,-3.6333567610682436,0.004396615828679738
56.58,2.4528647220624418,-3.6423392316238856,2.4547256697262405,-3.6383552831240893,0.004397154972982806
56.62,2.453105422598711,-3.6523363343667756,2.454968793219638,-3.6483523272358167,0.004398234064993067
56.66,2.4533461231326155,-3.6623334371097216,2.4552119167106423,-3.65834937134759,0.0043993142275582575
56.68,2.4534664733987173,-3.6673319884812146,2.4553334784552776,-3.6633478934034938,0.004399854710049067
56.72,2.4537071739292955,-3.6773290912242405,2.4555766019428864,-3.6733449375153335,0.004400936476955246
56.76,2.453947874457767,-3.687326193967318,2.455819725428358,-3.683341981627215,0.004402019312443946
56.78,2.4540682247212455,-3.692324745338875,2.4559412871703232,-3.6883405036831696,0.004402561130660375
56.82,2.4543089252467523,-3.7023218480820237,2.456184410652768,-3.698337547795109,0.004403645567537037
56.86,2.454549625770374,-3.7123189508252055,2.456427534133304,-3.7083345919070756,0.004404731071023962
56.88,2.454669976031506,-3.717317502196816,2.4565490958728793,-3.7133331139630736,0.00440527422250067
56.92,2.4549106765524735,-3.727314604940074,2.4567922193507017,-3.723330158075104,0.004406361324418682
56.96,2.4551513770717595,-3.737311707683371,2.457035342826816,-3.733327202187167,0.0044074494909761685
56.98,2.4552717273307962,-3.742310259055035,2.4571569045642594,-3.738325724243211,0.004407993973249769
57.02,2.457400028037959,-3.748322768355323,2.457400028037959,-3.748322768355323,0.0
57.06,2.455753128363115,-3.762304464541782,2.457643151510131,-3.758319812467464,0.004410174559994319
57.08,2.455873478620275,-3.7673030159134844,2.457764713245664,-3.7633183345235404,0.004410720370601195
57.12,2.4561141791335577,-3.7773001186569184,2.4580078367156664,-3.773315378635709,0.004411812787834942
57.16,2.4563548796454944,-3.7872972214003817,2.458250960184303,-3.7833124227479074,0.004412906265762903
57.18,2.456475229900976,-3.792295772772126,2.458372521918128,-3.788310944804017,0.00441345340224332
57.22,2.4567159304110073,-3.802292875515646,2.458615645384827,-3.7983079889162643,0.00441454846974045
57.26,2.456956630919834,-3.812289978259196,2.4588587688503,-3.808305033028537,0.004415644595964437
57.28,2.4570769811738145,-3.817288529630982,2.458980330582597,-3.8133035550846817,0.004416193055854243
57.32,2.457317681680944,-3.8272856323745725,2.459223454046341,-3.823300599196989,0.004417290768689881
57.36,2.457558382186997,-3.8372827351181904,2.4594665775089926,-3.8332976433093178,0.004418389538285421
57.38,2.457678732439635,-3.8422812864900076,2.4595881392399233,-3.8382961653654895,0.004418939319120221
57.42,2.4579194329441667,-3.852278389233662,2.459831262701025,-3.848293209477848,0.004420039672373677
57.46,2.4581601334477345,-3.862275491977338,2.4600743861611467,-3.858290253590227,0.004421141080412326
57.48,2.4582804836991707,-3.867274043349179,2.460195947890855,-3.8632887756464185,0.004421692179730537
57.52,2.4585211842013788,-3.87727114609287,2.4604390713495907,-3.8732858197588076,0.0044227951684708555
57.56,2.4587618847027244,-3.887268248836595,2.460682194807451,-3.883282863871226,0.004423899210030022
57.58,2.4588822349530863,-3.8922668002084677,2.4608037565360656,-3.8882813859274448,0.004424451625369746
57.62,2.4591229354532125,-3.9022639029522277,2.461046879992685,-3.8982784300398943,0.004425557244676609
57.66,2.459363635952567,-3.9122610056959926,2.461290003448519,-3.908275474152347,0.00442666391482965
57.68,2.4614115651761526,-3.9132739962085803,2.4614115651761526,-3.9132739962085803,0.0
57.72,2.459724686700226,-3.927256659811688,2.4616546886308757,-3.923271040321068,0.0044283258886762015
57.76,2.459965387197795,-3.9372537625554975,2.461897812084897,-3.93326808443356,0.004429435182501439
57.78,2.4600857374463296,-3.942252313927409,2.462019373811653,-3.9382666064898117,0.004429990222496806
57.82,2.460326437942921,-3.9522494166712425,2.462262497264676,-3.9482636506023288,0.004431101088156259
57.86,2.4605671384388907,-3.9622465194150958,2.46250562071707,-3.9582606947148524,0.004432213000735023
57.88,2.4606874886866517,-3.967245070787032,2.4626271824430375,-3.9632592167711236,0.004432769349367812
57.92,2.460928189181745,-3.977242173530911,2.4628703058945334,-3.973256260883675,0.004433882830825496
57.96,2.461168889676282,-3.987239276274807,2.4631134293454653,-3.983253304996238,0.004434997357226247
57.98,2.461289239923349,-3.992237827646758,2.463234991070726,-3.988251827052524,0.004435555012031091
58.02,2.4615299404171003,-4.002234930390673,2.463478114520853,-3.9982488711651034,0.004436671104361701
58.06,2.4617706409103537,-4.012232033134595,2.4637212379704736,-4.008245915277694,0.0044377882396583
58.08,2.461890991156801,-4.017230584506563,2.463842799695102,-4.013244437333992,0.0044383471981780396
58.12,2.462131691649351,-4.027227687250495,2.464085923144006,-4.023241481446592,0.004439465896452528
58.16,2.4623723921414546,-4.037224789994429,2.4643290465924568,-4.033238525559185,0.004440585635737204
58.18,2.462492742387346,-4.042223341366405,2.4644506083165187,-4.038237047615491,0.004441145895508936
58.22,2.46273344287882,-4.052220444110365,2.464693731764327,-4.048234091728113,0.004442267194814577
58.26,2.4629741433698946,-4.062217546854337,2.4649368552117283,-4.0582311358407415,0.004443389533159653
58.28,2.463094493615288,-4.067216098226329,2.465058416935283,-4.063229657897062,0.004443951091722773
58.32,2.4633351941057984,-4.077213200970323,2.46530154038211,-4.073226702009708,0.004445074987145228
58.36,2.463575894595951,-4.08721030371432,2.4655446638285725,-4.0832237461223615,0.004446199919630201
58.38,2.4636962448408974,-4.092208855086325,2.4656662255516726,-4.088222268178692,0.004446762774529
58.42,2.4639369453305435,-4.102205957830335,2.4659093489976183,-4.098219312291357,0.004447889261137672
58.46,2.4641776458198685,-4.112203060574353,2.4661524724432375,-4.1082163564040295,0.004449016782845339
58.48,2.4642979960644147,-4.117201611946363,2.4662740341659295,-4.113214878460363,0.0044495809316189
58.52,2.464538696553285,-4.1271987146903815,2.466517157611085,-4.12321192257303,0.00445071000450582
58.56,2.4667602810559472,-4.133208966685717,2.4667602810559472,-4.133208966685717,0.0
58.58,2.4648997472860503,-4.142194368806441,2.4668818427782715,-4.138207488742064,0.004452405550712087
58.62,2.4651404477742207,-4.152191471550489,2.467124966222715,-4.148204532854761,0.004453537204953374
58.66,2.4673680896668944,-4.158201576967463,2.4673680896668944,-4.158201576967463,0.0
58.68,2.4655014985059944,-4.167187125666571,2.4674896513888895,-4.163200099023816,0.004455236619507762
58.72,2.465742198993539,-4.1771842284106375,2.467732774832696,-4.173197143136525,0.00445637085019651
58.76,2.465982899480852,-4.187181331154705,2.4679758982762654,-4.18319418724924,0.004457506110080502
58.78,2.466103249724424,-4.192179882526733,2.468097459997965,-4.188192709305595,0.004458074125724834
58.82,2.4663439502114066,-4.202176985270804,2.4683405834411976,-4.1981897534183,0.004459210927947507
58.86,2.4665846506981803,-4.21217408801489,2.468583706884218,-4.208186797531025,0.004460348757401748
58.88,2.466705000941492,-4.2171726393869315,2.4687052686056514,-4.213185319587389,0.004460918057094104
58.92,2.4669457014279685,-4.227169742131014,2.468948392048369,-4.22318236370012,0.004462057425919111
58.96,2.467186401914256,-4.237166844875111,2.4691915154908948,-4.233179407812856,0.004463197820024104
58.98,2.4673067521573318,-4.242165396247161,2.4693130772120884,-4.2381779298692255,0.004463768401307634
59.02,2.467547452643352,-4.252162498991262,2.4695562006543406,-4.248174973981968,0.004464910331842961
59.06,2.4677881531292023,-4.2621596017353625,2.4697993240964204,-4.2581720180947125,0.00446605328568308
59.08,2.4679085033720662,-4.267158153107413,2.4699208858173978,-4.263170540151086,0.004466625146096926
59.12,2.4681492038576778,-4.277155255851515,2.4701640092592325,-4.273167584263831,0.004467769633424893
59.16,2.4683899043431374,-4.287152358595626,2.4704071327009136,-4.283164628376575,0.004468915142106488
59.18,2.4685102545858117,-4.292150909967685,2.4705286944216978,-4.288163150432952,0.004469488279203867
59.22,2.468750955071056,-4.3021480127117915,2.4707718178631577,-4.298160194545704,0.004470635318416919
59.26,2.468991655556163,-4.312145115455902,2.4710149413044786,-4.308157238658459,0.0044717833770120795
59.28,2.4691120057986673,-4.31714366682796,2.471136503025089,-4.31315576071484,0.004472357788331566
59.32,2.46935270628358,-4.327140769572078,2.471379626466213,-4.323152804827606,0.004473507374523825
59.36,2.4695934067683685,-4.337137872316214,2.47162274990721,-4.333149848940375,0.004474657978148337
59.38,2.469713757010718,-4.342136423688276,2.471744311627663,-4.338148370996755,0.004475233661244609
59.42,2.47198743506848,-4.348145415109514,2.47198743506848,-4.348145415109514,0.0
59.46,2.470195157979831,-4.362130629176535,2.472230558509184,-4.358142459222288,0.004477538933259477
59.48,2.4703155082220407,-4.367129180548596,2.472352120229494,-4.36314098127867,0.0044781158856752245
59.52,2.470556208706383,-4.377126283292721,2.472595243670034,-4.373138025391433,0.004479270551125569
59.56,2.4707969091906254,-4.387123386036853,2.472838367110473,-4.383135069504214,0.00448042623006214
59.58,2.4709172594327096,-4.39212193740892,2.4729599288306554,-4.388133591560605,0.004481004449347907
59.62,2.471157959916808,-4.402119040153069,2.4732030522709487,-4.398130635673388,0.004482161647074677
59.66,2.471398660400817,-4.412116142897213,2.4734461757111506,-4.40812767978616,0.0044833198563433525
59.68,2.471519010642789,-4.417114694269287,2.4735677374312184,-4.413126201842548,0.004483899340059097
59.72,2.4717597111266696,-4.427111797013442,2.4738108608712888,-4.4231232459553365,0.004485059065159073
59.76,2.472000411610469,-4.437108899757595,2.4740539843112748,-4.433120290068126,0.004486219799834088
59.78,2.4721207618523393,-4.442107451129667,2.4741755460312382,-4.438118812124517,0.004486800545517441
59.82,2.472361462336023,-4.452104553873812,2.474418669471108,-4.4481158562372975,0.004487962793092187
59.86,2.472602162819634,-4.462101656617966,2.4746617929109025,-4.458112900350092,0.004489126048281672
59.88,2.4727225130614134,-4.4671002079900415,2.474783354630773,-4.46311142240649,0.00448970805348749
59.92,2.4729632135449195,-4.477097310734194,2.475026478070462,-4.473108466519286,0.004490872818635873
59.96,2.4732039140283595,-4.487094413478345,2.475269601510082,-4.483105510632083,0.004492038589444443
59.98,2.4733242642700555,-4.492092964850425,2.4753911632298675,-4.488104032688483,0.004492621851730577
60.02,2.473564964753399,-4.5020900675946,2.4756342866693894,-4.498101076801283,0.004493789129584093
60.06,2.4738056652366835,-4.512087170338772,2.4758774101088497,-4.508098120914082,0.004494957411140344
60.08,2.4739260154783045,-4.517085721710858,2.4759989718285587,-4.513096642970482,0.00449554192806354
60.12,2.4741667159615055,-4.527082824455034,2.4762420952679345,-4.523093687083285,0.004496711713712675
60.16,2.474407416444652,-4.537079927199209,2.476485218707256,-4.533090731196089,0.0044978825011102105
60.18,2.4745277666862053,-4.542078478571296,2.4766067804268967,-4.538089253252491,0.00449846827022044
60.22,2.4747684671692736,-4.55207558131547,2.476849903866139,-4.548086297365292,0.004499640558778462
60.26,2.4750091676523116,-4.562072684059631,2.477093027305332,-4.558083341478083,0.004500813847121179
60.28,2.4751295178938273,-4.567071235431709,2.477214589024921,-4.563081863534477,0.0045014008659686865
60.32,2.475370218376844,-4.577068338175887,2.4774577124640915,-4.573078907647261,0.004502575652559931
60.36,2.475610918859848,-4.587065440920072,2.477700835903251,-4.583075951760081,0.004503751436967769
60.38,2.4757312691013453,-4.592063992292147,2.4778223976228237,-4.588074473816485,0.004504339703106712
60.42,2.475971969584331,-4.602061095036324,2.4780655210619624,-4.598071517929313,0.004505516982797653
60.46,2.4762126700673077,-4.612058197780504,2.4783086445010896,-4.608068562042119,0.004506695258398137
60.48,2.4763330203087914,-4.617056749152585,2.4784302062206445,-4.613067084098521,0.004507284769403289
60.52,2.4765737207917584,-4.627053851896759,2.4786733296597534,-4.623064128211351,0.004508464537342071
60.56,2.4768144212747245,-4.637050954640938,2.4789164530988574,-4.633061172324179,0.00450964529922203
60.58,2.4769347715162047,-4.642049506013014,2.4790380148184075,-4.6380596943805825,0.004510236052641248
60.62,2.4771754719991566,-4.652046608757207,2.4792811382575075,-4.6480567384933975,0.004511418303991228
60.66,2.4774161724820893,-4.662043711501374,2.4795242616965973,-4.658053782606215,0.004512601547305964
60.68,2.4775365227235544,-4.667042262873449,2.479645823416133,-4.663052304662619,0.0045131935407070325
60.72,2.4777772232064774,-4.6770393656176275,2.4798889468552026,-4.673049348775449,0.0045143782705319635
60.76,2.4780179236893787,-4.68703646836182,2.4801320702942546,-4.68304639288829,0.0045155639903978785
60.78,2.478138273930827,-4.692035019733907,2.480253632013769,-4.688044914944694,0.004516157221351815
60.82,2.4783789744137223,-4.702032122478079,2.480496755452795,-4.698041959057506,0.004517344424806975
60.86,2.478619674896609,-4.712029225222244,2.480739878891816,-4.708039003170327,0.00451853261633592
60.88,2.478740025138047,-4.717027776594343,2.4808614406113225,-4.713037525226735,0.004519127082408083
60.92,2.478980725620909,-4.727024879338516,2.4811045640503226,-4.723034569339547,0.0045203167546227375
60.96,2.47922142610376,-4.73702198208269,2.4813476874893095,-4.733031613452358,0.004521507412978437
60.98,2.4793417763451826,-4.7420205334547605,2.4814692492087933,-4.738030135508754,0.004522103111705308
61.02,2.4795824768280212,-4.752017636198935,2.481712372647751,-4.748027179621556,0.004523295247808265
61.06,2.4798231773108497,-4.762014738943109,2.4819554960866976,-4.758024223734365,0.004524488368097693
61.08,2.479943527552263,-4.767013290315206,2.482077057806168,-4.76302274579078,0.004525085297069773
61.12,2.480184228035088,-4.77701039305937,2.482320181245106,-4.7730197899035804,0.004526279892183144
61.16,2.480424928517907,-4.78700749580354,2.48256330468404,-4.783016834016391,0.004527475469540727
61.18,2.4805452787593123,-4.7920060471756125,2.4826848664035017,-4.788015356072796,0.004528073626308249
61.22,2.48078597924212,-4.802003149919771,2.4829279898424224,-4.798012400185594,0.004529270675576951
61.26,2.4810266797249168,-4.812000252663934,2.4831711132813408,-4.808009444298387,0.0045304687051602455
61.28,2.4811470299663116,-4.8169988040359994,2.4832926750007944,-4.813007966354773,0.004531068087316529
61.32,2.481387730449095,-4.826995906780166,2.483535798439695,-4.823005010467557,0.004532267585903937
61.36,2.481628430931861,-4.836993009524322,2.4837789218785833,-4.833002054580338,0.004533468062846246
61.38,2.4817487811732395,-4.8419915608964015,2.483900483598019,-4.838000576636739,0.004534068667948676
61.42,2.4819894816559627,-4.851988663640562,2.4841436070368776,-4.847997620749542,0.00453527061096259
61.46,2.482230182138658,-4.861985766384718,2.484386730475699,-4.857994664862335,0.004536473530394026
61.48,2.4823505323799955,-4.8669843177567955,2.484508292195101,-4.862993186918742,0.004537075356013439
61.52,2.482591232862648,-4.876981420500983,2.4847514156338724,-4.872990231031555,0.004538279738619643
61.56,2.4828319333452957,-4.886978523245144,2.4849945390726305,-4.882987275144348,0.004539485095691861
61.58,2.4829513877149023,-4.8919398660438596,2.4851153416598244,-4.887954587072243,0.004534880941916041
61.62,2.4831880536919497,-4.9017694021656055,2.4853548004901205,-4.897800948229994,0.004521439851026657
61.66,2.4833054205038674,-4.906644041653767,2.485590939036951,-4.907510784655101,0.002444348255758838
61.68,2.483536515907445,-4.9162422130709125,2.4857072233047903,-4.912292307099844,0.004507075302806744
61.72,2.483763864255305,-4.925684756620575,2.4859373704252676,-4.921755777871334,0.00449010056489308
61.76,2.4839881200877256,-4.934998857563632,2.4861644741613147,-4.93109410912004,0.004470299482289872
61.78,2.4840984561589603,-4.939581486665739,2.486276066664559,-4.93568270960834,0.004465697040484988
61.82,2.4843167988883637,-4.948649996477462,2.486496988658989,-4.944766849521241,0.004453319853720981
61.86,2.484531774348147,-4.957578652207592,2.4867143356264916,-4.9537039893551675,0.004447087356201288
61.88,2.4846377167271587,-4.961978796431952,2.486821490223564,-4.958110105999594,0.004442480427083648
61.92,2.4848474234179396,-4.970688622386696,2.487033632193675,-4.966833217756774,0.004432116161781839
61.96,2.485053933482473,-4.9792656816500855,2.4872424993747826,-4.975421674770046,0.0044233708366780014
61.98,2.4851557417928825,-4.983494124035669,2.4873454053655966,-4.979653091471456,0.0044213298588791665
62.02,2.485356988426382,-4.991852575222627,2.4875490757008167,-4.988027855918359,0.004408369809257787
62.06,2.4855552832602497,-5.000088428190475,2.4877496280242566,-4.996274411933438,0.004400212375813889
62.08,2.485652879909259,-5.004141946043656,2.4878484331257558,-5.000337202859084,0.0043927809673384105
62.12,2.4858461258278046,-5.01216810049337,2.488043995203469,-5.008378561739824,0.004380780039800156
62.16,2.4860366101468463,-5.020079556375723,2.488236720408628,-5.016303272291813,0.00437044696185551
62.18,2.4861303973161863,-5.023974853658659,2.488331597472044,-5.020204544955198,0.004365834381368962
62.22,2.488519430413641,-5.027928087545581,2.488519430413641,-5.027928087545581,0.0
62.26,2.486498863490022,-5.039278495816926,2.4887043303820344,-5.0355310300704685,0.004348285148496273
62.28,2.4865889892948214,-5.043021724250673,2.4887954362960896,-5.039277235653569,0.004346217116441533
62.32,2.4867672453454706,-5.050425298806082,2.4889758035901752,-5.046693796447659,0.004336108782210862
62.36,2.4869428738165613,-5.057719741095587,2.4891534877446415,-5.054000029991772,0.00432701567305553
62.38,2.487029271853678,-5.061308142735387,2.4892409705210623,-5.0575972546788925,0.004319988560534175
62.42,2.48720036954511,-5.06841440643107,2.48941411614641,-5.064716865924,0.004309580004616436
62.46,2.4873690120086924,-5.075418696209954,2.489584729533825,-5.071732354754321,0.004300990290467621
62.48,2.4874521072231044,-5.078869920455113,2.4896687340995713,-5.075186557862122,0.004298906221461443
62.52,2.487616467892491,-5.085696372848669,2.4898350423972757,-5.082025023401284,0.004289624645361359
62.56,2.4877784679007413,-5.0924247790018695,2.489998999318984,-5.088766803312063,0.0042791992155799185
62.58,2.4878581257670347,-5.09573323856165,2.49007966310666,-5.092083635999172,0.004272566794725569
62.62,2.4880159160479174,-5.102286800511741,2.490239356453946,-5.098650099840631,0.004262543725337019
62.66,2.488171343106707,-5.1087422098588595,2.4903965306357305,-5.105112978579274,0.004257085766113487
62.68,2.4882478931717236,-5.111921591927221,2.490473987047068,-5.108297926247234,0.0042528163494512175
62.72,2.4883993798000894,-5.1182133418846245,2.490627284100747,-5.114601379415517,0.004243799058759484
62.76,2.488548687119872,-5.124414577789351,2.490778328029304,-5.120812186757111,0.004236569335462096
62.78,2.4886221913969693,-5.127467457993339,2.490852705545314,-5.123870532477942,0.004232383079221194
62.82,2.4887677134422113,-5.13351147865913,2.4909999547831467,-5.129925304128138,0.004224162540778381
62.86,2.4889110815309583,-5.139466038232594,2.4911449876026457,-5.135888939222229,0.004217342014476769
62.88,2.4889815454705086,-5.1423926429480895,2.491216407801854,-5.138825682233266,0.004209253898395863
62.92,2.48912122394296,-5.148193960296102,2.4913577536930265,-5.14463771284649,0.004201066679524048
62.96,2.48925900118564,-5.153916313146468,2.4914972406601548,-5.150373306708849,0.004190776844725196
62.98,2.4893267150505802,-5.156728697974279,2.491565820655413,-5.153193262623451,0.004184841338626291
63.02,2.489460863297408,-5.162300326374542,2.491701590484724,-5.158776009910744,0.004176321930236562
63.06,2.489593048906142,-5.16779043978537,2.4918353053048707,-5.164274257514426,0.0041702819473201
63.08,2.4896582257793374,-5.170497454777843,2.491901162559076,-5.166982256318114,0.004169818414413703
63.12,2.489787013305138,-5.175846434333904,2.492031490482659,-5.172341236702903,0.004162221550180436
63.16,2.489913940793018,-5.181118160233798,2.4921598833704492,-5.177620650539538,0.004156540884264625
63.18,2.4922231178538166,-5.180220802972947,2.4922231178538166,-5.180220802972947,0.0
63.22,2.490100113894201,-5.188850555884134,2.49234830678423,-5.185368471970536,0.004144789458116317
63.26,2.4902219427369165,-5.193910517841857,2.4924714893507605,-5.19043364142177,0.004141150758957217
63.28,2.490281888634011,-5.196400272741636,2.4925322101475316,-5.192930432946124,0.004135666224531969
63.32,2.490400639365545,-5.201332390356343,2.492652374861294,-5.197871510101094,0.004128922969006113
63.36,2.490517671889955,-5.206193145030121,2.4927707534156505,-5.202739142291673,0.004123895158541066
63.38,2.49057532733452,-5.2085877697074725,2.492829060886241,-5.205136699663906,0.0041217956484710175
63.42,2.4906893807214785,-5.213324790753872,2.4929444956055846,-5.2098832831719655,0.00411454949864972
63.46,2.490801759670917,-5.217992266760531,2.4930581661739804,-5.214557326640354,0.004109766895611722
63.48,2.4908570319184875,-5.220287909228392,2.4931141555126035,-5.21685956418292,0.00410465061484236
63.52,2.490966573064286,-5.224837521679725,2.493225000900902,-5.221417438019994,0.004098471487366888
63.56,2.491074571006168,-5.229323039666566,2.4933343276954223,-5.2259128688913625,0.004090936935554199
63.58,2.4911276872331514,-5.231529135328315,2.4933880903687284,-5.228123547652874,0.00408747474003691
63.62,2.491232870584683,-5.2358977538888425,2.4934945260797776,-5.232500099048471,0.004081561465026962
63.66,2.491336486860898,-5.240201286527145,2.4935993313707048,-5.236809609230395,0.004077246639688662
63.68,2.491387448357965,-5.242317888991027,2.4936509559300397,-5.238932370379344,0.004072493437550565
63.72,2.4914884295512243,-5.24651197775193,2.493753160135051,-5.243134925599337,0.004066138937450576
63.76,2.491587884989171,-5.250642696751209,2.493853715052141,-5.247269663742695,0.00406341451870038
63.78,2.4916368597371528,-5.2526767828285825,2.4939032875418587,-5.249308045364255,0.00406018313595711
63.82,2.491733827607832,-5.256704184775891,2.494001429816457,-5.253343577229598,0.004054097045799095
63.86,2.4918293682734554,-5.260672310086784,2.494098064937005,-5.2573171364191325,0.0040502067714259385
63.88,2.4918763570168885,-5.262623910702646,2.494145666949757,-5.259274493547065,0.00404578334238461
63.92,2.4919694510084596,-5.266490417396592,2.4942398694266608,-5.26314802406302,0.00404059314829061
63.96,2.492061230123727,-5.27030231284653,2.4943327365095986,-5.266966644512935,0.0040356442475530255
63.98,2.4921063865358914,-5.272177810571013,2.494378446078767,-5.268846185824527,0.0040326142907261605
64.02,2.492195851346935,-5.275893585170384,2.4944689394619215,-5.272567201357932,0.004028865702184539
64.06,2.4922839081625043,-5.279550880974556,2.494557966963019,-5.2762279412337625,0.004026570743094203
64.08,2.4923272332680266,-5.281350318365397,2.494601859331054,-5.27803276064358,0.0040224511139593695
64.12,2.4924131077762715,-5.284916975596084,2.494688756295759,-5.28160589431662,0.0040176903095514
64.16,2.4924977672959803,-5.288433170260111,2.494774452263495,-5.285129644173108,0.004012054218080608
64.2,2.4925393685438193,-5.290161010035467,2.4948584038116493,-5.2885816648795885,0.002805754033203221
64.22,2.492621621305522,-5.293577243935779,2.494899872382083,-5.290286819617818,0.004002164434413205
64.26,2.4927026892797266,-5.296944269621237,2.4949818725278425,-5.293658600003395,0.003998787455729874
64.28,2.492742702403903,-5.29860614927289,2.4950223455435716,-5.295322818309368,0.00399712835173724
64.32,2.4928218877458677,-5.301894982902232,2.4951024736965115,-5.298617623845746,0.003992762785767303
64.36,2.492899855673061,-5.3051332531970665,2.4951812983137973,-5.301858829216872,0.003990843635754483
64.38,2.492938215541645,-5.306726467577951,2.4952201632216915,-5.30345692338623,0.003987129849413327
64.42,2.4930142385796,-5.309883960075361,2.495297106994368,-5.306620789751463,0.003982432518186682
64.46,2.493089167957409,-5.312996029184962,2.4953729202090584,-5.309738168638301,0.003978590163412654
64.48,2.493126121872885,-5.3145308496000645,2.4954102461099414,-5.311272980039453,0.003978811079238228
64.52,2.4931991512683767,-5.317564006048776,2.495484136100957,-5.314311277351506,0.003975097440712912
64.56,2.4955570506437907,-5.31730946515515,2.4955570506437907,-5.31730946515515,0.0
64.58,2.493306583561337,-5.322026030548043,2.4955928858940046,-5.318782982177375,0.003967939149087098
64.62,2.4933766500913923,-5.3249361292230635,2.495663772411379,-5.321697779050818,0.003964573160462917
64.66,2.4934115556352054,-5.326385873868173,2.49573428624485,-5.324597251340421,0.0029315947932414856
64.68,2.4934798104231337,-5.329219381501016,2.4957679628219718,-5.325982006583914,0.003964371041437818
64.72,2.493520803180699,-5.330859198420522,2.4958129410337597,-5.327821786275778,0.003805229096187573
64.76,2.493526875416302,-5.331079787856538,2.49582317970101,-5.328201896280407,0.0036817486731084144
64.78,2.493526875416302,-5.3310797878565435,2.495823086368014,-5.328201898940274,0.0036816883829500708
64.82,2.493526875416302,-5.331079787856547,2.495822730624907,-5.328201909703967,0.0036814581078663164
64.86,2.493526875416302,-5.331079787856549,2.4958220818505263,-5.328201932679081,0.003681035587736989
64.88,2.493526875416302,-5.331079787856549,2.4958216243285802,-5.32820195103689,0.0036807359768103896
64.92,2.493526875416302,-5.331079787856551,2.495820401201544,-5.328202007619689,0.00367992929541351
64.96,2.493526875416302,-5.331079787856553,2.495818717489137,-5.328202101237669,0.0036788069211800382
64.98,2.493526875416302,-5.331079787856558,2.4958176860728667,-5.328202166727284,0.003678113215750111
65.02,2.493526875416302,-5.33107978785656,2.4958152181663884,-5.328202346295503,0.0036764361111239646
65.04,2.493526875416302,-5.331079787856561,2.495813785541017,-5.32820246378121,0.0036754525916030505
65.08,2.493526875416302,-5.331079787856562,2.495810550825403,-5.3282027601100745,0.0036732086829083864
65.12,2.493526875416302,-5.331079787856564,2.4958068589412274,-5.328203145288238,0.0036706126654604604
65.16,2.493526875416302,-5.331079787856565,2.495802750445345,-5.3282036267494135,0.0036676845368858076
65.18,2.493526875416302,-5.331079787856565,2.495800552043524,-5.328203905609974,0.003666102030963141
65.22,2.493526875416302,-5.331079787856566,2.4957958899332975,-5.328204543078086,0.003662712029973384
65.26,2.4935268754163027,-5.331079787856567,2.495790903276614,-5.328205290825195,0.0036590374875964623
65.28,2.493526875416303,-5.331079787856568,2.4957882987351,-5.32820570732266,0.0036570991704068688
65.32,2.4935268754163036,-5.331079787856569,2.4957828871814622,-5.328206627638795,0.003653031442724668
65.36,2.4935268754163036,-5.331079787856569,2.4957772309588977,-5.3282076665691545,0.0036487231681377403
65.38,2.4935268754163045,-5.331079787856571,2.4957743201733815,-5.3282082311598185,0.003646484032431448
65.42,2.493526875416306,-5.331079787856574,2.495768350489456,-5.328209451500343,0.0036418458645930095
65.46,2.493526875416307,-5.331079787856576,2.495762205128154,-5.328210794124251,0.003637007555228179
65.48,2.493526875416308,-5.331079787856578,2.495759074382076,-5.328211511426929,0.0036345181110647505
65.52,2.493526875416309,-5.33107978785658,2.495752711567939,-5.328213037972751,0.0036294078677295396
65.56,2.493526875416309,-5.33107978785658,2.4957462323563813,-5.32821468666943,0.0036241343849333614
65.58,2.4935268754163102,-5.3310797878565825,2.495742955789397,-5.328215556546516,0.003621440765433981
65.62,2.493526875416312,-5.331079787856586,2.4957363413800357,-5.328217386555082,0.0036159481544551604
65.66,2.4935268754163173,-5.3310797878565905,2.495729661201444,-5.328219335529229,0.0036103258484884754
65.68,2.4935268754163253,-5.331079787856593,2.495726302134629,-5.328220354023331,0.003607469991004182
65.72,2.4935268754163418,-5.331079787856597,2.495719556770146,-5.32822247762187,0.003601676456428645
65.76,2.493526875416358,-5.331079787856601,2.4957127885693797,-5.32822471459443,0.0035957835926144475
65.78,2.493526875416366,-5.331079787856604,2.4957094007012666,-5.3282258747369005,0.003592803461650058
65.82,2.4935268754163693,-5.331079787856604,2.495702626446671,-5.328228276468725,0.0035867826448029343
65.86,2.4935268754163693,-5.331079787856604,2.495695865456858,-5.328230784132554,0.0035806898798122345
65.88,2.4935268754163755,-5.331079787856606,2.495692493942976,-5.328232076638686,0.003577619709166688
65.92,2.493526875416391,-5.331079787856612,2.495685776381986,-5.32823473679094,0.0035714379380756204
65.96,2.4935268754164066,-5.331079787856617,2.495679102134159,-5.3282374940584,0.0035652088129575444
65.98,2.4935268754164146,-5.33107978785662,2.4956757845613273,-5.328238907922356,0.003562079352568354
66.02,2.49352687541643,-5.331079787856626,2.4956691946858576,-5.328241803660448,0.0035557961344708624
66.06,2.4935268754164457,-5.331079787856631,2.4956626728222773,-5.32824478672702,0.0035494875635299515
66.08,2.4935268754164537,-5.331079787856634,2.4956594400876604,-5.328246309728208,0.0035463263218646784
66.12,2.4935268754164692,-5.33107978785664,2.4956530360025773,-5.328249416059827,0.0035399948228938137
66.16,2.4935268754164848,-5.331079787856646,2.495646719912589,-5.328252599305734,0.0035336575654793053
66.18,2.4935268754164928,-5.331079787856648,2.4956435970166124,-5.328254218437177,0.0035304890421390647
66.22,2.4935268754165105,-5.3310797878566545,2.4956374254771294,-5.328257509026007,0.003524156545373625
66.26,2.4935268754165287,-5.33107978785666,2.495631357772086,-5.3282608657750075,0.003517835653818918
66.28,2.493526875416538,-5.3310797878566625,2.4956283645332302,-5.328262567603017,0.003514681559562393
66.32,2.4935268754165567,-5.331079787856669,2.4956224623306116,-5.328266015450315,0.003508389896963509
66.36,2.493526875416575,-5.331079787856674,2.495616676172934,-5.328269518603071,0.003502125137544977
66.38,2.4935268754165842,-5.331079787856677,2.4956138278716957,-5.328271289566632,0.0034990046006085577
66.42,2.493526875416603,-5.331079787856683,2.495608223081358,-5.328274867576886,0.0034927905573618775
66.46,2.493526875416621,-5.331079787856688,2.4956027433812094,-5.328278490134374,0.003486616803643101
66.48,2.4935268754166304,-5.331079787856691,2.495600051339769,-5.328280316791696,0.003483546562344608
66.52,2.493526875416631,-5.331079787856691,2.495594764444439,-5.328283998236764,0.003477442254045161
66.56,2.493526875416631,-5.331079787856691,2.495589608936173,-5.328287713727511,0.00347138985357106
66.58,2.4935268754166398,-5.331079787856691,2.4955870810396577,-5.328289582956444,0.00346838443579677
66.62,2.4935268754166584,-5.331079787856691,2.4955821259390905,-5.328293341851163,0.0034624176599134136
66.66,2.493526875416677,-5.331079787856691,2.4955773061485607,-5.328297124674728,0.003456512775978485
66.68,2.493526875416686,-5.331079787856691,2.4955749473132753,-5.328299023832972,0.003453584666575658
66.72,2.4935268754167046,-5.331079787856691,2.4955703322307388,-5.328302835233599,0.003447779230420923
66.76,2.4935268754167232,-5.331079787856691,2.4955658543431523,-5.328306660931105,0.0034420441612262077
66.78,2.493526875416732,-5.331079787856691,2.495563666936502,-5.328308577981546,0.0034392039583464916
66.82,2.493526875416736,-5.331079787856691,2.495559395231566,-5.328312418217454,0.0034335799856484626
66.86,2.493526875416749,-5.331079787856691,2.495555260869223,-5.3283162636791905,0.0034280334629985085
66.88,2.4935268754167583,-5.331079787856691,2.4955532450858318,-5.328318187285069,0.0034252900246438964
66.92,2.493526875416777,-5.331079787856691,2.4955493159818976,-5.328322034132741,0.0034198642431249116
66.96,2.4939183869085806,-5.331187269818193,2.4957331616405134,-5.328521039180337,0.003225243113612325
66.98,2.49466311634898,-5.3313829041421394,2.4962875371140414,-5.328795066177503,0.0030554292911433704
67.02,2.497323402630626,-5.3320388536332795,2.4985688976016514,-5.3296213379921396,0.002719492525822736
67.06,2.502424605555335,-5.330772417445699,2.502424605555335,-5.330772417445699,0.0
67.08,2.5042599597596706,-5.333599090204764,2.5049457615769146,-5.331455911399476,0.0022502309934696557
67.12,2.5108572301739533,-5.334978658051759,2.5111782440009702,-5.333019281530886,0.0019854989870775617
67.16,2.519035431182046,-5.336613378079848,2.5189998331886807,-5.334829463110072,0.0017842701131058271
67.18,2.523717661484145,-5.337524201029098,2.523506659485165,-5.335825028204403,0.0017122237388135409
67.22,2.5335417723867857,-5.339386056416846,2.5332547702441186,-5.3377188191101865,0.0016917595770709567
67.26,2.5433783515034736,-5.341186445414469,2.5431047615416733,-5.3395312273005135,0.0016776765099282684
67.28,2.5483006538141315,-5.3420644672068125,2.5480336265660295,-5.3404148966477605,0.001671043560329926
67.32,2.558152711582217,-5.343778144218826,2.5578985307831283,-5.342139111710678,0.0016586245631219913
67.36,2.568014170468223,-5.345436873564656,2.5677723763093265,-5.343807908216285,0.0016468128374128063
67.38,2.5729481964804215,-5.346246424702622,2.572712439439213,-5.344622241138238,0.0016412049333634595
67.42,2.5828223769291405,-5.347827673404828,2.5825984007972536,-5.346212464435546,0.0016306640739592168
67.46,2.5927042837510643,-5.349359901442645,2.5924916398256053,-5.347753295775716,0.0016206169220523592
67.48,2.5976479475611955,-5.350108351079792,2.597440823484997,-5.348505792114737,0.0016158884922609909
67.52,2.6075403158468364,-5.3515715261354355,2.60734394447901,-5.349976553251198,0.0016070159350660934
67.56,2.6174390410463477,-5.352991063346778,2.617252999603122,-5.35140333771818,0.0015985881553120475
67.58,2.627343646442329,-5.354368979383531,2.622209612206621,-5.352100831136203,0.005612735875246551
67.62,2.632298013150421,-5.3550429544400675,2.632126738589803,-5.353465217501468,0.0015870062452728883
67.66,2.642210635401904,-5.356361968875917,2.6420487353002815,-5.354790324563368,0.0015799612299274696
67.7,2.6521281095421503,-5.357643997399238,2.6519752155307974,-5.356078044053282,0.0015733996505716673
67.72,2.6570885456964546,-5.3582717449395965,2.6569400149760543,-5.356708529369201,0.001570256123831053
67.76,2.667012594365016,-5.3595018518874085,2.666872555052485,-5.357943610215219,0.0015645216898467218
67.78,2.6719761479109114,-5.360104455093013,2.6718402060745494,-5.358548720876026,0.0015616622992107225
67.82,2.681906116371809,-5.361285828409142,2.681778126031229,-5.3597347902495995,0.0015563100268385203
67.86,2.6918397135582652,-5.362436293544155,2.691719326958412,-5.360889811826958,0.0015511604156401896
67.88,2.6968077905721577,-5.363000391381463,2.6966910950935685,-5.361456002212759,0.0015487917029516156
67.92,2.7067463305780453,-5.364107349498868,2.7066367918561753,-5.362566870418342,0.0015443686506551742
67.96,2.716687888072549,-5.3651868747115605,2.7165851969573427,-5.363650105758323,0.0015401961825617344
67.98,2.721659730629617,-5.365716759715888,2.721560347353703,-5.364181807730452,0.0015381659966100152
68.02,2.7316054117289545,-5.36675761261828,2.7315124366265637,-5.365226061979973,0.001534370140273922
68.06,2.736579214708158,-5.367268768977829,2.7414667716105234,-5.366245708017229,0.004993482372349587
68.08,2.7465286216487175,-5.368273386287259,2.746444728552899,-5.3667466747575245,0.0015290147633529555
68.12,2.7564802891860034,-5.369255359680541,2.756402128752426,-5.3677315547589695,0.0015258081440283958
68.16,2.7664340810703916,-5.370215562472695,2.7663613973306074,-5.368694521733396,0.001522776364617405
68.18,2.771411727133306,-5.3706878309445605,2.771341688986569,-5.3691681210192534,0.001521322976581583
68.22,2.781368427850159,-5.371617388878136,2.781303511851364,-5.37010013338981,0.0015186435736383435
68.26,2.791326921446166,-5.3725275401362715,2.791266894830145,-5.37101263163919,0.0015160972756258805
68.28,2.7963068011801004,-5.3729756429512925,2.7962491377001495,-5.371461839602655,0.0015149012031370646
68.32,2.806267751810912,-5.373858499863582,2.806214660905339,-5.3723467317183475,0.0015127000922852598
68.36,2.816230221997877,-5.374724042430178,2.816181491385635,-5.373214246784489,0.0015105818628303085
68.38,2.8212119934776343,-5.375150600250594,2.821165370758336,-5.373641716355939,0.0015096040161257254
68.42,2.831176546155592,-5.375991831011182,2.831134000895656,-5.3744846125563335,0.0015078188119856514
68.46,2.841142387432233,-5.376817657148305,2.8411037303224354,-5.375312035258411,0.00150611807221863
68.48,2.846125764173311,-5.37722503311699,2.8460889843767214,-5.37572016483575,0.0015053176732240442
68.52,2.8560933759934395,-5.378029208640523,2.8560602271277653,-5.376525699232745,0.0015038747908567443
68.56,2.8660620842633895,-5.378819677161626,2.866032395289494,-5.377317484948703,0.001502485567231247
68.58,2.871046827783606,-5.379209973430888,2.871018808501993,-5.377708405986674,0.0015018288416683491
68.62,2.8810170487337925,-5.3799811291876525,2.8809922567704613,-5.378480694281967,0.0015006397128045092
68.66,2.89098820587882,-5.380740084654586,2.8909664915506905,-5.3792407054737055,0.0014995364083954935
68.68,2.895974116975936,-5.381115171116216,2.895953886089229,-5.3796163097607375,0.0014989978824945407
68.72,2.905946567506563,-5.381856939335938,2.905929203462799,-5.380359007122485,0.0014980328521481945
68.76,2.9159198221261784,-5.382587817491321,2.9159051899775568,-5.381090764965312,0.0014971240314025707
68.78,2.920906735136819,-5.382949339394087,2.9208934211029414,-5.381452697212473,0.0014967014008427184
68.82,2.9308811007297906,-5.383664897106195,2.9308703338071544,-5.382168977745804,0.0014959581075066446
68.86,2.9408561564813205,-5.38437076913739,2.940847816801989,-5.3828755233278365,0.0014952690665022011
68.88,2.94584392982081,-5.3847202211214205,2.945836760021196,-5.383225301587171,0.0014949367277272848
68.92,2.9558199414821344,-5.385412452892978,2.9558150319222767,-5.383918099768462,0.0014943611894476091
68.96,2.9657965491683087,-5.386096041334713,2.9657937932034653,-5.384602210727056,0.0014938331498910125
68.98,2.970785065259181,-5.386434725363965,2.970783347546776,-5.384941141621019,0.0014935847306821951
69.02,2.9807624994437183,-5.3871061432104375,2.9807627872213818,-5.385612979619698,0.0014931636184708618
69.06,2.9907404506123805,-5.387769834188816,2.9907426475435783,-5.386277074914585,0.001492760890869319
69.08,2.9957296103128006,-5.388098901376758,2.99573272948346,-5.386606302734276,0.0014926019016351778
69.12,3.0057082778346627,-5.388751733962946,3.005713178391416,-5.387259389885552,0.0014923521235919218
69.16,3.0156939897798725,-5.387905578599944,3.0156939897798725,-5.387905578599944,0.0
69.18,3.020677108457893,-5.389718217954305,3.020684524407552,-5.388226191543361,0.0014920448409019864
69.22,3.030656843249002,-5.3903545278195155,3.0306658398704998,-5.388862633176211,0.001491921769370041
69.26,3.040636966592371,-5.390984714360158,3.0406474684365024,-5.389492932041801,0.0014918192833227987
69.28,3.0456271668463195,-5.391297606124831,3.045638394805565,-5.38980586218023,0.0014917861989312464
69.32,3.055607830364462,-5.391919179250869,3.055620460954937,-5.390427456711557,0.0014917760107020337
69.36,3.0655888321508806,-5.392535296919604,3.0656027987366383,-5.391043574398232,0.0014917879025809096
69.38,3.0705794539413542,-5.392841391691151,3.070594064583215,-5.391349660583975,0.0014918026568460413
69.42,3.080560927155632,-5.393449824444858,3.0805767817859615,-5.391958029135963,0.0014918795571170053
69.46,3.090542695992435,-5.394053388035247,3.0905597353490206,-5.392561513274974,0.0014919720640856045
69.48,3.0955336861087956,-5.394353417285131,3.095551296902289,-5.392861490506466,0.001492030714477871
69.52,3.105515867277492,-5.394950122802061,3.105534581707153,-5.393458052390502,0.0014921877706668188
69.56,3.115498307241299,-5.395542483227182,3.1155180729953997,-5.394050252952743,0.0014923611751133945
69.58,3.120489619755957,-5.395837100428679,3.1205098926462074,-5.394344779214417,0.0014924589095234408
69.62,3.130472420600483,-5.396423347816349,3.130493673223478,-5.3949308059102785,0.0014926932087202063
69.66,3.1404554480992197,-5.397005722927002,3.1404776338190983,-5.395512951676964,0.001492936104160588
69.68,3.1454470430157486,-5.397295516165767,3.1454696788864682,-5.3958026204793965,0.001493067283489288
69.72,3.155430387225942,-5.397872436736867,3.1554538927700535,-5.396379258610199,0.0014933631268261194
69.76,3.1654139305341302,-5.398445901702186,3.165438264692253,-5.396952430136883,0.0014936697987241974
69.78,3.1704057735717655,-5.3987313890628,3.1704305074705155,-5.39723776315598,0.0014938306849415434
69.82,3.180389595545957,-5.39929998202844,3.180415101656217,-5.397806020621957,0.0014941791210300423
69.86,3.1903735927416745,-5.399865489978861,3.1903998348741025,-5.3983711812753405,0.0014945391098702885
69.88,3.195365654034641,-5.400147135153493,3.195392251425835,-5.39865264376754,0.0014947280434604614
69.92,3.2053498960024864,-5.40070830506755,3.2053771800758124,-5.3992134195083334,0.0014951345276631948
69.96,3.2153342919507737,-5.4012667286978795,3.215362230732992,-5.399771438161547,0.0014955515248884842
69.98,3.220326545135837,-5.401544951813522,3.220354799708388,-5.400049455972889,0.001495762725240885
70.02,3.2303111568062373,-5.402099505029396,3.2303400218851914,-5.400603573056156,0.0014962104335103509
70.06,3.2402959045668442,-5.402651602555665,3.2403253517016073,-5.401155228450853,0.0014966638217369381
70.08,3.2452883272817883,-5.402926766884646,3.24531805544144,-5.401430165343298,0.00149689676900029
70.12,3.255273265881584,-5.40347540222752,3.2553035373066432,-5.401978326070605,0.0014973821752574479
70.16,3.2652583247439724,-5.404021844479282,3.2652891145496747,-5.402524283871882,0.0014978770927455507
70.18,3.2702508973470494,-5.404294275720255,3.270281937360694,-5.402796469898987,0.0014981274180360705
70.22,3.280236124942723,-5.404837626002548,3.280267648764958,-5.4033393124762785,0.0014986451128838917
70.26,3.290221458868463,-5.4053790187328135,3.2902534445676075,-5.403880187937424,0.001499172050886075
70.28,3.295214164028555,-5.405649009782469,3.29524637273846,-5.4041499176180725,0.0014994381342189522
70.32,3.3051996472456917,-5.406187641989958,3.3052322873485664,-5.40468801104937,0.0014999861113644572
70.36,3.315185224788216,-5.406724522701349,3.3152182767522658,-5.405224347604002,0.00150053915478026
70.38,3.3201780474117957,-5.406992332774868,3.320211298603916,-5.405491877644133,0.001500823520979799
70.42,3.3301637572359164,-5.407526747497604,3.3301973939835063,-5.406025717764153,0.0015014065710172479
70.46,3.340149550625354,-5.408059598498906,3.3401835557037654,-5.406557989039682,0.001501994445192106
70.48,3.345142477307406,-5.408325461502137,3.3451766605629287,-5.4068235564510685,0.0015022940049752437
70.52,3.3551283879121336,-5.408856111316066,3.3551629161589656,-5.407353601704434,0.001502906295440333
70.56,3.365114372503402,-5.409385367009083,3.365149230681307,-5.407882245592687,0.001503525551826135
70.58,3.3701073913796433,-5.409649492911811,3.370142409104597,-5.408146063021753,0.001503837649276504
70.62,3.380093479995809,-5.410176782219623,3.38012880673859,-5.408672724417735,0.0015044726152963735
70.66,3.3900796345180977,-5.410702821888405,3.3901152567907817,-5.409198133500217,0.0015051099932758575
70.68,3.395072735400781,-5.410965392961356,3.395108500865903,-5.409460383027436,0.0015054348440546794
70.72,3.405058982291137,-5.411489676221663,3.4050950253196124,-5.409984012133338,0.0015060954308326036
70.76,3.4150452876096056,-5.412012845398965,3.4150815964306886,-5.410506522286774,0.0015067606474851681
70.78,3.4200384612782164,-5.41227402868606,3.4200748988186738,-5.410767373236574,0.0015070959948921153
70.82,3.4300248488034404,-5.412795626337317,3.430061535933528,-5.41128829766617,0.0015077750722096636
70.86,3.4400112882832343,-5.413316228333206,3.4400482146318705,-5.411808221864204,0.0015084585064808174
70.88,3.4450045267026024,-5.413576170793846,3.445041568930905,-5.412067823780673,0.0015088017891105832
70.92,3.454991039254166,-5.414095369203826,3.4550283063709046,-5.412586332502209,0.0015094968051698528
70.96,3.464977598089478,-5.4146136766084965,3.4650150809122087,-5.413103946815068,0.0015101950242158667
70.98,3.469970894200002,-5.41487250850171,3.4700084816771564,-5.413362428940935,0.0015105472843676634
71.02,3.479957518268986,-5.4153895574840085,3.479995309000098,-5.413878770654131,0.00151125940350719
71.06,3.4899441834438085,-5.41590581191357,3.4899821694400748,-5.414394312657101,0.00151197650055095
71.08,3.4949375308516273,-5.416163652294372,3.494975611572091,-5.414651795659376,0.0015123361484981012
71.12,3.50492425401979,-5.416678783654977,3.504962518828607,-5.415166205796144,0.0015130617881054461
71.16,3.514911013945159,-5.417193201921175,3.514949455677087,-5.415679900588963,0.0015137895127220954
71.18,3.519904407122712,-5.41745015439155,3.519942934909212,-5.415936487217455,0.001514157423871293
71.22,3.5298912187055844,-5.4179635688178545,3.529929913927667,-5.416449163189864,0.0015148999063634896
71.26,3.5398780630197257,-5.418476346170012,3.539916919395697,-5.416961199362731,0.001515644966859287
71.28,3.544871496961974,-5.418732505227199,3.5449104317560027,-5.417216984902004,0.0015160203739609875
71.32,3.5548583873486828,-5.419244384486275,3.5548974748576705,-5.417728111127197,0.0015167770873826154
71.36,3.564845306921945,-5.4197556939927525,3.564884541586749,-5.418238665569395,0.0015175356984919058
71.38,3.56983877721323,-5.420011143495794,3.569878083564359,-5.418493734710951,0.0015179177874823549
71.42,3.5798257378716025,-5.420521649897161,3.5798651839711266,-5.4190034748904665,0.001518687375900366
71.46,3.5898523055591314,-5.419512702753292,3.5898523055591314,-5.419512702753292,0.0
71.48,3.5948062272449275,-5.421286462314421,3.594845874008413,-5.419767131553464,0.0015198479618183474
71.52,3.6047932505555065,-5.421795741585454,3.6048330256412067,-5.420275632790857,0.0015206290819435484
71.56,3.614780297136272,-5.422304564321924,3.614820196251471,-5.420783675318205,0.0015214122718798157
71.58,3.619773828794075,-5.422558811409381,3.619813788467013,-5.4210375298192774,0.0015218063121992056
71.62,3.629760908114672,-5.423066991130882,3.6298009861034393,-5.42154491971236,0.0015225989781499265
71.66,3.6397480081944407,-5.423574762716819,3.6397882007479923,-5.422051898878315,0.0015233941420345128
71.68,3.644741565710336,-5.423828501430252,3.6447818142196846,-5.422305240014482,0.0015237930578920502
71.72,3.6547286950499336,-5.424335697193885,3.654769053003665,-5.422811636485701,0.0015245949647890264
71.76,3.6647158429293456,-5.424842527761461,3.6647563070226115,-5.423317665423819,0.0015253991253448974
71.78,3.669709423544486,-5.425095811474926,3.669749939529247,-5.423570547285501,0.0015258022127928293
71.82,3.679696597575378,-5.425602126463246,3.679737215168503,-5.424076054902942,0.0015266119991794646
71.86,3.6896837881877933,-5.426108114272219,3.6897245045022515,-5.424581232748994,0.0015274243039279007
71.88,3.694677389474942,-5.426360990100437,3.694718154086651,-5.424833703165922,0.001527830859063571
71.92,3.704664603508234,-5.426866515417159,3.704705462797063,-5.425338414424555,0.0015286471551934596
71.96,3.714651832396605,-5.4273717471704135,3.7146927837908623,-5.425842830353568,0.001529465151457635
71.98,3.719645452189692,-5.4276242572924085,3.719686448737453,-5.4260949314253955,0.0015298752643413502
72.02,3.729632702023001,-5.428129074844715,3.729673787203439,-5.4265989277029245,0.001530698620754611
72.06,3.7396199651651547,-5.428633629028043,3.739661136705324,-5.427102659165314,0.0015315233645958979
72.08,3.74461360152806,-5.428885811253363,3.7446548154688255,-5.427354428758213,0.0015319369880532876
72.12,3.7546008834333056,-5.429389993899218,3.754642180700102,-5.4278577833185775,0.0015327670167609977
72.16,3.7645881772606957,-5.429893940325955,3.76462955586312,-5.428360900117097,0.0015335985363560396
72.18,3.7695818284662805,-5.430145828469226,3.7696232470512503,-5.428612372289351,0.001534015434987231
72.22,3.7795691391004955,-5.430649441705603,3.7796106363534014,-5.429115151028331,0.0015348517532199552
72.26,3.7895564604159437,-5.431152843074759,3.789598034585153,-5.429617716477899,0.001535689447751175
72.28,3.7945501249194513,-5.431404467449981,3.794591736944164,-5.429868921843247,0.0015361093291037758
72.32,3.804537461296024,-5.431907569922766,3.804579147891252,-5.430371183980949,0.0015369513767307076
72.36,3.8145248072395512,-5.432410482441002,3.8145665668706457,-5.430873254720032,0.0015377948279623333
72.38,3.8195184836605334,-5.432661870193906,3.8195602792678645,-5.43112422086413,0.0015382172584364033
72.42,3.829505843111526,-5.433164514396326,3.8295477096675183,-5.431626019774591,0.0015390641668290876
72.46,3.839493211146045,-5.433666988018316,3.839535147287237,-5.432127647041499,0.0015399121023114252
72.48,3.844486898255757,-5.4339181633558455,3.844528868723553,-5.4323783983374625,0.0015403369215866826
72.52,3.854474278405238,-5.434420396118341,3.8545163166429126,-5.432879781155459,0.0015411883977249968
72.56,3.864461666254254,-5.43492247574502,3.8645037710718424,-5.433381009661243,0.001542041018616998
72.58,3.8694553629521393,-5.435173460384601,3.8694975006433365,-5.433631568089007,0.0015424679692727951
72.62,3.879442761668261,-5.4356753237955395,3.879484964331776,-5.434132577358684,0.0015433235672525085
72.66,3.889430167293581,-5.436177049690699,3.8894724338845914,-5.43463344799217,0.0015441802577476078
72.68,3.8944238725935216,-5.4364278631218825,3.894466170784745,-5.434883833148504,0.0015446092372091336
72.72,3.9044112879686472,-5.436929394898958,3.9044536486812875,-5.435384506779657,0.0015454687739103715
72.76,3.9143987095525827,-5.43743080301976,3.9144411318633576,-5.435885055810864,0.0015463292295822913
72.78,3.9193924225818555,-5.437681462512331,3.9194348753752934,-5.4361352851095015,0.001546760097976259
72.82,3.929379852931345,-5.43818269600388,3.929422366092127,-5.436635656793854,0.0015476232378059925
72.86,3.939367288854479,-5.43868381842444,3.939409861574382,-5.437135916461943,0.001548487301201507
72.88,3.944361008825254,-5.438934339588074,3.9444036110418184,-5.437386005756434,0.0015489198181500084
72.92,3.9543484526217845,-5.43943530506586,3.954391113307469,-5.437886106185916,0.001549786147739031
72.96,3.964335901423299,-5.439936170752571,3.9643786198667597,-5.438386105968537,0.001550653313965302
72.98,3.9693296276328964,-5.4401865675248136,3.9693723746988963,-5.438636069493157,0.0015510871857581157
73.02,3.9793170835259764,-5.440687291783377,3.979359887369324,-5.439135926213519,0.0015519559595382282
73.06,3.9893045439275365,-5.4411879261077125,3.9893474039207364,-5.439635692253695,0.001552825462366704
73.08,3.9942982757532004,-5.441438210852205,3.9943411636028157,-5.439885542446434,0.0015532606175152738
73.12,4.004285742528332,-5.441938718009829,4.004328685681398,-5.440385179522422,0.001554131894740659
73.16,4.014273213362285,-5.4424391441683495,4.014316211264559,-5.440884734963391,0.0015550037929405092
73.18,4.019266950244076,-5.442689328011582,4.019309975326328,-5.441134483126589,0.0015554400580191736
73.22,4.029254426817522,-5.443189639608974,4.029297505901881,-5.441633922440943,0.001556313501328318
73.26,4.039285039639789,-5.442133288307795,4.039285039639789,-5.442133288307795,0.0
73.28,4.0442788076639875,-5.44238294446611,4.0442788076639875,-5.44238294446611,0.0
73.32,4.054223133856725,-5.444440107031693,4.054266345928431,-5.442882205418283,0.001558500792494433
73.36,4.064253887054409,-5.443381400127644,4.064253887054409,-5.443381400127644,0.0
73.38,4.069204368059328,-5.44519018820408,4.069247658664907,-5.443630973289628,0.0015598157666790683
73.42,4.079191861384107,-5.4456901652908005,4.079235203889187,-5.444130073325577,0.0015606939202487335
73.46,4.0892227516941935,-5.444629113786018,4.0892227516941935,-5.444629113786018,0.0
73.48,4.094173106890738,-5.446440020655994,4.094216526543829,-5.444878612209288,0.0015620120369960755
73.52,4.104204078055099,-5.445377567319739,4.104204078055099,-5.445377567319739,0.0
73.56,4.114191631906763,-5.445876468590704,4.114191631906763,-5.445876468590704,0.0
73.58,4.119141863089666,-5.44768950609791,4.119185409686812,-5.446125899612064,0.001564212756852849
73.62,4.129129370033067,-5.448189211066232,4.12917296688668,-5.446624724005398,0.001565094389857473
73.66,4.139116879384183,-5.448688867909721,4.139160526202507,-5.447123499869653,0.001565976419240147
73.68,4.144110634929885,-5.448938678937824,4.144154306631355,-5.44737287014901,0.0015664176903483781
73.72,4.154098147692469,-5.44943826758572,4.154141868974098,-5.447871576720361,0.001567300806502738
73.76,4.164085662628836,-5.4499378127746105,4.1641294332359475,-5.448370239425919,0.0015681843225767481
73.78,4.169079420882567,-5.450187569662998,4.169123216065357,-5.448619554836266,0.0015686263146105254
73.82,4.179066938899093,-5.450687053265807,4.179110783069939,-5.449118154956694,0.001569510820496354
73.86,4.18905445887621,-5.4511864976637465,4.189098351813972,-5.449616715446196,0.0015703957464671895
73.88,4.194048219573775,-5.451436205684166,4.1940921368153115,-5.44986598136278,0.001570838356921192
73.92,4.204035742333175,-5.451935594440949,4.204079708038399,-5.450364485445931,0.0015717240398560016
73.96,4.214023266868736,-5.452434947674155,4.2140672808394735,-5.450862953694273,0.001572610028712538
73.98,4.219017029778414,-5.452684611451904,4.219061067816301,-5.4511121747547,0.0015730532462364334
74.02,4.22900455683122,-5.45318391433538,4.2290486428774665,-5.451610591774902,0.0015739401064792382
74.06,4.238992085489098,-5.453683185111644,4.2390362193705995,-5.452108976381485,0.0015748272684982217
74.08,4.243985850400012,-5.453932808857596,4.244030008138645,-5.452358156897506,0.0015752709929712906
74.12,4.253973381340956,-5.454432033960757,4.254017586681793,-5.452856495183658,0.001576158796028854
74.16,4.263960913732918,-5.454931230033944,4.264005166526968,-5.453354804097218,0.001577046937717278
74.18,4.268954680454132,-5.455180817561895,4.268998956920415,-5.453603947938371,0.0015774911140986581
74.22,4.278942214907058,-5.455679972399196,4.278986538620949,-5.45410221504837,0.0015783798179455602
74.26,4.2889297506723745,-5.456179100976317,4.2889741215022745,-5.4546004556012235,0.0015792688152588986
74.28,4.293923519031461,-5.45642865573145,4.293967913369828,-5.454849566281917,0.0015797133749219348
74.32,4.303911056668372,-5.456927746856707,4.303955497936021,-5.455347768991761,0.001580602758440357
74.36,4.31389859550098,-5.457426814053747,4.313943083577855,-5.455845947592229,0.001581492319974138
74.38,4.318892365350299,-5.457676338986267,4.318936876793018,-5.456095028073226,0.0015819372529386824
74.42,4.3288799058816,-5.458175372186728,4.3289244639797975,-5.456593172114045,0.0015828273734413976
74.46,4.338867447494725,-5.458674383735775,4.338912052145545,-5.457091294283936,0.0015837177107674465
74.48,4.343861218692724,-5.458923881675726,4.3439058465842155,-5.457340347428472,0.001584162984330906
74.52,4.3538487618428885,-5.459422862460486,4.353893436150486,-5.457838438357236,0.0015850537948980143
74.56,4.363836305976013,-5.45992182357013,4.363881026608739,-5.458336509422959,0.0015859447910351895
74.58,4.368830078398714,-5.460171296996097,4.368874822164,-5.458585537705248,0.0015863904100336312
74.62,4.378817623929162,-5.460670230135149,4.3788624139026,-5.459083580311969,0.0015872818915104632
74.66,4.388805170350714,-5.461169145435986,4.388850006453644,-5.4595816048837,0.0015881735677435954
74.68,4.393798943884566,-5.461418596618768,4.393843803024127,-5.459830610627951,0.0015886194791177746
74.72,4.403786491575312,-5.461917486511527,4.403831396738233,-5.460328609420975,0.0015895115232480257
74.76,4.408780265727342,-5.462166925318724,4.4138189911949075,-5.460826591785899,0.005213947479281951
74.78,4.418767814622857,-5.462665791091993,4.418812788693388,-5.461075576998324,0.0015908499397254048
74.82,4.428755364281036,-5.463164641596092,4.428800384213958,-5.461573535862894,0.0015917425195598502
74.86,4.438742914678152,-5.463663477305625,4.438787980413087,-5.462071479764366,0.0015926352664183267
74.88,4.443736690144816,-5.463912889792357,4.4437817787589236,-5.462320446289011,0.0015930816973620194
74.92,4.453769375929434,-5.462818368800924,4.453769375929434,-5.462818368800924,0.0
74.96,4.463711793719525,-5.464910505539898,4.4637569737207405,-5.463316277668033,0.0015948679380873613
74.98,4.468705570025736,-5.465159901216551,4.468750772841799,-5.463565227151513,0.0015953145985309156
75.02,4.478693123109693,-5.4656586831279945,4.47873837152233,-5.464063116501956,0.001596208093255456
75.06,4.488680676807884,-5.466157452740013,4.488725970770896,-5.46456099340676,0.001597101733083127
75.08,4.4936744538800975,-5.466406833078194,4.493719770601187,-5.464809927348806,0.0015975485951173372
75.12,4.503662008455605,-5.466905585122105,4.503707370663699,-5.465307786445475,0.0015984424734608901
75.16,4.513649563593307,-5.467404325907875,4.51369497124722,-5.465805634164058,0.0015993364707851563
75.18,4.518643341366202,-5.467653692214653,4.518688771729008,-5.466054553878153,0.0015997835282091071
75.22,4.528630897306221,-5.468152416932962,4.528676373061528,-5.4665523852660804,0.0016006777874837854
75.26,4.538618453759079,-5.468651131341137,4.53866397487107,-5.467050206239933,0.0016015721498890457
75.28,4.543612232171053,-5.468900484798995,4.543657775949059,-5.46729911292224,0.001602019389201446
75.32,4.5535997893558,-5.469399184480631,4.553645378443798,-5.467796918921083,0.001602913999020995
75.36,4.563587347011603,-5.469897874725706,4.563632981377813,-5.468294715383907,0.0016038087076006746
75.38,4.568581126010669,-5.470147216415373,4.568626783004752,-5.468543610142817,0.0016042561012785726
75.42,4.578568684340149,-5.470645893151607,4.578614386570425,-5.469041392902456,0.0016051510032945998
75.46,4.588524571066812,-5.471142979873838,4.588572754748847,-5.469537659857538,0.0016060429701429664
75.48,4.593449803834932,-5.471388888337719,4.593504095403267,-5.469783258349282,0.0016065476134122724
75.52,4.603200029025333,-5.471875694495223,4.6032672408942865,-5.47026975507467,0.0016073452826983966
75.56,4.612808099731531,-5.47235539567651,4.6128967825012674,-5.470749509579197,0.00160833292299502
75.58,4.617537426451457,-5.472591513627156,4.617632205013982,-5.470985355031295,0.001608952581953342
75.62,4.626894041534252,-5.473058650117431,4.6270069416183786,-5.4714524932675594,0.0016101199506201713
75.66,4.636123388557514,-5.473519426292484,4.636260407083708,-5.47191351235509,0.0016117486314051227
75.68,4.640660601984208,-5.4737459449257475,4.640807406460945,-5.4721399785278555,0.001612662278825978
75.72,4.64964483376566,-5.474194475011274,4.649809071982515,-5.472588523422667,0.0016143279396776682
75.76,4.658503062532592,-5.474636709145762,4.658686611808352,-5.473030814507476,0.0016163501866572367
75.78,4.662863065244647,-5.474854374010812,4.663052689095335,-5.473248274637448,0.0016172545878344006
75.82,4.671493348051861,-5.475285220932353,4.671696253396165,-5.47367897283406,0.0016190131352204768
75.86,4.679995491794452,-5.475709666283944,4.680213236885086,-5.474103301709872,0.0016210552332751502
75.88,4.684181840436493,-5.475918656230163,4.684405651285653,-5.474312116757797,0.001622054367914914
75.92,4.692465526492514,-5.476332189506992,4.692705479583494,-5.4747256846198855,0.0016243261489512226
75.96,4.7006260049758835,-5.476739568275309,4.700876643175724,-5.475132785471214,0.001626213542790478
75.98,4.704652201051863,-5.476940558412051,4.704903900829985,-5.475333383468353,0.0016267649117053967
76.02,4.712606529876014,-5.4773376407502035,4.712875317203779,-5.475730580110506,0.001629383480716659
76.06,4.720442322504153,-5.477728802502997,4.720721129660495,-5.476121472695712,0.0016313315235767882
76.08,4.7243019253703045,-5.477921472230381,4.724586783709813,-5.476314020149348,0.0016324970034902898
76.12,4.731938426271798,-5.478302680939317,4.732237788312346,-5.476695254372581,0.0016350650747809492
76.16,4.739471679928913,-5.478678732886623,4.739789594808287,-5.47707150044091,0.0016383729749604532
76.18,4.7431745392563895,-5.478863574683907,4.743501520145751,-5.477256393825899,0.0016401057320661592
76.22,4.750510145858451,-5.47922975655102,4.750850039220136,-5.477622554244495,0.0016427497531327742
76.26,4.757737605435525,-5.479590537579073,4.758089255317094,-5.477983227445512,0.0016453277803080363
76.28,4.761293043600807,-5.479768017464335,4.761653528458793,-5.478160769334422,0.0016471781579253013
76.32,4.768334068993805,-5.480119488878685,4.768707844044245,-5.4785122688484735,0.0016501103035390073
76.36,4.775274040096961,-5.480465913943814,4.775658977652607,-5.478858590200334,0.0016527754046152306
76.38,4.778690779853211,-5.480636467887869,4.779081536783243,-5.479029075820513,0.0016542068300452947
76.42,4.785451824957418,-5.480973958742058,4.785855302084707,-5.4793665949265185,0.0016572302880863757
76.46,4.792113045455591,-5.481306464994613,4.792524409594946,-5.479698865969021,0.001659395999220969
76.48,4.795391179575019,-5.481470098092114,4.795810913721082,-5.479862576869014,0.0016614154315187511
76.52,4.801884782260964,-5.4817942351215585,4.80231737262828,-5.480186775624685,0.0016646502515492102
76.56,4.808281114138891,-5.482113515332647,4.8087211595795125,-5.480505828520362,0.001666822388920681
76.58,4.8114288259296565,-5.482270636456809,4.811877025443868,-5.48066303410924,0.0016689122542690193
76.62,4.817663012496701,-5.482581821046821,4.818122860460382,-5.480974245612339,0.0016720523099628274
76.66,4.824266884053672,-5.4812803571077096,4.824266884053672,-5.4812803571077096,0.0
76.68,4.826827473097528,-5.483039270465556,4.827297342438689,-5.481431317666076,0.0016751983175489116
76.72,4.832813932621896,-5.483338086711653,4.833294946820231,-5.481730159541854,0.0016783338292414255
76.76,4.838716574390538,-5.483632718132915,4.839209020592954,-5.482024814921167,0.0016816230257177467
76.78,4.841621183103799,-5.483777701826849,4.842119019888009,-5.482169776496234,0.0016832306236951313
76.82,4.8473706973277695,-5.484064688427006,4.847880028970365,-5.482456828588727,0.001686603682463202
76.86,4.853036160372124,-5.4843474787338184,4.853554048924625,-5.482739524247392,0.0016892975413560433
76.88,4.855822875652518,-5.484486576679536,4.856348325763759,-5.482878722682455,0.0016915354845026974
76.92,4.861344867770321,-5.484762204436991,4.861880276982634,-5.483154360639271,0.0016946458929508405
76.96,4.866782740856963,-5.4850336326697855,4.867324033559831,-5.48342558426559,0.0016967078300089684
76.98,4.869460737463448,-5.485167303019389,4.870007227712301,-5.483559250442415,0.0016983770730918228
77.02,4.874762137440294,-5.48543191821577,4.875319303347951,-5.483823931856689,0.001701779650732527
77.06,4.879985880691592,-5.48569265658055,4.880550700908587,-5.484084575403787,0.0017043904918139245
77.08,4.882553114892765,-5.4858207974903515,4.88312723079274,-5.484212929151205,0.0017072930804734089
77.12,4.8876457610887405,-5.486074991346322,4.888228106359827,-5.484467086361099,0.0017101124104167017
77.16,4.892663737648026,-5.486325457578001,4.8932553532258085,-5.484717558695962,0.0017132856757520122
77.18,4.895132785286042,-5.486448696898854,4.895729427985052,-5.484840809508925,0.0017150173086521346
77.22,4.900021874229692,-5.486692729060779,4.900627438977149,-5.485084857905037,0.0017181263972217411
77.26,4.904836284025238,-5.486933033218898,4.905446750369141,-5.485324970369142,0.0017200393268191495
77.28,4.90720519447411,-5.487051273707478,4.907822461025955,-5.485443321944692,0.001722360841250256
77.32,4.9118990192854435,-5.487285558345839,4.912525803234945,-5.485677669948455,0.0017257355584777835
77.36,4.916522043892634,-5.487516308672496,4.917153494299303,-5.485908235344295,0.001727608012528225
77.38,4.918798615371872,-5.487629939666839,4.9194347835233785,-5.486021883889462,0.0017293216300459636
77.42,4.92330497603034,-5.48785486629983,4.923949370656904,-5.486246826219582,0.0017323502343426368
77.46,4.9277424370794884,-5.4880763535546775,4.928389464442649,-5.486468044937317,0.0017335804040636122
77.48,4.929928520915961,-5.488185467546921,4.930580114633083,-5.486577178761635,0.0017352715029839406
77.52,4.934258497035693,-5.488401589358124,4.934917114043339,-5.486793271885415,0.0017379474836080962
77.56,4.936404173568877,-5.488508686240385,4.939191137850957,-5.4870062164089655,0.003166162583304475
77.58,4.94062396641504,-5.488719307980634,4.941294709653972,-5.4871110127062925,0.0017425585161023583
77.62,4.944780060685708,-5.488926750028101,4.9454592308465966,-5.487318511270838,0.001745767455248338
77.66,4.948875016887313,-5.489131140206401,4.949559869043684,-5.487522817087389,0.0017480634231151675
77.68,4.950890652031097,-5.489231745818857,4.951579796782418,-5.487623446910015,0.0017497273697509356
77.72,4.954885556365469,-5.489431141712475,4.955578753118477,-5.487822695429497,0.001751462584130247
77.76,4.958814474657456,-5.4896272438047395,4.959509888340457,-5.488018555953465,0.0017525629213651088
77.78,4.960753112505707,-5.489724005947065,4.961449537319293,-5.488115186869593,0.001753084808277872
77.82,4.964586195519807,-5.489915324277776,4.965289614743635,-5.488306518524185,0.001755862909579793
77.86,4.968363586206475,-5.490103862629869,4.969073702470115,-5.488495052519167,0.0017585605136542224
77.88,4.9702236120817815,-5.490196700757511,4.970936252277839,-5.488587842784151,0.0017596249678497532
77.92,4.973904260731046,-5.490380410143595,4.974623617362099,-5.488771564879337,0.0017623441908334102
77.96,4.977534341677513,-5.49056159536471,4.978263039011404,-5.488952890980279,0.0017660491501955437
77.98,4.979317420881167,-5.490650592639017,4.980051495046264,-5.489041990265681,0.0017681816861856508
78.02,4.982850173177749,-5.490826919663396,4.983590696650016,-5.489218329505645,0.0017708577889241585
78.06,4.986330111313492,-5.491000610425698,4.987073897148557,-5.489391872015331,0.0017723590610911042
78.08,4.988042266560358,-5.491086067490144,4.988791241024946,-5.489477428859837,0.0017744523074798054
78.12,4.991435330050673,-5.491255421878688,4.9921911844036435,-5.489646828986255,0.0017773257710645652
78.16,4.994778296848395,-5.491422275664119,4.995538605763673,-5.48981360635263,0.001779293848799965
78.18,4.996425032483567,-5.491504467282879,4.997187688538057,-5.489895762686572,0.0017803299513371588
78.22,4.999683207345371,-5.491667088683042,5.000452469912554,-5.490058427846447,0.0017831305573245586
78.26,5.002894543185605,-5.491827372098341,5.003669349349967,-5.49021870100633,0.0017855383710819472
78.28,5.0044744764761235,-5.491906229284723,5.005252863733635,-5.490297590933341,0.0017870657705278726
78.32,5.007602451179566,-5.492062351761437,5.008386548956948,-5.490453723758757,0.0017895511659350091
78.36,5.01068354882679,-5.492216134374487,5.011470420476778,-5.490607369865014,0.0017908909069215392
78.38,5.012200648211094,-5.49229185522545,5.012990994003755,-5.49068312426881,0.001792389958360076
78.42,5.015204943275778,-5.49244180427747,5.016001380937645,-5.490833113322193,0.001795048617400191
78.46,5.018167175469601,-5.49258965376676,5.018969850991464,-5.490981009558205,0.0017977831301679368
78.48,5.019623910401447,-5.492662361559159,5.020429967276278,-5.4910537521018465,0.0017992643139951787
78.52,5.02252037965951,-5.492806928517563,5.023326443887167,-5.491198068900519,0.001799491263236316
78.56,5.02509226762854,-5.492934999725619,5.025988280018352,-5.491330567285086,0.0018376728922557212
78.58,5.025831429716162,-5.492970981156401,5.026827342417987,-5.4913721920975975,0.0018836052039125021
78.62,5.027386853817286,-5.491398782226791,5.027386853817286,-5.491398782226791,0.0
78.66,5.026195579953107,-5.492988057185431,5.027386834075282,-5.4913990091303395,0.001985990962967242
78.68,5.0261955799530895,-5.492988057185431,5.0273868208276,-5.491399207548525,0.0019858242595453103
78.72,5.026195579953055,-5.492988057185431,5.027386787463752,-5.4913998254657255,0.0019853098823659444
78.76,5.02619557995302,-5.492988057185431,5.02738674669913,-5.4914007999407985,0.0019845059278510643
78.78,5.0261955799530025,-5.492988057185431,5.0273867250181405,-5.4914014421042925,0.001983979330008019
78.82,5.026195579952968,-5.492988057185431,5.027386684115648,-5.4914030743768585,0.001982649648784068
78.86,5.026195579952931,-5.492988057185431,5.027386656278371,-5.491405215856036,0.001980921373266816
78.88,5.026195579952913,-5.492988057185431,5.02738665192144,-5.491406491982625,0.001979899220904778
78.92,5.0261955799528755,-5.492988057185431,5.027386671239711,-5.491409439113694,0.0019775574504904817
78.96,5.026195579952839,-5.492988057185431,5.027386738349782,-5.491412876617013,0.0019748549692899546
78.98,5.02619557995282,-5.492988057185431,5.027386793405816,-5.491414766236974,0.0019733813364611772
79.02,5.026195579952783,-5.492988057185431,5.027386952955299,-5.491418862361047,0.0019702137010986
79.06,5.026195579952747,-5.492988057185431,5.027387186095393,-5.491423349386656,0.001966783082788097
79.08,5.026195579952728,-5.492988057185431,5.027387332863932,-5.491425728107196,0.0019649801907553562
79.12,5.026195579952691,-5.492988057185431,5.027387691393417,-5.491430734270327,0.0019612201174321288
79.16,5.026195579952654,-5.492988057185431,5.027388141945225,-5.491436044506277,0.0019572806294392104
79.18,5.026195579952636,-5.492988057185431,5.027388403510573,-5.4914388037423505,0.001955252994184257
79.22,5.026195579952598,-5.492988057185435,5.027389002273534,-5.491444511588507,0.0019510996504281655
79.26,5.026195579952562,-5.492988057185438,5.027389705316007,-5.491450448008979,0.0019468377855266998
79.28,5.026195579952543,-5.49298805718544,5.027390097038662,-5.491453493343027,0.001944674074355732
79.32,5.026195579952506,-5.492988057185445,5.027390962658368,-5.491459721931477,0.0019402959727822674
79.36,5.026195579952446,-5.4929880571854675,5.027391939681852,-5.491466113740189,0.0019358689141499778
79.38,5.026195579952408,-5.492988057185484,5.02739247050114,-5.491469363439465,0.001933643627932203
79.42,5.026195579952334,-5.492988057185517,5.027393617471278,-5.491475956367538,0.001929181894101655
79.46,5.026195579952261,-5.492988057185549,5.027394878744083,-5.491482656233945,0.0019247206595131995
79.48,5.0261955799522235,-5.492988057185566,5.027395552313134,-5.491486039909689,0.001922495660328675
79.52,5.026195579952149,-5.492988057185599,5.0273969851748435,-5.491492862710503,0.0019180670028637573
79.56,5.026195579952076,-5.492988057185631,5.027398531801083,-5.491499744269821,0.00191367930604778
79.58,5.026195579952039,-5.492988057185648,5.027399347472795,-5.491503201664358,0.0019115052087643862
79.62,5.026195579951964,-5.492988057185681,5.0274010627041354,-5.491510139452662,0.0019072046275515342
79.66,5.026195579951891,-5.492988057185717,5.027402888407636,-5.491517095044044,0.0019029774905521576
79.68,5.026195579951854,-5.4929880571857375,5.027403842088607,-5.491520574933334,0.0019008949345584788
79.72,5.0261955799517795,-5.492988057185779,5.027405829739322,-5.491527530275345,0.0018967981981086533
79.76,5.026195579951709,-5.49298805718582,5.027407922404743,-5.491534468895213,0.001892800343939549
79.78,5.026195579951675,-5.4929880571858405,5.027409007292112,-5.491537928095801,0.0018908411589289129
79.82,5.026195579951606,-5.492988057185882,5.027411252392565,-5.491544819081694,0.0018870070771164723
79.86,5.026195579951539,-5.492988057185923,5.027413595391457,-5.4915516645318,0.001883291126910377
79.88,5.027414802606101,-5.49155506700227,5.027414802606101,-5.49155506700227,0.0
79.92,5.026195579951436,-5.492988057185985,5.0274172863764015,-5.491561825502169,0.0018779519175752906
79.96,5.026195579951368,-5.492988057186026,5.027419859703045,-5.4915685147141025,0.0018745564115172611
79.98,5.02619557995134,-5.4929880571860465,5.027421178831131,-5.491571830742202,0.0018729094891078424
80.02,5.026195579951298,-5.492988057186088,5.027423879713661,-5.491578400828576,0.0018697195919427658
80.06,5.026195579951257,-5.492988057186129,5.027426660952901,-5.491584882348329,0.00186667084887574
80.08,5.026195579951237,-5.49298805718615,5.027428080506541,-5.491588087815822,0.001865200218925794
80.12,5.026195579951195,-5.492988057186191,5.027430975042649,-5.491594424336929,0.0018623677269892815
80.16,5.026195579951154,-5.492988057186232,5.027433940189568,-5.491600656954816,0.0018596815539814375
80.18,5.026195579951134,-5.492988057186253,5.02743544799616,-5.4916037326729645,0.0018583936954173696
80.22,5.026195579951092,-5.49298805718632,5.0274385115655695,-5.491609799963559,0.001855928869962722
80.26,5.026195579951051,-5.492988057186388,5.027441635714725,-5.491615751476287,0.0018536121299127367
80.28,5.026195579951031,-5.492988057186422,5.027443219243561,-5.491618682585545,0.0018525092717155947
80.32,5.026195579950989,-5.492988057186491,5.027446426683086,-5.491624453302433,0.001850414304909726
80.36,5.026195579950948,-5.492988057186558,5.0274496846031855,-5.49163009939539,0.001848466348451262
80.38,5.026195579950928,-5.492988057186593,5.027451331236982,-5.491632874823534,0.0018475471657236151
80.42,5.026195579950886,-5.492988057186663,5.027454657353356,-5.491638328894769,0.0018458175336012479
80.46,5.026195579950845,-5.492988057186736,5.027458023961531,-5.491643652133796,0.0018442315002425566
80.48,5.026195579950825,-5.492988057186773,5.027459721219736,-5.491646264107283,0.0018434917455556743
80.52,5.026195579950785,-5.492988057186848,5.027463141209781,-5.491651387784901,0.001842117432578023
80.56,5.02746659195806,-5.4916563767078035,5.02746659195806,-5.4916563767078035,0.0
80.58,5.026195579950736,-5.492988057186958,5.027468327678034,-5.491658820311638,0.001840314497049731
80.62,5.026195579950703,-5.492988057187032,5.027471817467988,-5.491663605318714,0.0018392810965202676
80.66,5.0274753286533045,-5.4916682536177,5.0274753286533045,-5.4916682536177,0.0
80.68,5.026195579950654,-5.492988057187143,5.027477091134824,-5.491670526399507,0.0018379766841612759
80.72,5.026195579950621,-5.492988057187217,5.027480627649342,-5.4916749691632685,0.0018372663787880445
80.76,5.026195579950589,-5.49298805718729,5.027484176657097,-5.491679274950306,0.0018366797259917029
80.78,5.026195579950572,-5.492988057187327,5.027485954775051,-5.49168137656474,0.0018364317131578495
80.82,5.02619557995054,-5.492988057187402,5.027489516145264,-5.491685477528116,0.0018360241405831694
80.86,5.026195579950508,-5.492988057187475,5.027493081635401,-5.491689442675902,0.0018357315359193603
80.88,5.026195579950491,-5.492988057187512,5.027494864924982,-5.491691374565832,0.0018356272133269278
80.92,5.026195579950458,-5.492988057187587,5.027498430643985,-5.4916951375705905,0.0018355002221840157
80.96,5.026195579950426,-5.4929880571876595,5.027501992687572,-5.49169876712252,0.0018354789870347586
80.98,5.0261955799504205,-5.492988057187697,5.027503771405835,-5.491700532233765,0.0018355068485338278
81.02,5.026195579950414,-5.492988057187771,5.027507322439002,-5.4917039639689005,0.0018356371512680716
81.06,5.026260399033579,-5.492669588585561,5.02766300018883,-5.491571747291744,0.001781164087646326
81.08,5.026394602604617,-5.49197239074007,5.027887538791433,-5.491065921264457,0.001746581051117734
81.12,5.026850334781692,-5.48939236857137,5.028537941220398,-5.488865587987933,0.0017679121231126307
81.16,5.0275148933292995,-5.485225066267001,5.029409063640837,-5.485072400459645,0.0019003126105578594
81.18,5.0279136489672025,-5.4825445686452,5.0299130263887015,-5.482576440780486,0.001999631442693319
81.22,5.028828719881112,-5.4759881499750405,5.031037318974658,-5.4763834493038415,0.00224369594984752
81.26,5.029890727459703,-5.467837064017631,5.032300665525608,-5.468587730242281,0.0025241436691142176
81.28,5.030473672535262,-5.463163280582032,5.032982041872262,-5.464088838359178,0.002673681718087655
81.32,5.031658593069952,-5.453243821388232,5.034220665590561,-5.454276811402898,0.0027624778680128896
81.36,5.032777663370862,-5.443306652733254,5.035354549609446,-5.444324022928234,0.00277044848359238
81.38,5.033313031943184,-5.438335399391143,5.035897004581445,-5.439345148230652,0.0027742579754183243
81.42,5.0343375301746,-5.428388033441177,5.036934864420292,-5.4293828958287556,0.0027813479383320744
81.46,5.035302059786717,-5.41843467243943,5.037912241862581,-5.419415176478248,0.002788268035770974
81.48,5.035762702246324,-5.413455938470409,5.038379059985884,-5.41442945241794,0.0027916047763589208
81.52,5.036642610665573,-5.403494738220405,5.039270653551175,-5.40445462908997,0.0027978563026071117
81.56,5.037468859612295,-5.39352894256809,5.040108168138423,-5.394475719522739,0.002803985752094479
81.58,5.037862667709746,-5.388544476493318,5.040507337263349,-5.38948487389454,0.0028068887259703208
81.62,5.03861332620676,-5.378572700727988,5.041268113895277,-5.379500683042228,0.0028123031214013026
81.66,5.03931602888838,-5.368597430012803,5.041980579772617,-5.369513480072086,0.002817619407549519
81.68,5.039650102531356,-5.363608604072296,5.042319320767066,-5.364518858897226,0.0028201577679548757
81.72,5.040285202002902,-5.353628800004825,5.042963248155758,-5.354527793646531,0.002824910753395744
81.76,5.040877445528196,-5.343646360343477,5.043564018148421,-5.344534544954084,0.0028295837761523265
81.78,5.041158142791924,-5.338654246493122,5.043848783557581,-5.339537186756491,0.0028318070623707596
81.82,5.041690031010725,-5.328668408124418,5.044388338276982,-5.32954116790358,0.002835942830040782
81.86,5.042183659639353,-5.318680604830903,5.044889377237845,-5.319543603964103,0.002840013244104718
81.88,5.042416683715866,-5.313686038476139,5.045125990860063,-5.314544309160138,0.0028420017186142695
81.92,5.042856332729677,-5.303695712797767,5.045572434050881,-5.304544814775007,0.0028457302322604794
81.96,5.043261798869454,-5.29370394094637,5.045984422753464,-5.294544258327646,0.002849353280141509
81.98,5.043452199893282,-5.288707568056547,5.046178032251001,-5.289543634763528,0.002851169861813311
82.02,5.043809384775659,-5.27871395320622,5.0465413146009,-5.2795417850556445,0.0028546008724452347
82.06,5.044135983308652,-5.268719291667155,5.046873801299113,-5.269539241067122,0.002857965074558631
82.08,5.044288261416244,-5.26372161149633,5.0470289427394865,-5.264537747555042,0.002859617488738466
82.12,5.044571714492045,-5.253725632831982,5.047317829396881,-5.2545343860653295,0.00286273101478519
82.16,5.044827800014942,-5.243728915331603,5.047579189407626,-5.244530607249199,0.0028658076559519973
82.18,5.044945993627541,-5.238730312840978,5.047699917451008,-5.239528589615121,0.0028672883066748014
82.22,5.045163522076714,-5.228732681647397,5.047922246977561,-5.229524350450672,0.0028700701337477964
82.26,5.048119970173207,-5.219519900237985,5.048119970173207,-5.219519900237985,0.0
82.28,5.045444303506029,-5.213735317640025,5.048209937235621,-5.21451761688964,0.002874147185201572
82.32,5.045602884726471,-5.203736577195321,5.048372771631226,-5.204512972088845,0.0028766408353881156
82.36,5.045739599464672,-5.193737513680194,5.048513605614239,-5.194508267565352,0.002879092160615908
82.38,5.045800085283455,-5.188737879766008,5.048576095624809,-5.189505908423862,0.0028802953728030755
82.42,5.045905976821493,-5.178738442092076,5.048685783973172,-5.179501203161305,0.0028825565474510217
82.46,5.045992313020972,-5.168738816313541,5.0487758174595525,-5.169496547272036,0.0028847969018738497
82.48,5.046028439291168,-5.1637389470017805,5.048813745630602,-5.16449424872193,0.0028858988362296992
82.52,5.046087198673775,-5.153739120966264,5.048875921967779,-5.154489729202622,0.002887973395827626
82.56,5.046128433928586,-5.143739207207219,5.048920513422441,-5.144485335388885,0.0028900545260398675
82.58,5.046142737788918,-5.138739227809424,5.04893642959111,-5.13948319292103,0.002891054820116935
82.62,5.046159261268905,-5.128739242528306,5.048956021536581,-5.12947903000844,0.0028929489298319894
82.66,5.046160122157589,-5.118739243540323,5.0489598623678456,-5.119475044621711,0.0028948140659285663
82.68,5.046154907946819,-5.113739246373553,5.04895610883086,-5.114473123351026,0.0028957385605091735
82.72,5.046133658504467,-5.103739269808593,5.048937648234729,-5.104469431840553,0.002897498058726945
82.76,5.046098353458512,-5.093739332920703,5.048905089093488,-5.094465950991466,0.0028992652078417085
82.78,5.04607564485287,-5.08873938458078,5.04888368463397,-5.0894642925987394,0.0029000998339268687
82.82,5.046020550229064,-5.078739537040294,5.048831070682939,-5.079461144392229,0.0029016792365837347
82.86,5.045952895579562,-5.068739766530612,5.0487658383141065,-5.069458226084861,0.0029032449016431145
82.88,5.045914527861194,-5.063739913817417,5.048728662167143,-5.064456854621629,0.0029040241060750848
82.92,5.045829098669448,-5.053740279283943,5.0486455188504715,-5.054454289242891,0.0029055176574154244
82.96,5.045732438696837,-5.043740746956072,5.048551063037408,-5.044451962660527,0.0029069693757454084
82.98,5.045680062965931,-5.038741021345389,5.0484997760214885,-5.039450889062622,0.002907695632567158
83.02,5.045567548403206,-5.028741654786395,5.048389340429867,-5.029448921846524,0.0029090783654057164
83.06,5.045444964291585,-5.018742406564515,5.048268782516479,-5.019447194482063,0.0029104424708223894
83.08,5.045380041922206,-5.013742828122753,5.048204855739079,-5.01444642027448,0.002911119203324953
83.12,5.04524323494888,-5.003743764332715,5.048069957528851,-5.004445049861892,0.0029124151382570675
83.16,5.045097401654536,-4.9937448280845675,5.0479259886316425,-4.994443915083936,0.002913696435757397
83.18,5.045021234554965,-4.988745408300716,5.047850734991098,-4.989443435047118,0.002914329092049876
83.22,5.044862665141514,-4.978746665881632,5.047693913638118,-4.979442647809596,0.0029155374965135184
83.26,5.044696006897314,-4.968748054991163,5.047528961485641,-4.969442088234957,0.0029167299914484774
83.28,5.044609760953293,-4.963748798915489,5.047443554631591,-4.964441892446792,0.002917321589111451
83.32,5.0444316702571586,-4.953750385090576,5.047267079883822,-4.95444166638471,0.0029184615088425686
83.36,5.044246314725365,-4.94375210328629,5.047083314514052,-4.944441657511722,0.002919598059805532
83.38,5.044151020090845,-4.93875301150237,5.046988795827689,-4.939441733061716,0.002920155564165837
83.42,5.043955416862115,-4.92875492490513,5.046794681444308,-4.929442040980766,0.0029212243784233964
83.46,5.043753292571167,-4.91875696800048,5.046594035666295,-4.9194425539094375,0.002922302067048583
83.48,5.043649877367043,-4.913758037607615,5.04649132754229,-4.914442886135107,0.0029228165532608603
83.52,5.043438544569193,-4.903760271087907,5.046281357135642,-4.9044436979160455,0.002923808392726871
83.56,5.043221371895479,-4.893762629705452,5.046065522150231,-4.894444701945253,0.0029247928494022723
83.58,5.043110680190349,-4.8887638551394135,5.045955483793278,-4.8894452743988595,0.0029252760119995685
83.62,5.042885261817408,-4.878766396258564,5.045731321263393,-4.879446556746583,0.0029262044801314758
83.66,5.042654601772317,-4.868769056930284,5.0455019012676505,-4.869448017984019,0.0029271321337813135
83.68,5.042537382909225,-4.863770431160649,5.045385282027115,-4.864448814202718,0.0029275814143158553
83.72,5.042299323745884,-4.8537732652718315,5.045148375654811,-4.854450534169753,0.002928444969578313
83.76,5.0420565612800745,-4.843776212480366,5.044906744171136,-4.844452419976901,0.002929300102562365
83.78,5.041933482025381,-4.838777727573287,5.044784219219271,-4.839453423438941,0.002929721394858401
83.82,5.0416840694009295,-4.82878083847275,5.044535875707,-4.829455548149429,0.002930534482845781
83.86,5.0414304340148375,-4.818784055612278,5.04428329307121,-4.819457825719824,0.002931342858375494
83.88,5.041302092458689,-4.813785703050241,5.04415546641757,-4.814459020296332,0.002931739937836736
83.92,5.041042486515972,-4.803789073448509,5.0438968540658005,-4.804461517836971,0.0029325067033318625
83.96,5.040779083044466,-4.793792543183025,5.04363442853824,-4.794464155994551,0.0029332680848200322
83.98,5.04064601022924,-4.788794314343645,5.043501832098116,-4.789465526408126,0.002933640090783524
84.02,5.040377236814016,-4.778797927009623,5.043233979944794,-4.7794683666600175,0.0029343603459812775
84.06,5.040105055588414,-4.76880163187866,5.04296270073793,-4.769471335776713,0.0029350705462761807
84.08,5.039967733819883,-4.763803517969437,5.042825824541547,-4.764472867145042,0.002935423460446988
84.12,5.0396907285037225,-4.753807355349303,5.042549681318303,-4.754476020842865,0.002936107072005327
84.16,5.039410657444235,-4.743811278151724,5.042270459451298,-4.744479292266661,0.0029367857220698834
84.18,5.039269513264323,-4.738813270723967,5.04212973304256,-4.739480970834317,0.002937121144451206
84.22,5.038985096466499,-4.728817316226821,5.041846129450472,-4.72948441101868,0.0029377755524728553
84.26,5.038697910071229,-4.718821440915151,5.041559753147971,-4.719487958700211,0.0029384335544124975
84.28,5.038553317594232,-4.713823532057231,5.04141554704355,-4.714489772029223,0.0029387468623244466
84.32,5.038262221542444,-4.703827769833099,5.04112519976148,-4.704493474364465,0.002939354828147779
84.36,5.037968639710528,-4.693832080307253,5.040832358420118,-4.694497274576196,0.00293996058869602
84.38,5.03782095028245,-4.688834262005762,5.040685027147137,-4.689499210469379,0.0029402538574248016
84.42,5.037523850635214,-4.67883867641748,5.040388623349074,-4.6795031510926615,0.0029408245945708564
84.46,5.037224518222462,-4.668843157441805,5.040089974628955,-4.669507180716605,0.0029413886732267756
84.48,5.037074045098755,-4.663845422175984,5.039939837410538,-4.6645092278518785,0.002941666797858847
84.52,5.0367715506465,-4.653849998390909,5.039637994976046,-4.654513384669021,0.0029422074108357396
84.56,5.03646704703263,-4.64385463561044,5.039334132376587,-4.644517622273509,0.0029427418651556676
84.58,5.036314067489166,-4.638856976437192,5.039181470731548,-4.639519770367843,0.0029430081802350044
84.62,5.03600671192367,-4.628861700945274,5.038874734310812,-4.6295241233430975,0.00294352778928403
84.66,5.035697545908396,-4.618866481287898,5.038566178741009,-4.619528549589555,0.002944042928424426
84.68,5.035542307817954,-4.613868891759862,5.038411242446817,-4.6145307892944345,0.002944298600849764
84.72,5.035230573126815,-4.603873751884159,5.038100095476951,-4.60453532022481,0.0029447973083528206
84.76,5.034917203810313,-4.593878663122965,5.037787304212311,-4.594539917724902,0.0029452901327601346
84.78,5.034759927203502,-4.588881137332387,5.037630312888943,-4.589542240632152,0.002945534171614376
84.82,5.034444237785387,-4.57888612158025,5.037315180534254,-4.579546933156105,0.0029460115760222435
84.86,5.034127073135186,-4.56889115253094,5.036998566151885,-4.569551685970331,0.002946485460596555
84.88,5.0339679581589785,-4.563893684933609,5.036839719896468,-4.564554084317663,0.002946717296139934
84.92,5.03364870514183,-4.553898782370633,5.036520989633639,-4.554558923338136,0.0029471688616136823
84.96,5.0333281215063295,-4.54390392239772,5.0362009215004155,-4.544563816980858,0.0029476160989646842
84.98,5.033167348613257,-4.5389065078621496,5.036040402052783,-4.539566283634888,0.002947836517967622
85.02,5.032844878513622,-4.528911708574704,5.035718425947447,-4.529571255282309,0.0029482667304635032
85.06,5.032521205041984,-4.518916948184849,5.03539524126281,-4.519576276406237,0.002948694270713302
85.08,5.03235893410847,-4.513919582067702,5.0352332079678215,-4.514578805008761,0.0029489023558893573
85.12,5.032033557584057,-4.503924876974309,5.034908294444778,-4.504583896935698,0.0029493082795621346
85.16,5.03170709415407,-4.4939302073241105,5.034582287563095,-4.4945890337005565,0.0029497100422919195
85.18,5.031543469846087,-4.488932885336117,5.034418886632979,-4.489591618383036,0.0029499069350485164
85.22,5.031215466621988,-4.478938266099415,5.034091319056023,-4.479596819186733,0.002950291407837552
85.26,5.030886481487532,-4.4689436791349975,5.033762763698917,-4.469602060557584,0.0029506720348311086
85.28,5.03072163367276,-4.46394639735731,5.033598127428972,-4.464604695971115,0.0029508597720769667
85.32,5.030391254960196,-4.453951856361045,5.033268162023959,-4.4546099952681955,0.002951227045592426
85.36,5.030059988241482,-4.443957344757778,5.032937302548407,-4.444615331304981,0.0029515900659029403
85.38,5.029894033442122,-4.43896009961957,5.032771549029924,-4.439618012633748,0.002951769891483807
85.42,5.029561505278704,-4.4289656299063065,5.032439414537115,-4.429623401078269,0.0029521220527461037
85.46,5.032106470125888,-4.41962882280416,5.032106470125888,-4.41962882280416,0.0
85.48,5.029061216853829,-4.413973975194983,5.031939705316185,-4.414631545699521,0.0029526420027425207
85.52,5.0287267436284,-4.403979570385148,5.031605606992789,-4.404637014854173,0.002952979427742809
85.56,5.02839154083176,-4.393985190017581,5.031270774350919,-4.394642514167525,0.0029533135112863452
85.58,5.028223675741727,-4.388988008683989,5.031103091257614,-4.3896452747759,0.0029534780223838364
85.62,5.027887437561368,-4.3789936630961,5.0307672092107,-4.379650817168215,0.002953800302456722
85.66,5.0275505380626315,-4.368999339778535,5.030430660991498,-4.369656386894758,0.002954118988517451
85.68,5.027381848932934,-4.364002186193883,5.030262145432657,-4.364659181664121,0.002954276726075012
85.72,5.027044009237541,-4.35400789461324,5.029924646052006,-4.354664790401076,0.0029545863556393248
85.76,5.026705568223119,-4.344013623377264,5.029586541159814,-4.344670423945122,0.0029548928995664246
85.78,5.026536130342488,-4.339016495124543,5.029417268268022,-4.339673249739918,0.002955043548031747
85.82,5.0261968356132565,-4.329022252834884,5.029078297073952,-4.32967891874314,0.0029553392807832746
85.86,5.025856995285887,-4.319028029082903,5.028738775696387,-4.319684610248998,0.0029556314320315744
85.88,5.025686877552829,-4.314030923928575,5.02856881567035,-4.314687464153297,0.002955776104494056
85.92,5.025346261101605,-4.304036726597759,5.028228508809699,-4.304693187764962,0.0029560604044668957
85.96,5.025005147899736,-4.2940425462092575,5.0278877019493775,-4.294698931788201,0.002956342313966404
85.98,5.024834411384321,-4.289045462158589,5.027717116201582,-4.289701811232922,0.0029564812143554973
86.02,5.0244925916180065,-4.279051305910862,5.027375592606907,-4.279707584475042,0.002956754344852135
86.06,5.024150319925089,-4.26905716512987,5.027033613785331,-4.269713376257854,0.00295702494561715
86.08,5.023979020168162,-4.2640601003549055,5.026862458745283,-4.264716278888484,0.0029571588215648497
86.12,5.023636104598761,-4.254065981644982,5.026519827859186,-4.254722097193965,0.002957422434541839
86.16,5.023292777147413,-4.244071877076215,5.02617678202881,-4.244727932355417,0.0029576836689025163
86.18,5.023120963862397,-4.239074829931621,5.026005108086035,-4.239730856064738,0.002957813075581116
86.22,5.022777048770006,-4.229080745567304,5.0256614675612115,-4.22973671534929,0.0029580683085311987
86.26,5.022432758009723,-4.2190866741374435,5.025317448028535,-4.219742589983949,0.002958320824781203
86.28,5.0222604761653615,-4.214089643125288,5.025145300727801,-4.2147455328680605,0.0029584462325229406
86.32,5.021915648891933,-4.204095590192397,5.024800738868179,-4.204751429440505,0.0029586938487100624
86.36,5.021570478117117,-4.194101549117294,5.024455830714319,-4.194757339995014,0.0029589392162534837
86.38,5.021397768142998,-4.189104532884036,5.024283250613538,-4.189760300355262,0.0029590606725972976
86.42,5.02105210744569,-4.179110508741666,5.023937846015025,-4.179766230924033,0.0029593003684989213
86.46,5.020706132616444,-4.169116495469026,5.0235921246300235,-4.169772174241789,0.0029595378956010403
86.48,5.020533031093428,-4.164119492784089,5.023419148599816,-4.164775150537199,0.0029596556133935116
86.52,5.020186607449337,-4.154125495058668,5.023072972757983,-4.1547811121149865,0.00295988824442558
86.56,5.019839895673115,-4.144131507324957,5.022726506719477,-4.144787085331431,0.0029601192299545864
86.58,5.019666435201826,-4.139134517087271,5.02255316750079,-4.139790076191246,0.002960233285518297
86.62,5.019319312188716,-4.12914054362864,5.022206283870078,-4.129796066122073,0.0029604586179143594
86.66,5.018971925296423,-4.119146579338831,5.021859134280138,-4.119802066682462,0.002960682247946562
86.68,5.018799040580594,-4.114175610268828,5.021685582461431,-4.1148240446174995,0.0029584778407763597
86.72,5.01845530559969,-4.104297446405974,5.021340877910638,-4.1049266666063415,0.002953378679116506
86.76,5.018116270222074,-4.094561118118873,5.021000398711572,-4.095172043817494,0.002948122682856112
86.78,5.017949234058435,-4.089766645312816,5.020832241300224,-4.090371067578552,0.0029456844758945747
86.82,5.017618607857256,-4.080281236784564,5.020500762254917,-4.080867141061747,0.002941104859398946
86.86,5.017292668273214,-4.0709362001702845,5.020173687345647,-4.071508638258081,0.0029373382951375995
86.88,5.0171322906751925,-4.066340115306347,5.020012047067304,-4.066898627797542,0.002933416622426667
86.92,5.016814452668059,-4.057235576015631,5.019693529673226,-4.057778307239773,0.002929785245260094
86.96,5.016501015952682,-4.048262279481539,5.019379107745497,-4.048792382762626,0.0029265033498167728
86.98,5.016346423286819,-4.0438383419956745,5.019223736905103,-4.044365067619875,0.0029251279529538808
87.02,5.016040607681448,-4.035090431137254,5.018917288684937,-4.035601244510141,0.0029216816900131857
87.06,5.015739111963439,-4.026470616029223,5.018614814917386,-4.026966069301027,0.002918071524805529
87.08,5.015590843225085,-4.022233201751212,5.0184654978869006,-4.022715413097754,0.0029148185548044745
87.12,5.015296877444543,-4.013834954028322,5.018170948542716,-4.014300756380077,0.002911572858139311
87.16,5.015007143639325,-4.005561560315402,5.017880472614587,-4.006016258442802,0.002909084011702419
87.18,5.014864492860417,-4.001489559152252,5.01773697952939,-4.001934652984918,0.0029067659319780416
87.22,5.014581945318121,-3.993426868308187,5.017453926095581,-3.9938565570160445,0.0029039466199914593
87.26,5.014303540410765,-3.985485843786954,5.017174991802107,-3.9859083771156816,0.002902372737386648
87.28,5.014166307304409,-3.9815727426152847,5.017037102794376,-3.9819890232542448,0.0029008199384979914
87.32,5.013894647354616,-3.973828922630416,5.016764979786623,-3.9742300401496733,0.002898224203626413
87.36,5.013626497624905,-3.96618820143022,5.016495839209886,-3.96656719403032,0.002894262690605887
87.38,5.0134944926889,-3.9624279107073836,5.016363343314244,-3.962803681059218,0.002893355710563994
87.42,5.013233342755241,-3.954990869058483,5.016101826720872,-3.9553534949281177,0.002891314196418826
87.46,5.012975530122638,-3.9476515300101704,5.015843010843423,-3.94799017685933,0.002887408418031685
87.48,5.012848775614273,-3.9440440700400754,5.0157157136153545,-3.944376577338509,0.002886155679369297
87.52,5.012597804379294,-3.936903189331253,5.0154644173438605,-3.937223115565096,0.0028844102835277026
87.56,5.012350352933843,-3.929864783216755,5.0152163464899155,-3.930170410323899,0.002882243395702798
87.58,5.012228248767908,-3.9263925399906396,5.015093999882956,-3.9266980173344552,0.00288198644358107
87.62,5.0119870689215,-3.919535765871325,5.014852390652182,-3.9198264622840506,0.0028800300388520444
87.66,5.011749186114928,-3.9127747684372376,5.014613853697536,-3.9130491169301336,0.002877774740038273
87.68,5.0116323338587945,-3.9094543751703896,5.014496364097398,-3.9097174441313873,0.0028760866617462914
87.72,5.011400678256361,-3.9028732000393638,5.014264419530732,-3.903123946813141,0.0028746979025790335
87.76,5.01117228931893,-3.8963866142442964,5.014035620967656,-3.89662708635142,0.0028734117290948077
87.78,5.011059644999947,-3.893187990386332,5.013922740647972,-3.893427338113469,0.0028730826692293767
87.82,5.010836962058104,-3.8868659578936438,5.01369978546711,-3.8870934761662324,0.002871850002266094
87.86,5.010617695738346,-3.880642489592713,5.013480332314136,-3.880865336125983,0.0028712973970733036
87.88,5.010509553521383,-3.877573635795225,5.01337190634325,-3.8777933720309594,0.0028707747543373764
87.92,5.010295720327867,-3.871506562297018,5.013157877386719,-3.8717162583160882,0.0028698284704757487
87.96,5.0100849595843275,-3.865528038156084,5.012946877153695,-3.8657309538222857,0.002869102114154147
87.98,5.009981227357588,-3.8625860211255363,5.012842718766718,-3.862781052658177,0.0028681301196514476
88.02,5.009775652993983,-3.8567565366074708,5.012636937967002,-3.856941153276417,0.0028672347325045936
88.06,5.009573163754965,-3.851015746413805,5.01243424000161,-3.8511939739209313,0.002866622112071379
88.08,5.009473425420621,-3.8481884902084196,5.012334186421515,-3.8483613356492286,0.002865977852433897
88.12,5.012136490868217,-3.8427535659192498,5.012136490868217,-3.8427535659192498,0.0
88.16,5.009081389819478,-3.837078271153813,5.0119417768284835,-3.837235072513706,0.0028646815717895944
88.18,5.008985573913514,-3.8343635110519814,5.0118456689891415,-3.8345150328945596,0.002864105918154344
88.22,5.008795910409888,-3.828990488351204,5.011655818210918,-3.8291321594713947,0.002863414628845685
88.26,5.008609028734106,-3.823697207736506,5.011468779305915,-3.8238332390102694,0.0028629840796630637
88.28,5.0085171339549985,-3.8210946933169936,5.011376463394367,-3.821221303424103,0.002862131192321522
88.32,5.008334894040839,-3.815934193066733,5.011194015392504,-3.816050432435104,0.002861483268220169
88.36,5.008155296511267,-3.8108493415324696,5.011014208385421,-3.8109582186670026,0.002860984329668132
88.38,5.008066879532278,-3.8083463335249372,5.01092553774702,-3.808450119648901,0.002860541617987715
88.42,5.007891853016431,-3.803392050064829,5.010750348034372,-3.8034868356246636,0.002860066095380898
88.46,5.007719263169233,-3.79850746510562,5.010577499694915,-3.798593310499303,0.002859525392151918
88.48,5.007634401928307,-3.796106008791853,5.010492332754955,-3.7961849338585796,0.0028590204224636993
88.52,5.0074663085538065,-3.7913496954917156,5.0103241187717,-3.7914209464959416,0.0028586982959204945
88.56,5.007300726469562,-3.7866650792878294,5.0101584992076695,-3.7867335101163717,0.0028585919262754758
88.58,5.007219078095435,-3.7843553294261856,5.010076698084714,-3.784420843781315,0.002858370888085678
88.62,5.009915047688637,-3.779844228748488,5.009915047688637,-3.779844228748488,0.0
88.66,5.006898455901037,-3.7752866891831154,5.009755835451096,-3.7753394132639206,0.0028578659383865198
88.68,5.009677267377869,-3.7731186365080127,5.009677267377869,-3.7731186365080127,0.0
88.72,5.006665023142537,-3.76868556748622,5.009521993878238,-3.768723887012918,0.0028572277071978332
88.76,5.006512121317028,-3.764362364014703,5.00936894682087,-3.7643946496560416,0.0028570079317420554
88.78,5.009293486234168,-3.7622621388341426,5.009293486234168,-3.7622621388341426,0.0
88.82,5.006287782639932,-3.758020205559448,5.009144343171787,-3.7580420824670937,0.002856644302541108
88.86,5.006140979948345,-3.7538705785823314,5.008997466189401,-3.7538883915305825,0.0028565417809769
88.88,5.006068684195233,-3.7518271748162983,5.008924991471099,-3.7518406378619726,0.0028563390043492257
88.92,5.005925560375631,-3.747782153655414,5.008781737678689,-3.74778827498885,0.0028561838626437555
88.96,5.005784557377736,-3.743797460757768,5.0086406680850795,-3.743799721247629,0.002856111601883799
88.98,5.005715118917437,-3.7418352953474923,5.008571061431857,-3.741833341708881,0.0028559431826234907
89.02,5.005577677526426,-3.737951796984742,5.008433522431817,-3.7379435799588157,0.0028558567266521407
89.06,5.005442302250017,-3.734127021644753,5.008298142427609,-3.7341166962729835,0.002855858843369117
89.08,5.005375662687133,-3.7322443690154308,5.008231290351759,-3.732228431324036,0.0028556721396172553
89.12,5.0052436244396175,-3.728514357267928,5.008099130805719,-3.7284916495658647,0.002855596653342025
89.16,5.005113547404615,-3.724840053289508,5.007968999820994,-3.7248138659924592,0.002855572495443444
89.18,5.0050494916096735,-3.7230307700946144,5.007904794260106,-3.7230006232384336,0.0028554617942641368
89.22,5.004922700085643,-3.719449699556616,5.007777910867427,-3.7194137767148563,0.002855436754504003
89.26,5.004797615782209,-3.7159171177685657,5.007652625659296,-3.7158735918702814,0.0028553416436716736
89.28,5.004736095996043,-3.7141797974539092,5.007590963552654,-3.7141324243834304,0.002855260578930557
89.32,5.004614274610721,-3.710739744818273,5.007469003485119,-3.7106854320857714,0.0028552454919385144
89.36,5.004494291753032,-3.7073518486723693,5.007348976422337,-3.7072944054494053,0.0028552625597362664
89.38,5.0044352568596295,-3.705684995889518,5.007289758759466,-3.705622470603781,0.0028551865976721527
89.42,5.004318209338278,-3.7023803194505214,5.007172624159216,-3.7023124675766046,0.0028552211554944418
89.46,5.004202976967514,-3.6991271036713727,5.007057351699656,-3.6990562860568725,0.0028552530966642993
89.48,5.004146326505638,-3.6975278361654453,5.00700048071202,-3.6974507976447804,0.002855193718029379
89.52,5.00403398095603,-3.69435641835289,5.006888027428129,-3.694273622276276,0.002855247179353216
89.56,5.0039233119136055,-3.691232515318068,5.00677732204946,-3.691146913106408,0.002855293609105522
89.58,5.003868817024571,-3.689694332412124,5.006722704796719,-3.6896052193887443,0.002855278716158544
89.62,5.003760941423953,-3.6866495458448663,5.006614746196753,-3.6865555202223383,0.0028553533054510214
89.66,5.003654655517498,-3.6836497957702763,5.006508427339676,-3.683553117061453,0.0028554089699717824
89.68,5.003602319699127,-3.682172761228842,5.006455974523655,-3.682072672516822,0.002855409534170265
89.72,5.003498694633903,-3.6792483446440634,5.006352247407934,-3.6791429458047338,0.002855498616618815
89.76,5.003408850494507,-3.676712942477899,5.006258115040817,-3.6765101950322108,0.0028564689708782272
89.78,5.003383795390056,-3.676005889505204,5.006228733328031,-3.675702838796516,0.002861033310355769
89.82,5.003372396736798,-3.675684220454057,5.006209496983766,-3.6751913910779033,0.002879586533749052
89.86,5.00337239673681,-3.67568422045455,5.006209628965926,-3.675191451518146,0.0028797062257488243
89.88,5.00337239673681,-3.6756842204547393,5.006209692498615,-3.6751914807106165,0.0028797638263221665
89.92,5.00337239673681,-3.6756842204550297,5.006209814842357,-3.6751915369259796,0.0028798747482283956
89.96,5.00337239673681,-3.675684220455234,5.006209931149971,-3.6751915903677648,0.002879980199402302
89.98,5.00337239673681,-3.6756842204553095,5.006209987133877,-3.675191616091603,0.0028800309582829664
90.02,5.00337239673681,-3.67568422045545,5.006210094941067,-3.675191665627524,0.002880128704928683
90.06,5.00337239673681,-3.675684220455537,5.006210197429326,-3.6751917127194487,0.0028802216304561552
90.08,5.00337239673681,-3.675684220455574,5.006210246761376,-3.6751917353868344,0.0028802663600542007
90.12,5.00337239673681,-3.675684220455649,5.006210341759209,-3.6751917790370263,0.002880352495951068
90.16,5.00337239673681,-3.67568422045572,5.006210432070093,-3.675191820533648,0.0028804343832514326
90.18,5.00337239673681,-3.6756842204557376,5.0062104755406445,-3.67519184050777,0.002880473799556919
90.22,5.00337239673681,-3.6756842204557376,5.006210559251095,-3.675191878971548,0.002880549703536314
90.26,5.00337239673681,-3.6756842204557376,5.006210638831486,-3.6751919155376296,0.002880621863483913
90.28,5.00337239673681,-3.6756842204557376,5.006210677136984,-3.6751919331384792,0.0028806565975042137
90.32,5.00337239673681,-3.6756842204557376,5.006210750901187,-3.6751919670321267,0.002880723484732737
90.36,5.00337239673681,-3.6756842204557376,5.006210821026054,-3.6751919992535633,0.0028807870725961124
90.38,5.00337239673681,-3.6756842204557376,5.006210854780198,-3.675192014763146,0.0028808176804325106
90.42,5.00337239673681,-3.6756842204557376,5.006210919779943,-3.675192044629678,0.0028808766218208427
90.46,5.00337239673681,-3.6756842204557376,5.0062109815727664,-3.6751920730226857,0.0028809326557176296
90.48,5.00337239673681,-3.6756842204557376,5.006211011316337,-3.6751920866894787,0.0028809596274492586
90.52,5.00337239673681,-3.6756842204557376,5.00621106859299,-3.6751921130073844,0.0028810115667581015
90.56,5.00337239673681,-3.6756842204557376,5.006211123043759,-3.675192138026845,0.0028810609439208564
90.58,5.00337239673681,-3.6756842204557376,5.0062111492532795,-3.6751921500698033,0.0028810847114366695
90.62,5.00337239673681,-3.6756842204557376,5.006211199724478,-3.6751921732607182,0.002881130480370403
90.66,5.00337239673681,-3.6756842204557376,5.006211247705559,-3.6751921953074653,0.002881173991500083
90.68,5.00337239673681,-3.6756842204557376,5.006211270800936,-3.675192205919527,0.0028811949354057183
90.72,5.00337239673681,-3.6756842204557376,5.0062113152752845,-3.6751922263549908,0.0028812352669059663
90.76,5.00337239673681,-3.6756842204557376,5.006211357555385,-3.675192245782233,0.002881273608800789
90.78,5.00337239673681,-3.6756842204557376,5.0062113779066335,-3.6751922551334126,0.0028812920645053517
90.82,5.00337239673681,-3.6756842204557376,5.0062114170966625,-3.675192273140818,0.0028813276044754852
90.86,5.00337239673681,-3.6756842204557376,5.006211454353156,-3.675192290259794,0.0028813613911854853
90.88,5.00337239673681,-3.6756842204557376,5.006211472286325,-3.6751922984999053,0.0028813776542625028
90.92,5.00337239673681,-3.6756842204557376,5.006211506819904,-3.675192314367745,0.0028814089718968345
90.96,5.00337239673681,-3.6756842204557376,5.0062115396496845,-3.6751923294527167,0.002881438744547063
90.98,5.00337239673681,-3.6756842204557376,5.006211555452084,-3.675192336713773,0.0028814530754679006
91.02,5.00337239673681,-3.6756842204557376,5.006211585882477,-3.675192350696264,0.0028814806723553733
91.06,5.00337239673681,-3.6756842204557376,5.006211614811514,-3.675192363988904,0.0028815069077986555
91.08,5.00337239673681,-3.6756842204557376,5.006211628736316,-3.6751923703872325,0.0028815195360964224
91.12,5.00337239673681,-3.6756842204557376,5.006211655551054,-3.675192382708385,0.0028815438542526177
91.16,5.00337239673681,-3.6756842204557376,5.006211681042821,-3.6751923944216522,0.0028815669727011283
91.18,5.00337239673681,-3.6756842204557376,5.006211693313116,-3.67519240005976,0.0028815781006455467
91.22,5.00337239673681,-3.6756842204557376,5.006211716941801,-3.675192410916968,0.002881599529582681
91.26,5.00337239673681,-3.6756842204557376,5.006211739404708,-3.675192421238518,0.002881619901340363
91.28,5.00337239673681,-3.6756842204557376,5.00621175021708,-3.6751924262067313,0.0028816297071753883
91.32,5.00337239673681,-3.6756842204557376,5.00621177103827,-3.6751924357739356,0.002881648590138252
91.36,5.00337239673681,-3.6756842204557376,5.006211790832197,-3.6751924448691264,0.0028816665415175463
91.38,5.00337239673681,-3.6756842204557376,5.006211800359872,-3.67519244924704,0.002881675182313392
91.42,5.00337239673681,-3.6756842204557376,5.006211818707145,-3.6751924576775137,0.0028816918217719313
91.46,5.00337239673681,-3.6756842204557376,5.006211836149212,-3.675192465692058,0.0028817076403237236
91.48,5.00337239673681,-3.6756842204557376,5.006211844544835,-3.6751924695498084,0.002881715254493581
91.52,5.00337239673681,-3.6756842204557376,5.006211860712137,-3.6751924769786135,0.0028817299169892046
91.56,5.00337239673681,-3.6756842204557376,5.006211876081784,-3.675192484040908,0.0028817438561060116
91.58,5.00337239673681,-3.6756842204557376,5.006211883479864,-3.6751924874402997,0.002881750565619663
91.62,5.00337239673681,-3.6756842204557376,5.006211897726211,-3.6751924939864518,0.002881763486028124
91.66,5.00337239673681,-3.6756842204557376,5.006211911269681,-3.6751925002096404,0.0028817757690014364
91.68,5.00337239673681,-3.6756842204557376,5.00621191778874,-3.6751925032051336,0.0028817816813374217
91.72,5.00337239673681,-3.6756842204557376,5.006211930342375,-3.675192508973505,0.002881793066632571
91.76,5.00337239673681,-3.6756842204557376,5.0062119422766465,-3.675192514457286,0.0028818038902251853
91.78,5.00337239673681,-3.6756842204557376,5.0062119480211305,-3.6751925170968702,0.002881809100097739
91.82,5.00337239673681,-3.6756842204557376,5.006211959083178,-3.6751925221798736,0.0028818191326653057
91.86,5.00337239673681,-3.6756842204557376,5.006211969599452,-3.675192527012101,0.0028818286702657495
91.88,5.00337239673681,-3.6756842204557376,5.006211974661391,-3.675192529338064,0.0028818332611319146
91.92,5.00337239673681,-3.6756842204557376,5.006211984409077,-3.6751925338171336,0.002881842101689998
91.96,5.00337239673681,-3.6756842204557376,5.006211993675838,-3.6751925380752226,0.0028818505060889173
91.98,5.00337239673681,-3.6756842204557376,5.006211998136332,-3.675192540124828,0.0028818545514946933
92.02,5.00337239673681,-3.6756842204557376,5.006212006725826,-3.6751925440717192,0.0028818623416669836
92.06,5.00337239673681,-3.6756842204557376,5.006212014891535,-3.6751925478238867,0.0028818697474994387
92.08,5.00337239673681,-3.6756842204557376,5.006212018822046,-3.6751925496299696,0.0028818733122517944
92.12,5.00337239673681,-3.6756842204557376,5.006212026390959,-3.675192553107914,0.0028818801768357018
92.16,5.00337239673681,-3.6756842204557376,5.006212033586443,-3.6751925564142707,0.0028818867027455854
92.18,5.00337239673681,-3.6756842204557376,5.0062120370499406,-3.6751925580057656,0.002881889843950911
92.22,5.00337239673681,-3.6756842204557376,5.006212043719536,-3.675192561070482,0.0028818958929173696
92.26,5.00337239673681,-3.6756842204557376,5.006212050060071,-3.6751925639839973,0.0028819016434486187
92.28,5.00337239673681,-3.6756842204557376,5.006212053112046,-3.675192565386401,0.0028819044114303367
92.32,5.00337239673681,-3.6756842204557376,5.0062120589891785,-3.6751925680869864,0.0028819097416859204
92.36,5.00337239673681,-3.6756842204557376,5.00621206457635,-3.6751925706543362,0.0028819148089656243
92.38,5.00337239673681,-3.6756842204557376,5.0062120672656985,-3.675192571890115,0.0028819172480685985
92.42,5.00337239673681,-3.6756842204557376,5.006212072444527,-3.6751925742698344,0.002881921945006856
92.46,5.00337239673681,-3.6756842204557376,5.006212077367847,-3.675192576532148,0.002881926410213773
92.48,5.00337239673681,-3.6756842204557376,5.006212079737654,-3.6751925776210994,0.0028819285595125827
92.52,5.00337239673681,-3.6756842204557376,5.006212084301149,-3.6751925797180762,0.002881932698379265
92.56,5.00337239673681,-3.6756842204557376,5.006212088639491,-3.675192581711598,0.002881936633045517
92.58,5.00337239673681,-3.6756842204557376,5.006212090727724,-3.6751925826711678,0.00288193852697219
92.62,5.00337239673681,-3.6756842204557376,5.006212094748998,-3.6751925845189963,0.0028819421740757852
92.66,5.00337239673681,-3.6756842204557376,5.006212098571869,-3.6751925862756614,0.0028819456412392526
92.68,5.00337239673681,-3.6756842204557376,5.006212100411985,-3.675192587121222,0.002881947310137455
92.72,5.00337239673681,-3.6756842204557376,5.006212103955462,-3.675192588749505,0.002881950523904638
92.76,5.00337239673681,-3.6756842204557376,5.006212107324112,-3.6751925902974563,0.002881953579113503
92.78,5.00337239673681,-3.6756842204557376,5.00621210894559,-3.6751925910425536,0.0028819550497189463
92.82,5.00337239673681,-3.6756842204557376,5.006212112068041,-3.675192592477376,0.0028819578816376657
92.86,5.00337239673681,-3.6756842204557376,5.006212115036438,-3.6751925938414116,0.002881960573837447
92.88,5.00337239673681,-3.6756842204557376,5.006212116465257,-3.6751925944979824,0.0028819618697107363
92.92,5.00337239673681,-3.6756842204557376,5.006212119216706,-3.6751925957623306,0.002881964365150129
92.96,5.00337239673681,-3.6756842204557376,5.006212121832406,-3.675192596964302,0.002881966737470794
92.98,5.00337239673681,-3.6756842204557376,5.006212123091456,-3.675192597542864,0.0028819678793718206
93.02,5.00337239673681,-3.6756842204557376,5.006212125515986,-3.6751925986569924,0.0028819700783108333
93.06,5.006212127820897,-3.6751925997161563,5.006212127820897,-3.6751925997161563,0.0
93.08,5.00337239673681,-3.6756842204557376,5.00621212893035,-3.6751926002259787,0.0028819731749848464
93.12,5.00337239673681,-3.6756842204557376,5.006212131066805,-3.6751926012077356,0.0028819751126540533
93.16,5.00337239673681,-3.6756842204557376,5.006212133097852,-3.6751926021410584,0.0028819769547227714
93.18,5.00337239673681,-3.6756842204557376,5.006212134075483,-3.675192602590308,0.002881977841389662
93.22,5.00337239673681,-3.6756842204557376,5.00621213595809,-3.675192603455421,0.002881979548829856
93.26,5.00337239673681,-3.6756842204557376,5.006212137747814,-3.675192604277855,0.0028819811720292537
93.28,5.00337239673681,-3.6756842204557376,5.0062121386092855,-3.675192604673729,0.0028819819533455423
93.32,5.006212140268206,-3.6751926054360577,5.006212140268206,-3.6751926054360577,0.0
93.36,5.00337239673681,-3.6756842204557376,5.00621214184528,-3.6751926061607776,0.002881984888247591
93.38,5.00337239673681,-3.6756842204557376,5.006212142604395,-3.6751926065096177,0.002881985576730443
93.42,5.00337239673681,-3.6756842204557376,5.0062121440662075,-3.675192607181374,0.0028819869025291356
93.46,5.00337239673681,-3.6756842204557376,5.006212145455898,-3.6751926078199895,0.002881988162915655
93.48,5.00337239673681,-3.6756842204557376,5.006212146124816,-3.6751926081273836,0.002881988769594418
93.52,5.00337239673681,-3.6756842204557376,5.006212147412939,-3.6751926087193287,0.002881989937864196
93.56,5.00337239673681,-3.6756842204557376,5.006212148637512,-3.675192609282071,0.002881991048496109
93.58,5.00337239673681,-3.6756842204557376,5.006212149226951,-3.6751926095529437,0.002881991583091208
93.62,5.00337239673681,-3.6756842204557376,5.006212150362024,-3.6751926100745598,0.002881992612550495
93.66,5.00337239673681,-3.6756842204557376,5.006212151441096,-3.675192610570443,0.0028819935912196564
93.68,5.00337239673681,-3.6756842204557376,5.0062121519605,-3.675192610809134,0.0028819940622954576
93.72,5.00337239673681,-3.6756842204557376,5.006212152960707,-3.675192611268778,0.002881994969437494
93.76,5.00337239673681,-3.6756842204557376,5.006212153911566,-3.675192611705746,0.002881995831822826
93.78,5.00337239673681,-3.6756842204557376,5.006212154369256,-3.6751926119160783,0.00288199624692649
93.82,5.00337239673681,-3.6756842204557376,5.00621215525062,-3.6751926123211125,0.002881997046283154
93.86,5.00337239673681,-3.6756842204557376,5.0062121560885,-3.6751926127061654,0.002881997806201295
93.88,5.00337239673681,-3.6756842204557376,5.0062121564918085,-3.6751926128915087,0.0028819981719832907
93.92,5.00337239673681,-3.6756842204557376,5.006212157268453,-3.675192613248422,0.002881998876363604
93.96,5.00337239673681,-3.6756842204557376,5.00621215800678,-3.6751926135877273,0.0028819995459912783
93.98,5.00337239673681,-3.6756842204557376,5.0062121583621675,-3.6751926137510504,0.0028819998683110837
94.02,5.006212159046534,-3.6751926140655597,5.006212159046534,-3.6751926140655597,0.0
94.06,5.00337239673681,-3.6756842204557376,5.006212159697135,-3.675192614364553,0.002882001079063528
94.08,5.00337239673681,-3.6756842204557376,5.006212160010297,-3.675192614508472,0.00288200136308639
94.12,5.00337239673681,-3.6756842204557376,5.006212160613349,-3.675192614785616,0.0028820019100253506
94.16,5.00337239673681,-3.6756842204557376,5.006212161186647,-3.6751926150490877,0.0028820024299786953
94.18,5.00337239673681,-3.6756842204557376,5.006212161462599,-3.6751926151759085,0.0028820026802541965
94.22,5.00337239673681,-3.6756842204557376,5.006212161993998,-3.675192615420126,0.002882003162207026
94.26,5.00337239673681,-3.6756842204557376,5.006212162499178,-3.6751926156522954,0.002882003620380267
94.28,5.00337239673681,-3.6756842204557376,5.006212162742344,-3.6751926157640495,0.002882003840919253
94.32,5.00337239673681,-3.6756842204557376,5.006212163210604,-3.675192615979253,0.002882004265607841
94.36,5.00337239673681,-3.6756842204557376,5.0062121636557615,-3.67519261618384,0.002882004669343547
94.38,5.00337239673681,-3.6756842204557376,5.0062121638700345,-3.6751926162823167,0.0028820048636783824
94.42,5.00337239673681,-3.6756842204557376,5.0062121642826565,-3.6751926164719535,0.0028820052379053803
94.46,5.00337239673681,-3.6756842204557376,5.0062121646749205,-3.675192616652235,0.0028820055936686017
94.48,5.00337239673681,-3.6756842204557376,5.006212164863734,-3.6751926167390128,0.002882005764912554
94.52,5.006212165227328,-3.6751926169061195,5.006212165227328,-3.6751926169061195,0.0
94.56,5.00337239673681,-3.6756842204557376,5.006212165572984,-3.675192617064983,0.002882006408165479
94.58,5.00337239673681,-3.6756842204557376,5.006212165739363,-3.6751926171414513,0.002882006559062313
94.62,5.00337239673681,-3.6756842204557376,5.006212166059757,-3.6751926172887055,0.0028820068496421035
94.66,5.00337239673681,-3.6756842204557376,5.006212166364343,-3.6751926174286957,0.002882007125885719
94.68,5.00337239673681,-3.6756842204557376,5.006212166510954,-3.6751926174960796,0.002882007258853665
94.72,5.00337239673681,-3.6756842204557376,5.00621216679328,-3.67519261762584,0.002882007514908127
94.76,5.00337239673681,-3.6756842204557376,5.006212167061677,-3.675192617749199,0.0028820077583293167
94.78,5.00337239673681,-3.6756842204557376,5.006212167190868,-3.675192617808577,0.002882007875498296
94.82,5.00337239673681,-3.6756842204557376,5.006212167439648,-3.675192617922922,0.0028820081011274004
94.86,5.00337239673681,-3.6756842204557376,5.006212167676154,-3.675192618031626,0.0028820083156257956
94.88,5.00337239673681,-3.6756842204557376,5.006212167789996,-3.6751926180839503,0.002882008418873472
94.92,5.00337239673681,-3.6756842204557376,5.006212168009216,-3.675192618184711,0.00288200861769349
94.96,5.00337239673681,-3.6756842204557376,5.006212168217621,-3.6751926182805006,0.0028820088067046273
94.98,5.00337239673681,-3.6756842204557376,5.006212168317936,-3.675192618326609,0.0028820088976847617
95.02,5.00337239673681,-3.6756842204557376,5.00621216851111,-3.6751926184153993,0.0028820090728816717
95.06,5.00337239673681,-3.6756842204557376,5.006212168694753,-3.6751926184998096,0.002882009239435234
95.08,5.00337239673681,-3.6756842204557376,5.006212168783149,-3.67519261854044,0.002882009319605093
95.12,5.00337239673681,-3.6756842204557376,5.006212168953371,-3.675192618618683,0.002882009473986122
95.16,5.00337239673681,-3.6756842204557376,5.006212169115194,-3.6751926186930657,0.002882009620750054
95.18,5.00337239673681,-3.6756842204557376,5.006212169193087,-3.6751926187288695,0.0028820096913935926
95.22,5.00337239673681,-3.6756842204557376,5.006212169343084,-3.6751926187978174,0.0028820098274317907
95.26,5.00337239673681,-3.6756842204557376,5.00621216948568,-3.6751926188633637,0.0028820099567575213
95.28,5.00337239673681,-3.6756842204557376,5.006212169554318,-3.6751926188949144,0.002882010019007345
95.32,5.00337239673681,-3.6756842204557376,5.006212169686492,-3.675192618955671,0.002882010138880906
95.36,5.006212169812145,-3.675192619013431,5.006212169812145,-3.675192619013431,0.0
95.38,5.00337239673681,-3.6756842204557376,5.006212169872628,-3.675192619041234,0.002882010307693627
95.42,5.006212169989097,-3.6751926190947737,5.006212169989097,-3.6751926190947737,0.0
95.46,5.00337239673681,-3.6756842204557376,5.00621217009982,-3.6751926191456725,0.00288201051374179
95.48,5.00337239673681,-3.6756842204557376,5.006212170153116,-3.675192619170172,0.0028820105620777224
95.52,5.00337239673681,-3.6756842204557376,5.006212170255747,-3.675192619217351,0.0028820106551567942
95.56,5.00337239673681,-3.6756842204557376,5.006212170353315,-3.6751926192622033,0.00288201074364438
95.58,5.00337239673681,-3.6756842204557376,5.006212170400279,-3.675192619283793,0.002882010786237606
95.62,5.00337239673681,-3.6756842204557376,5.006212170490716,-3.675192619325368,0.002882010868257561
95.66,5.00337239673681,-3.6756842204557376,5.006212170576691,-3.6751926193648923,0.0028820109462304455
95.68,5.00337239673681,-3.6756842204557376,5.006212170618075,-3.675192619383917,0.002882010983762568
95.72,5.00337239673681,-3.6756842204557376,5.006212170697767,-3.675192619420553,0.0028820110560372433
95.76,5.00337239673681,-3.6756842204557376,5.006212170773527,-3.6751926194553826,0.0028820111247466074
95.78,5.00337239673681,-3.6756842204557376,5.006212170809994,-3.675192619472148,0.0028820111578192554
95.82,5.00337239673681,-3.6756842204557376,5.006212170880218,-3.6751926195044327,0.0028820112215069142
95.86,5.00337239673681,-3.6756842204557376,5.006212170946976,-3.6751926195351245,0.0028820112820514107
95.88,5.00337239673681,-3.6756842204557376,5.0062121709791105,-3.6751926195498985,0.002882011311194687
95.92,5.00337239673681,-3.6756842204557376,5.00621217104099,-3.6751926195783478,0.002882011367314462
95.96,5.00337239673681,-3.6756842204557376,5.006212171099816,-3.675192619605394,0.002882011420664728
95.98,5.00337239673681,-3.6756842204557376,5.006212171128131,-3.675192619618413,0.0028820114463441763
96.02,5.00337239673681,-3.6756842204557376,5.006212171182659,-3.6751926196434836,0.0028820114957965504
96.06,5.00337239673681,-3.6756842204557376,5.006212171234495,-3.6751926196673175,0.002882011542807275
96.08,5.006212171259445,-3.67519261967879,5.006212171259445,-3.67519261967879,0.0
96.12,5.00337239673681,-3.6756842204557376,5.006212171307494,-3.6751926197008826,0.0028820116090114293
96.16,5.00337239673681,-3.6756842204557376,5.00621217135317,-3.6751926197218854,0.0028820116504358188
96.18,5.00337239673681,-3.6756842204557376,5.006212171375157,-3.675192619731995,0.0028820116703759833
96.22,5.00337239673681,-3.6756842204557376,5.006212171417497,-3.675192619751464,0.0028820117087740337
96.26,5.00337239673681,-3.6756842204557376,5.006212171457746,-3.6751926197699722,0.002882011745276677
96.28,5.00621217147712,-3.675192619778881,5.00621217147712,-3.675192619778881,0.0
96.32,5.00337239673681,-3.6756842204557376,5.006212171514429,-3.675192619796037,0.0028820117966825904
96.36,5.00337239673681,-3.6756842204557376,5.0062121715498975,-3.6751926198123472,0.0028820118288492044
96.38,5.006212171566969,-3.6751926198201983,5.006212171566969,-3.6751926198201983,0.0
96.42,5.00337239673681,-3.6756842204557376,5.006212171599845,-3.675192619835317,0.0028820118741467488
96.46,5.00337239673681,-3.6756842204557376,5.006212171631099,-3.6751926198496903,0.0028820119024910696
96.48,5.00337239673681,-3.6756842204557376,5.006212171646143,-3.6751926198566083,0.0028820119161345158
96.52,5.00337239673681,-3.6756842204557376,5.006212171675114,-3.6751926198699314,0.0028820119424079462
96.56,5.00337239673681,-3.6756842204557376,5.006212171702654,-3.6751926198825973,0.002882011967384477
96.58,5.00337239673681,-3.6756842204557376,5.0062121717159105,-3.675192619888694,0.0028820119794062855
96.62,5.00337239673681,-3.6756842204557376,5.0062121717414385,-3.675192619900434,0.0028820120025576405
96.66,5.006212171765707,-3.675192619911596,5.006212171765707,-3.675192619911596,0.0
96.68,5.00337239673681,-3.6756842204557376,5.006212171777388,-3.6751926199169684,0.0028820120351603393
96.72,5.00337239673681,-3.6756842204557376,5.006212171799882,-3.6751926199273144,0.002882012055559923
96.76,5.00337239673681,-3.6756842204557376,5.006212171821267,-3.67519261993715,0.0028820120749534677
96.78,5.00337239673681,-3.6756842204557376,5.00621217183156,-3.675192619941885,0.0028820120842880637
96.82,5.00337239673681,-3.6756842204557376,5.006212171851382,-3.6751926199510025,0.002882012102263812
96.86,5.00337239673681,-3.6756842204557376,5.006212171870225,-3.6751926199596707,0.0028820121193526673
96.88,5.00337239673681,-3.6756842204557376,5.006212171879295,-3.6751926199638434,0.0028820121275780664
96.92,5.00337239673681,-3.6756842204557376,5.006212171896762,-3.6751926199718783,0.002882012143418441
96.96,5.00337239673681,-3.6756842204557376,5.006212171913368,-3.6751926199795166,0.002882012158477554
96.98,5.00337239673681,-3.6756842204557376,5.00621217192136,-3.6751926199831937,0.0028820121657259197
97.02,5.00337239673681,-3.6756842204557376,5.006212171936751,-3.675192619990274,0.0028820121796830304
97.06,5.00337239673681,-3.6756842204557376,5.006212171951382,-3.6751926199970053,0.002882012192951342
97.08,5.00337239673681,-3.6756842204557376,5.006212171958425,-3.6751926200002454,0.002882012199338698
97.12,5.00337239673681,-3.6756842204557376,5.006212171971987,-3.675192620006485,0.0028820122116381217
97.16,5.00337239673681,-3.6756842204557376,5.006212171984881,-3.675192620012417,0.002882012223330968
97.18,5.00337239673681,-3.6756842204557376,5.006212171991087,-3.675192620015273,0.002882012228958571
97.22,5.00337239673681,-3.6756842204557376,5.006212172003038,-3.675192620020772,0.002882012239796728
97.26,5.00337239673681,-3.6756842204557376,5.006212172014399,-3.6751926200260003,0.00288201225009911
97.28,5.00337239673681,-3.6756842204557376,5.006212172019867,-3.675192620028517,0.002882012255058202
97.32,5.00337239673681,-3.6756842204557376,5.0062121720303985,-3.675192620033363,0.0028820122646084044
97.36,5.00337239673681,-3.6756842204557376,5.00621217204041,-3.67519262003797,0.0028820122736873907
97.38,5.00337239673681,-3.6756842204557376,5.006212172045228,-3.6751926200401877,0.0028820122780568447
97.42,5.00337239673681,-3.6756842204557376,5.006212172054508,-3.6751926200444585,0.0028820122864720407
97.46,5.00337239673681,-3.6756842204557376,5.0062121720633295,-3.6751926200485183,0.002882012294471635
97.48,5.00337239673681,-3.6756842204557376,5.006212172067577,-3.6751926200504728,0.0028820122983232803
97.52,5.00337239673681,-3.6756842204557376,5.006212172075754,-3.6751926200542364,0.0028820123057389084
97.56,5.00337239673681,-3.6756842204557376,5.006212172083528,-3.675192620057815,0.0028820123127888007
97.58,5.00337239673681,-3.6756842204557376,5.00621217208727,-3.675192620059537,0.0028820123161820963
97.62,5.006212172094476,-3.675192620062854,5.006212172094476,-3.675192620062854,0.0
97.66,5.00337239673681,-3.6756842204557376,5.006212172101327,-3.6751926200660074,0.00288201232892872
97.68,5.00337239673681,-3.6756842204557376,5.0062121721046235,-3.675192620067525,0.0028820123319184807
97.72,5.00337239673681,-3.6756842204557376,5.006212172110973,-3.675192620070448,0.0028820123376764213
97.76,5.00337239673681,-3.6756842204557376,5.00621217211701,-3.675192620073227,0.0028820123431508487
97.78,5.00337239673681,-3.6756842204557376,5.006212172119915,-3.6751926200745646,0.002882012345785342
97.82,5.00337239673681,-3.6756842204557376,5.006212172125511,-3.6751926200771408,0.0028820123508594316
97.86,5.00337239673681,-3.6756842204557376,5.00621217213083,-3.67519262007959,0.002882012355683011
97.88,5.00337239673681,-3.6756842204557376,5.00621217213339,-3.675192620080769,0.002882012358004109
97.92,5.00337239673681,-3.6756842204557376,5.006212172138319,-3.675192620083039,0.0028820123624740198
97.96,5.00337239673681,-3.6756842204557376,5.006212172143005,-3.675192620085198,0.0028820123667231494
97.98,5.00337239673681,-3.6756842204557376,5.006212172145261,-3.675192620086237,0.0028820123687688043
98.02,5.00337239673681,-3.6756842204557376,5.006212172149606,-3.6751926200882377,0.002882012372708839
98.06,5.00337239673681,-3.6756842204557376,5.006212172153737,-3.67519262009014,0.0028820123764547005
98.08,5.00337239673681,-3.6756842204557376,5.006212172155725,-3.675192620091056,0.002882012378257115
98.12,5.00337239673681,-3.6756842204557376,5.006212172159552,-3.6751926200928198,0.0028820123817273058
98.16,5.00337239673681,-3.6756842204557376,5.006212172163192,-3.675192620094496,0.00288201238502776
98.18,5.00337239673681,-3.6756842204557376,5.006212172164943,-3.6751926200953036,0.0028820123866158645
98.22,5.00337239673681,-3.6756842204557376,5.006212172168317,-3.675192620096858,0.002882012389674602
98.26,5.00337239673681,-3.6756842204557376,5.006212172171524,-3.675192620098336,0.0028820123925827126
98.28,5.00337239673681,-3.6756842204557376,5.0062121721730675,-3.675192620099047,0.002882012393982467
98.32,5.00337239673681,-3.6756842204557376,5.006212172176039,-3.675192620100417,0.0028820123966770677
98.36,5.00337239673681,-3.6756842204557376,5.006212172178865,-3.675192620101719,0.0028820123992388566
98.38,5.00337239673681,-3.6756842204557376,5.006212172180225,-3.6751926201023455,0.0028820124004727203
98.42,5.00337239673681,-3.6756842204557376,5.006212172182845,-3.675192620103553,0.0028820124028484818
98.46,5.00337239673681,-3.6756842204557376,5.006212172185335,-3.675192620104701,0.0028820124051057447
98.48,5.00337239673681,-3.6756842204557376,5.006212172186534,-3.6751926201052534,0.002882012406192979
98.52,5.00337239673681,-3.6756842204557376,5.0062121721888415,-3.6751926201063174,0.002882012408285151
98.56,5.00337239673681,-3.6756842204557376,5.006212172191036,-3.675192620107329,0.002882012410275116
98.58,5.00337239673681,-3.6756842204557376,5.006212172192092,-3.6751926201078158,0.0028820124112326605
98.62,5.00337239673681,-3.6756842204557376,5.006212172194126,-3.675192620108754,0.00288201241307672
98.66,5.00337239673681,-3.6756842204557376,5.006212172196059,-3.6751926201096454,0.0028820124148290407
98.68,5.00337239673681,-3.6756842204557376,5.00621217219699,-3.675192620110075,0.0028820124156729594
98.72,5.00337239673681,-3.6756842204557376,5.006212172198782,-3.6751926201109018,0.002882012417297988
98.76,5.00337239673681,-3.6756842204557376,5.006212172200485,-3.6751926201116873,0.0028820124188416703
98.78,5.00337239673681,-3.6756842204557376,5.006212172201304,-3.6751926201120657,0.0028820124195849052
98.82,5.00337239673681,-3.6756842204557376,5.006212172202884,-3.675192620112794,0.0028820124210167117
98.86,5.00337239673681,-3.6756842204557376,5.0062121722043855,-3.6751926201134864,0.002882012422378515
98.88,5.00337239673681,-3.6756842204557376,5.0062121722051085,-3.67519262011382,0.002882012423034008
98.92,5.00337239673681,-3.6756842204557376,5.006212172206501,-3.675192620114462,0.0028820124242967264
98.96,5.00337239673681,-3.6756842204557376,5.006212172207824,-3.675192620115073,0.0028820124254956094
98.98,5.00337239673681,-3.6756842204557376,5.0062121722084605,-3.675192620115367,0.0028820124260729536
99.02,5.00337239673681,-3.6756842204557376,5.006212172209686,-3.6751926201159324,0.002882012427184246
99.06,5.00337239673681,-3.6756842204557376,5.006212172210852,-3.67519262011647,0.0028820124282415995
99.08,5.00337239673681,-3.6756842204557376,5.006212172211414,-3.675192620116729,0.002882012428750539
99.12,5.00337239673681,-3.6756842204557376,5.0062121722124955,-3.675192620117228,0.0028820124297314186
99.16,5.006212172213521,-3.6751926201177025,5.006212172213521,-3.6751926201177025,0.0
99.18,5.00337239673681,-3.6756842204557376,5.006212172214016,-3.6751926201179304,0.002882012431109858
99.22,5.00337239673681,-3.6756842204557376,5.006212172214968,-3.67519262011837,0.0028820124319730383
99.26,5.00337239673681,-3.6756842204557376,5.006212172215875,-3.6751926201187874,0.0028820124327953727
99.28,5.00337239673681,-3.6756842204557376,5.006212172216311,-3.6751926201189886,0.002882012433190762
99.32,5.00337239673681,-3.6756842204557376,5.006212172217151,-3.6751926201193768,0.0028820124339524592
99.36,5.00337239673681,-3.6756842204557376,5.006212172217948,-3.675192620119745,0.0028820124346746823
99.38,5.00337239673681,-3.6756842204557376,5.006212172218332,-3.675192620119922,0.0028820124350225273
99.42,5.00337239673681,-3.6756842204557376,5.006212172219071,-3.675192620120264,0.002882012435692334
99.46,5.00337239673681,-3.6756842204557376,5.006212172219774,-3.6751926201205887,0.0028820124363300886
99.48,5.00337239673681,-3.6756842204557376,5.0062121722201125,-3.6751926201207445,0.002882012436636937
99.52,5.00337239673681,-3.6756842204557376,5.0062121722207635,-3.6751926201210456,0.0028820124372270716
99.56,5.00337239673681,-3.6756842204557376,5.0062121722213835,-3.6751926201213316,0.002882012437789151
99.58,5.00337239673681,-3.6756842204557376,5.006212172221682,-3.6751926201214697,0.002882012438059647
99.62,5.00337239673681,-3.6756842204557376,5.006212172222254,-3.675192620121735,0.002882012438578028
99.66,5.00337239673681,-3.6756842204557376,5.006212172222799,-3.675192620121987,0.0028820124390723507
99.68,5.00337239673681,-3.6756842204557376,5.006212172223061,-3.675192620122109,0.002882012439309768
99.72,5.00337239673681,-3.6756842204557376,5.0062121722235675,-3.675192620122343,0.0028820124397686895
99.76,5.00337239673681,-3.6756842204557376,5.006212172224049,-3.6751926201225658,0.0028820124402050003
99.78,5.00337239673681,-3.6756842204557376,5.00621217222428,-3.6751926201226732,0.002882012440414211
99.82,5.00337239673681,-3.6756842204557376,5.006212172224726,-3.6751926201228797,0.002882012440818318
99.86,5.00337239673681,-3.6756842204557376,5.00621217222515,-3.675192620123076,0.0028820124412031636
99.88,5.00337239673681,-3.6756842204557376,5.0062121722253545,-3.6751926201231706,0.002882012441388316
99.92,5.00337239673681,-3.6756842204557376,5.006212172225747,-3.6751926201233522,0.0028820124417441553
99.96,5.00337239673681,-3.6756842204557376,5.006212172226119,-3.675192620123525,0.0028820124420813813
99.98,5.00337239673681,-3.6756842204557376,5.006212172226299,-3.675192620123608,0.0028820124422439986
100.02,5.00337239673681,-3.6756842204557376,5.006212172226645,-3.675192620123769,0.00288201244255789
100.06,5.00337239673681,-3.6756842204557376,5.006212172226974,-3.675192620123922,0.002882012442855566
100.08,5.00337239673681,-3.6756842204557376,5.006212172227133,-3.6751926201239957,0.002882012442999645
100.12,5.00337239673681,-3.6756842204557376,5.006212172227438,-3.675192620124137,0.0028820124432766122
100.16,5.00337239673681,-3.6756842204557376,5.006212172227728,-3.6751926201242715,0.0028820124435389623
100.18,5.00337239673681,-3.6756842204557376,5.006212172227867,-3.6751926201243363,0.002882012443665303
100.22,5.00337239673681,-3.6756842204557376,5.006212172228135,-3.6751926201244607,0.002882012443908392
100.26,5.00337239673681,-3.6756842204557376,5.006212172228392,-3.675192620124579,0.002882012444141164
100.28,5.00337239673681,-3.6756842204557376,5.0062121722285156,-3.6751926201246357,0.0028820124442531154
100.32,5.00337239673681,-3.6756842204557376,5.006212172228752,-3.6751926201247453,0.002882012444467198
100.36,5.00337239673681,-3.6756842204557376,5.006212172228976,-3.6751926201248497,0.0028820124446699374
100.38,5.00337239673681,-3.6756842204557376,5.006212172229084,-3.6751926201249,0.0028820124447681474
100.42,5.00337239673681,-3.6756842204557376,5.006212172229292,-3.675192620124997,0.002882012444956346
100.46,5.00337239673681,-3.6756842204557376,5.00621217222949,-3.6751926201250895,0.002882012445135751
100.48,5.00337239673681,-3.6756842204557376,5.006212172229585,-3.675192620125134,0.002882012445221818
100.52,5.00337239673681,-3.6756842204557376,5.006212172229768,-3.675192620125219,0.0028820124453875573
100.56,5.00337239673681,-3.6756842204557376,5.006212172229942,-3.675192620125301,0.002882012445545151
100.58,5.00337239673681,-3.6756842204557376,5.006212172230026,-3.67519262012534,0.0028820124456216253
100.62,5.00337239673681,-3.6756842204557376,5.006212172230189,-3.675192620125416,0.0028820124457688266
100.66,5.00337239673681,-3.6756842204557376,5.006212172230343,-3.6751926201254883,0.002882012445908757
100.68,5.00337239673681,-3.6756842204557376,5.006212172230418,-3.675192620125523,0.0028820124459763624
100.72,5.00337239673681,-3.6756842204557376,5.006212172230562,-3.6751926201255896,0.002882012446106776
100.76,5.00337239673681,-3.6756842204557376,5.006212172230699,-3.6751926201256535,0.0028820124462306425
100.78,5.00337239673681,-3.6756842204557376,5.006212172230764,-3.675192620125684,0.0028820124462901778
100.82,5.00337239673681,-3.6756842204557376,5.006212172230891,-3.6751926201257428,0.002882012446405327
100.86,5.00337239673681,-3.6756842204557376,5.006212172231011,-3.6751926201257987,0.0028820124465139293
100.88,5.00337239673681,-3.6756842204557376,5.006212172231068,-3.6751926201258254,0.0028820124465653942
100.92,5.00337239673681,-3.6756842204557376,5.006212172231179,-3.675192620125877,0.0028820124466660026
100.96,5.00337239673681,-3.6756842204557376,5.006212172231284,-3.6751926201259266,0.0028820124467607874
100.98,5.00337239673681,-3.6756842204557376,5.006212172231334,-3.67519262012595,0.002882012446805782
101.02,5.00337239673681,-3.6756842204557376,5.006212172231431,-3.675192620125996,0.0028820124468933723
101.06,5.00337239673681,-3.6756842204557376,5.006212172231523,-3.6751926201260394,0.0028820124469769656
101.08,5.006212172231568,-3.6751926201260607,5.006212172231568,-3.6751926201260607,0.0
101.12,5.006212172231654,-3.675192620126101,5.006212172231654,-3.675192620126101,0.0
101.16,5.00337239673681,-3.6756842204557376,5.006212172231736,-3.6751926201261393,0.0028820124471699606
101.18,5.00337239673681,-3.6756842204557376,5.006212172231775,-3.6751926201261575,0.002882012447205362
101.22,5.00337239673681,-3.6756842204557376,5.006212172231852,-3.6751926201261926,0.0028820124472755167
101.26,5.00337239673681,-3.6756842204557376,5.006212172231925,-3.675192620126227,0.002882012447341447
101.28,5.00337239673681,-3.6756842204557376,5.00621217223196,-3.675192620126243,0.002882012447372851
101.32,5.00337239673681,-3.6756842204557376,5.0062121722320265,-3.675192620126274,0.0028820124474331858
101.36,5.00337239673681,-3.6756842204557376,5.0062121722320905,-3.675192620126304,0.0028820124474910466
101.38,5.00337239673681,-3.6756842204557376,5.006212172232121,-3.6751926201263188,0.002882012447518302
101.42,5.00621217223218,-3.675192620126346,5.00621217223218,-3.675192620126346,0.0
101.46,5.00337239673681,-3.6756842204557376,5.006212172232236,-3.675192620126372,0.002882012447622983
101.48,5.00337239673681,-3.6756842204557376,5.006212172232264,-3.6751926201263845,0.0028820124476479922
101.52,5.00337239673681,-3.6756842204557376,5.006212172232316,-3.675192620126409,0.0028820124476954603
101.56,5.00337239673681,-3.6756842204557376,5.006212172232366,-3.6751926201264324,0.0028820124477404547
101.58,5.00337239673681,-3.6756842204557376,5.00621217223239,-3.675192620126444,0.0028820124477621145
101.62,5.00337239673681,-3.6756842204557376,5.006212172232436,-3.6751926201264657,0.0028820124478039113
101.66,5.00337239673681,-3.6756842204557376,5.00621217223248,-3.6751926201264857,0.0028820124478442606
101.68,5.00337239673681,-3.6756842204557376,5.006212172232501,-3.6751926201264955,0.002882012447862723
101.72,5.00337239673681,-3.6756842204557376,5.006212172232541,-3.6751926201265146,0.0028820124478988476
101.76,5.00337239673681,-3.6756842204557376,5.006212172232579,-3.6751926201265324,0.0028820124479334496
101.78,5.00337239673681,-3.6756842204557376,5.006212172232598,-3.6751926201265412,0.002882012447950313
101.82,5.00337239673681,-3.6756842204557376,5.006212172232633,-3.6751926201265577,0.0028820124479825167
101.86,5.00337239673681,-3.6756842204557376,5.006212172232667,-3.6751926201265737,0.0028820124480130457
101.88,5.00337239673681,-3.6756842204557376,5.006212172232683,-3.675192620126581,0.002882012448027511
101.92,5.00337239673681,-3.6756842204557376,5.006212172232713,-3.675192620126596,0.0028820124480547667
101.96,5.00337239673681,-3.6756842204557376,5.006212172232743,-3.67519262012661,0.002882012448082098
101.98,5.00337239673681,-3.6756842204557376,5.0062121722327575,-3.675192620126617,0.0028820124480948887
102.02,5.00337239673681,-3.6756842204557376,5.006212172232785,-3.67519262012663,0.0028820124481198223
102.06,5.006212172232811,-3.675192620126642,5.006212172232811,-3.675192620126642,0.0
102.08,5.00337239673681,-3.6756842204557376,5.006212172232823,-3.6751926201266483,0.002882012448154348
102.12,5.00337239673681,-3.6756842204557376,5.006212172232847,-3.67519262012666,0.0028820124481760082
102.16,5.00621217223287,-3.67519262012667,5.00621217223287,-3.67519262012667,0.0
102.18,5.003375159008319,-3.6757621715289295,5.006214827170168,-3.6752675732073694,0.0028824196032344344
102.22,5.006253767356986,-3.676366883668831,5.006253767356986,-3.676366883668831,0.0
102.26,5.003523896705348,-3.679959537021884,5.006349348758003,-3.679065191010746,0.0029636184115862875
102.28,5.00359649486701,-3.6820082511320003,5.006418379916664,-3.6810139686053347,0.0029919279697701684
102.32,5.00378408143401,-3.6873019285183113,5.006598816951443,-3.686107773517957,0.003057571290741668
102.36,5.003996563858489,-3.6932981649408494,5.006810230195656,-3.692076029863948,0.003067626509714315
102.38,5.004102805070724,-3.6962962831519453,5.006916432455332,-3.6950741494683053,0.00306759022688877
102.42,5.00431528749518,-3.7022925195738865,5.007128836972764,-3.70107038867587,0.003067517660047065
102.46,5.004527769919634,-3.708288755995597,5.007341241487742,-3.707066627882041,0.0030674450916836657
102.48,5.004634011131856,-3.7112868742063854,5.007447443744351,-3.710064747484648,0.0030674088069630365
102.52,5.004846493556293,-3.7172831106278683,5.007659848255878,-3.716060986688976,0.0030673362364909765
102.56,5.005058975980731,-3.723279347049259,5.0078722527652495,-3.7220572258921987,0.003067263664709227
102.58,5.00516521719295,-3.7262774652599338,5.007978455019159,-3.72505534549342,0.0030672273783529267
102.62,5.005377699617387,-3.732273701681246,5.008190859525493,-3.731051584695134,0.003067154804752956
102.66,5.005590182041825,-3.73826993810253,5.008403264029929,-3.73704782389592,0.0030670822300345826
102.68,5.005696423254044,-3.741268056313158,5.008509466281464,-3.7400459434959843,0.0030670459422739433
102.72,5.005908905678481,-3.7472642927344064,5.0087218707832255,-3.7460421826954806,0.003066973365999703
102.76,5.008934275283313,-3.752038421894188,5.008934275283313,-3.752038421894188,0.0
102.78,5.006227629315138,-3.756258647366273,5.009040477532755,-3.755036541493257,0.0030668644998131465
102.82,5.006440111739575,-3.7622548837875,5.009252882030489,-3.7610327806908437,0.00306679192125936
102.86,5.006652594164013,-3.7682511202087148,5.009465286526746,-3.7670290198877168,0.0030667193418961185
102.88,5.006758835376232,-3.771249238419324,5.009571488774345,-3.7700271394859075,0.003066683051926631
102.92,5.006971317800669,-3.777245474840537,5.009783893268527,-3.7760233786817996,0.0030666104714482624
102.96,5.007183800225107,-3.7832417112617516,5.009996297761412,-3.7820196178770806,0.003066537890289084
102.98,5.007290041437326,-3.786239829472357,5.010102500007387,-3.7850177374745,0.003066501599467867
103.02,5.007502523861763,-3.7922360658935665,5.0103149044984425,-3.791013976668913,0.0030664290173722077
103.06,5.007715006286201,-3.798232302314774,5.010527308988352,-3.797010215862785,0.003066356434705597
103.08,5.00782124749842,-3.801230420525378,5.010633511232896,-3.8000083354595273,0.003066320143172753
103.12,5.0080337299228574,-3.8072266569465874,5.0108459157211955,-3.806004574652638,0.0030662475597313917
103.16,5.008246212347295,-3.813222893367795,5.011058320208486,-3.8120008138452715,0.003066174975819503
103.18,5.008352453559514,-3.8162210115783988,5.011164522451768,-3.8149989334414167,0.0030661386836986133
103.22,5.0085649359839515,-3.822217247999608,5.011376926937638,-3.8209951726333773,0.0030660660991510542
103.26,5.008777418408389,-3.8282134844208175,5.011589331422619,-3.8269914118249186,0.0030659935142205593
103.28,5.008883659620608,-3.831211602631425,5.01169553366479,-3.8299895314205403,0.003065957221622442
103.32,5.0090961420450455,-3.837207839052636,5.01190793814852,-3.8359857706114915,0.0030658846361782724
103.36,5.009308624469483,-3.8432040754738472,5.012120342631465,-3.8419820098020696,0.003065812050428973
103.38,5.009414865681702,-3.8462021936844537,5.012226544872656,-3.844980129397224,0.0030657757574500543
103.42,5.0096273481061395,-3.85219843010567,5.0124389493545,-3.850976368587283,0.0030657031712979753
103.46,5.009839830530577,-3.8581946665268823,5.012651353835653,-3.85697260777701,0.00306563058490833
103.48,5.009946071742796,-3.8611927847374905,5.012757556075981,-3.8599707273717567,0.0030655942916327714
103.52,5.0101585541672335,-3.8671890211587043,5.0129699605561635,-3.8659669665610195,0.003065521704936851
103.56,5.010371036591671,-3.87318525757992,5.013182365035737,-3.8719632057499913,0.003065449118065218
103.58,5.01047727780389,-3.8761833757905255,5.013288567275305,-3.8749613253443744,0.0030654128245683186
103.62,5.010689760228328,-3.8821796122117367,5.013500971754023,-3.8809575645329373,0.003065340237471181
103.66,5.010902242652765,-3.8881758486329567,5.0137133762322055,-3.8869538037212505,0.003065267650252387
103.68,5.011114725077203,-3.8941720850541786,5.013819578471104,-3.8899519233153157,0.005012583863104867
103.72,5.011220966289422,-3.8971702032647877,5.0140319829485325,-3.895948162503272,0.0030651587692328316
103.76,5.011433448713859,-3.903166439686005,5.014244387425488,-3.9019444016909994,0.0030650861817850786
103.78,5.011539689926078,-3.9061645578966178,5.014350589663796,-3.904942521284782,0.0030650498880395957
103.82,5.011752172350516,-3.912160794317836,5.0145629941400856,-3.9109387604721864,0.0030649773005088344
103.86,5.011858413562734,-3.9151589125284407,5.014775398615959,-3.916934999659396,0.003415155530496582
103.88,5.012070895987172,-3.9211551489496608,5.014881600853747,-3.919933119252929,0.0030648684191466914
103.92,5.01228337841161,-3.9271513853708835,5.015094005329034,-3.9259293584398547,0.0030647958315535035
103.96,5.012495860836047,-3.933147621792109,5.015306409803953,-3.9319255976266088,0.003064723243959185
103.98,5.012602102048266,-3.9361457400027127,5.015412612041281,-3.9349237172199185,0.003064686950164058
104.02,5.012814584472704,-3.942141976423932,5.015625016515685,-3.940919956406415,0.003064614362595558
104.06,5.013027066897141,-3.9481382128451528,5.015837420989766,-3.9469161955927587,0.003064541775058929
104.1,5.01313330810936,-3.9511363310557583,5.016049825463539,-3.952912434778951,0.0034147646936159575
104.12,5.013345790533798,-3.9571325674769775,5.0161560277003145,-3.9559105543719912,0.003064432893837099
104.16,5.013558272958235,-3.9631288038981975,5.016368432173656,-3.9619067935579757,0.0030643603064297873
104.18,5.013664514170454,-3.966126922108813,5.016474634410224,-3.964904913150918,0.0030643240127533567
104.22,5.013876996594892,-3.972123158530031,5.016687038883162,-3.970901152336706,0.0030642514254530114
104.26,5.016899443355849,-3.976897391522374,5.016899443355849,-3.976897391522374,0.0
104.28,5.014195720231548,-3.9811175131618577,5.017005645592103,-3.979895511115165,0.0030641425446621628
104.32,5.014408202655986,-3.987113749583077,5.017218050064436,-3.985891750300657,0.0030640699575905745
104.36,5.014620685080423,-3.9931099860042925,5.017430454536548,-3.9918879894860413,0.0030639973706237116
104.38,5.014726926292642,-3.996108104214898,5.017536656772524,-3.9948861090786942,0.0030639610771815554
104.42,5.01493940871708,-4.002104340636112,5.017749061244325,-4.000882348263929,0.0030638884903881306
104.46,5.015151891141517,-4.0081005770573155,5.01796146571593,-4.006878587449069,0.003063815903713794
104.48,5.015258132353736,-4.011098695267914,5.018067667951663,-4.009876707041603,0.003063779610425784
104.52,5.015470614778174,-4.0170949316891145,5.018280072422995,-4.015872946226608,0.0030637070239529825
104.56,5.015683097202611,-4.023091168110316,5.018492476894155,-4.021869185411528,0.0030636344376235494
104.58,5.01578933841483,-4.026089286320919,5.018598679129673,-4.024867305003959,0.0030635981445145104
104.62,5.018811083600591,-4.03086354418876,5.018811083600591,-4.03086354418876,0.0
104.66,5.016214303263705,-4.038081759163318,5.019023488071358,-4.036859783373482,0.003063452972462931
104.68,5.016320544475924,-4.041079877373924,5.019129690306687,-4.039857902965821,0.0030634166795506733
104.72,5.016533026900362,-4.0470761137951206,5.01934209477724,-4.0458541421504375,0.003063344093849006
104.76,5.0167455093247995,-4.0530723502163175,5.019554499247659,-4.051850381334984,0.003063271508317835
104.78,5.016851750537018,-4.056070468426914,5.01966070148282,-4.054848500927234,0.0030632352156172277
104.82,5.017064232961456,-4.062066704848116,5.019873105953051,-4.060844740111686,0.0030631626303530327
104.86,5.0172767153858935,-4.068062941269319,5.020085510423164,-4.066840979296087,0.003063090045268132
104.88,5.017382956598112,-4.071061059479915,5.020191712658178,-4.069839098888267,0.0030630537527925558
104.92,5.020404117128125,-4.075835338072588,5.020404117128125,-4.075835338072588,0.0
104.96,5.020616521597969,-4.081831577256848,5.020616521597969,-4.081831577256848,0.0
104.98,5.017914162659205,-4.086051650532915,5.020722723832853,-4.084829696848956,0.0030628722911447974
105.02,5.018126645083643,-4.0920478869541155,5.020935128302552,-4.090825936033145,0.003062799706829627
105.06,5.01833912750808,-4.098044123375319,5.021147532772161,-4.096822175217297,0.003062727122714251
105.08,5.021250725960117,-4.099735347930377,5.021250725960117,-4.099735347930377,0.0
105.12,5.018612778491073,-4.1056081724013085,5.021423598356756,-4.104592272144661,0.002988772599040541
105.16,5.01873728775515,-4.108665634005678,5.021547537933272,-4.1078499148496705,0.0029262439756645004
105.18,5.018780069945121,-4.109594648792829,5.0215914961728645,-4.108878980620763,0.0029010857220272417
105.22,5.018814212126767,-4.110259771455509,5.021635823371489,-4.109743874456267,0.002868386258886794
105.26,5.018814212126767,-4.110259771455523,5.021636718610938,-4.109764855970183,0.0028655687377582254
105.28,5.018814212126767,-4.11025977145553,5.021636266714396,-4.109764879294364,0.0028651196042652465
105.32,5.018814212126767,-4.110259771455543,5.021635062799694,-4.109764948903562,0.0028639217651507797
105.36,5.018814212126767,-4.110259771455531,5.021633410971564,-4.109765060000039,0.0028622755895791213
105.38,5.018814212126767,-4.110259771455528,5.021632400965865,-4.10976513597815,0.002861267654082844
105.42,5.018814212126767,-4.110259771455528,5.021629989066882,-4.109765339902173,0.0028588568235285235
105.46,5.018814212126767,-4.110259771455528,5.021627074858004,-4.109765622910664,0.0028559375919607077
105.48,5.018814212126767,-4.110259771455528,5.021625442778028,-4.109765796736959,0.002854300053809135
105.52,5.021621854200526,-4.109766213732206,5.021621854200526,-4.109766213732206,0.0
105.56,5.018814212126767,-4.110259771455496,5.021617865512653,-4.109766728658236,0.0028466758698735264
105.58,5.018814212126767,-4.110259771455478,5.021615732799012,-4.109767024658078,0.0028445241224794807
105.62,5.018814212126765,-4.110259771455441,5.0216112128597725,-4.10976769682886,0.0028399560803945008
105.66,5.018814212126763,-4.110259771455404,5.021606381778891,-4.109768479365692,0.002835062483205504
105.68,5.018814212126763,-4.1102597714553974,5.021603859695171,-4.109768913123821,0.0028325033905718857
105.72,5.018814212126763,-4.110259771455397,5.021598621713798,-4.109769867387057,0.0028271792911921463
105.76,5.018814212126763,-4.110259771455397,5.021593149734422,-4.109770939126177,0.002821604379312078
105.78,5.018814212126763,-4.1102597714553974,5.02159033475766,-4.109771519565307,0.002818731411460239
105.82,5.018814212126763,-4.110259771455397,5.021584563464488,-4.109772770256622,0.00281283072758447
105.86,5.02157862475927,-4.109774141153925,5.02157862475927,-4.109774141153925,0.0
105.88,5.018814212126763,-4.1102597714553974,5.021575600164735,-4.109774871717431,0.0028036390017501097
105.92,5.018814212126763,-4.110259771455397,5.021569454773846,-4.109776422859632,0.002797317985022411
105.96,5.018814212126762,-4.110259771455381,5.021563199142281,-4.109778093379517,0.002790867854316588
105.98,5.0188142121267605,-4.110259771455362,5.0215600364328195,-4.109778973058646,0.00278760079961769
106.02,5.018814212126758,-4.110259771455325,5.021553653413801,-4.109780820329968,0.002780994920102912
106.06,5.018814212126731,-4.110259771455288,5.021547208942124,-4.109782783303365,0.0027743087950014267
106.08,5.018814212126714,-4.1102597714552696,5.021543969137626,-4.109783807526575,0.002770941175853051
106.12,5.01881421212668,-4.110259771455232,5.021537464716281,-4.109785939963094,0.0027641673157955426
106.16,5.018814212126646,-4.110259771455196,5.02153094017737,-4.109788182192083,0.002757355206474978
106.18,5.018814212126629,-4.110259771455177,5.0215276749781586,-4.109789343592094,0.0027539395456320534
106.22,5.018814212126594,-4.11025977145514,5.021521147392697,-4.109791745054246,0.0027470979681845547
106.26,5.018814212126561,-4.1102597714551035,5.0215146344113375,-4.1097942486921255,0.0027402539953387617
106.28,5.018814212126544,-4.110259771455085,5.021511387247874,-4.109795537764873,0.0027368351346493125
106.32,5.018814212126509,-4.1102597714550475,5.02150491878462,-4.109798188195595,0.0027300112500518938
106.36,5.0188142121265,-4.110259771455038,5.021498493791085,-4.10980093192856,0.0027232153359370245
106.38,5.0188142121265,-4.110259771455038,5.021495300770983,-4.109802337596508,0.002719831254784711
106.42,5.0188142121265,-4.110259771455038,5.021488959600804,-4.109805214095091,0.0027130972051837114
106.46,5.0188142121265,-4.110259771455038,5.021482685592973,-4.109808174148501,0.002706416591831671
106.48,5.0188142121265,-4.110259771455038,5.021479576355101,-4.1098096842394956,0.002703099142225053
106.52,5.0188142121265,-4.110259771455038,5.021473418189508,-4.109812761972751,0.0026965152257668067
106.56,5.018814212126471,-4.110259771455008,5.021467346321808,-4.109815912962916,0.0026900058400437295
106.58,5.018814212126453,-4.1102597714549916,5.021464344806394,-4.109817514614719,0.002686781407941117
106.62,5.018814212126416,-4.110259771454957,5.021458414390571,-4.109820767585083,0.002680397360751988
106.66,5.0188142121263795,-4.110259771454923,5.0214525854061165,-4.109824083235047,0.002674105044340861
106.68,5.018814212126361,-4.110259771454906,5.021449710548727,-4.109825763234436,0.0026709951459578216
106.72,5.0188142121263235,-4.110259771454872,5.021444043006686,-4.109829164922188,0.0026648512989091524
106.76,5.018814212126287,-4.110259771454838,5.021438488527143,-4.109832618657927,0.0026588129193304585
106.78,5.018814212126268,-4.110259771454821,5.021435754883538,-4.109834363722304,0.0026558347401671803
106.82,5.018814212126231,-4.110259771454786,5.021430376929038,-4.1098378876172665,0.002649963065366198
106.86,5.018814212126195,-4.110259771454753,5.021425120615499,-4.109841453059258,0.002644207522024127
106.88,5.018814212126176,-4.110259771454736,5.021422538923904,-4.109843250068033,0.0026413744053667863
106.92,5.018814212126145,-4.110259771454714,5.021417469949749,-4.109846870104781,0.0026357994652347425
106.96,5.018814212126146,-4.110259771454714,5.02141252854655,-4.109850521468114,0.002630348602766537
106.98,5.018814212126146,-4.110259771454714,5.021410106233038,-4.109852357650184,0.0026276704934824558
107.02,5.018814212126145,-4.110259771454714,5.0214053592898455,-4.10985604855899,0.002622410303611042
107.06,5.018814212126146,-4.110259771454714,5.021400743561904,-4.109859760973699,0.0026172797429943966
107.08,5.018731123631518,-4.110222659818237,5.021361901879572,-4.109792236448865,0.0026657566406806435
107.12,5.017924809903395,-4.109875212586272,5.020652697633071,-4.109442074403381,0.0027620608521895748
107.16,5.017874033076689,-4.109854077080919,5.0204320052164455,-4.109448891655759,0.0025898642235709325
107.18,5.017874033076685,-4.109854077080919,5.0204299605611125,-4.109450711536198,0.0025875604472781117
107.22,5.017874033076681,-4.109854077080918,5.020425984964873,-4.10945431243017,0.002583073792138589
107.26,5.017874033076679,-4.109854077080918,5.02042216517531,-4.109457841073641,0.002578755545904843
107.28,5.017874033076679,-4.109854077080918,5.020420314847186,-4.109459571132543,0.0025766617546973
107.32,5.017874033076678,-4.109854077080918,5.02041673477442,-4.109462949528217,0.0025726081485878917
107.36,5.017874033076678,-4.109854077080918,5.020413316553064,-4.10946620286686,0.0025687364558043576
107.38,5.017874033076679,-4.109854077080918,5.020411668326135,-4.109467777078417,0.0025668697573530005
107.42,5.017874033076678,-4.109854077080918,5.020408493655264,-4.109470810544895,0.002563275962911555
107.46,5.017874033076679,-4.109854077080918,5.020405481077856,-4.109473678749547,0.002559869503152941
107.48,5.017874033076679,-4.109854077080918,5.02040403541572,-4.109475046822301,0.0025582368483978274
107.52,5.0178740330766765,-4.109854077080918,5.0204012650007,-4.109477643790617,0.0025551131520641463
107.56,5.017874033076671,-4.109854077080918,5.0203986554275515,-4.109480046983624,0.0025521787806199333
107.58,5.0178740330766685,-4.109854077080918,5.020397410876616,-4.109481173239203,0.002550782781115477
107.62,5.01787403307666,-4.109854077080917,5.020395042283762,-4.109483270632571,0.0025481336001925967
107.66,5.017874033076648,-4.1098540770809135,5.020392834759051,-4.109485156475952,0.0025456756132790277
107.68,5.0178740330766445,-4.109854077080913,5.020391791669604,-4.109486018668578,0.002544518682837707
107.72,5.0178740330766445,-4.109854077080913,5.020389827264649,-4.109487580607444,0.0025423493193235305
107.76,5.01756202570429,-4.109693295088963,5.020220357996731,-4.109328522281248,0.002683242400209603
107.78,5.016916757758469,-4.1093519382669115,5.019714161627228,-4.10900266385905,0.0028191241577722663
107.82,5.014584791027567,-4.108072355162424,5.017645845700208,-4.107775846064719,0.0030753818224605613
107.86,5.010884712755257,-4.105961273863685,5.014193340870779,-4.105739670390752,0.003316041029004058
107.88,5.008527722262932,-4.1045837872669,5.0119554232074774,-4.1044054536341585,0.003432336907968695
107.92,5.002808003946546,-4.101172042233105,5.006467222962837,-4.10108710655964,0.003660204622396674
107.96,4.995752601907508,-4.096876861869031,4.999638252236717,-4.096888519659571,0.003885667817114499
107.98,4.99172550561778,-4.094395859342041,4.995722488790274,-4.09445711298399,0.003997452500011544
108.02,4.983242874572928,-4.08911148172197,4.987290271997816,-4.089246496402171,0.004049648735244038
108.06,4.974789419326835,-4.083769313024685,4.978803404356785,-4.083944123563555,0.004017789758705646
108.08,4.970575100983248,-4.081078680726048,4.9745730149106215,-4.081272459561355,0.004002607401145243
108.12,4.962170277940442,-4.075660316770404,4.966137312177087,-4.075890211311994,0.0039736899897910745
108.16,4.953796482434778,-4.070194121334843,4.957733987226132,-4.070458247038355,0.00394635355349619
108.18,4.94962080404464,-4.067443904006049,4.953544105114568,-4.067724362131641,0.003933312604600049
108.22,4.941290957078009,-4.061910963624324,4.945186979126375,-4.062222528713676,0.003908460132361132
108.26,4.932989060758333,-4.056336170487077,4.93685905316619,-4.056677168812533,0.003884986627368999
108.28,4.928848231397804,-4.053533757131575,4.932705628191317,-4.0538889226406045,0.0038737130200114625
108.32,4.920585999392221,-4.047900343511246,4.924419166388218,-4.048282571609877,0.003852176986923354
108.36,4.912348971856519,-4.042230138818888,4.916158981514445,-4.042638052994897,0.0038317838624426204
108.38,4.908239545889592,-4.039381874559341,4.912038386860943,-4.039802107375548,0.0038220136506077903
108.42,4.900038095954082,-4.0336603289271755,4.903815498085425,-4.034104044166863,0.0038033735125286203
108.46,4.8918592627489685,-4.027906498472031,4.895616156049442,-4.028372548648451,0.003785690166678323
108.48,4.887778011534449,-4.025018007257805,4.891525025150687,-4.025494759338227,0.003777221675578955
108.52,4.87963112174461,-4.0192190348035455,4.883359163412915,-4.019716210986033,0.0037610475717612234
108.56,4.871504479606091,-4.013391720491866,4.875214385832086,-4.013908319317383,0.003745701343167223
108.58,4.867448472024954,-4.010467887909705,4.871149611930868,-4.010993840431048,0.0037383235089884625
108.62,4.859350452825426,-4.004600861200684,4.8630347345604505,-4.005144708511503,0.0037242048548005568
108.66,4.8549387304883265,-3.9992697672011546,4.8549387304883265,-3.9992697672011546,0.0
108.68,4.850897531439438,-3.9963230436374975,4.850897531439438,-3.9963230436374975,0.0
108.72,4.84282823737746,-3.9904118648061844,4.84282823737746,-3.9904118648061844,0.0
108.76,4.831144598598889,-3.9838784132505363,4.834775794024561,-3.9844779961495465,0.003680364095060454
108.78,4.827131347465078,-3.980896163763845,4.830755661846364,-3.9815029010260057,0.003674749629525141
108.82,4.819115988869847,-3.974916700904247,4.822727087097202,-3.9755371164147575,0.003664006797658112
108.86,4.811115082373483,-3.9689179135776906,4.814713537239562,-3.969551374566589,0.0036537857418936477
108.88,4.807119828727175,-3.9659115959475746,4.810712188587111,-3.9665513261410736,0.0036488770990200457
108.92,4.799139255689191,-3.9598857835978594,4.802719906792571,-3.9605375077232488,0.0036394788994791923
108.96,4.791171571829913,-3.9538429384122016,4.794741007934055,-3.9545061254872453,0.0036305221660337976
108.98,4.78719236887824,-3.9508154077657105,4.79075640437515,-3.9514840979043924,0.0036262233142494577
109.02,4.779242815232199,-3.9447487310873135,4.7827964685183435,-3.9454279630272473,0.003617983928426348
109.06,4.771304726729483,-3.9386670600274782,4.774848441035685,-3.939356364558665,0.0036101318287144767
109.08,4.767339799840073,-3.935620856951908,4.77087872282855,-3.93631500551635,0.0036063580171531297
109.12,4.759417810522889,-3.92951822955727,4.762947532046102,-3.9302216482771666,0.003599129329009259
109.16,4.751506009346801,-3.9234023992552154,4.755026917796105,-3.9241146848882344,0.0035922342812499063
109.18,4.747553779892645,-3.9203397401039988,4.751070415952886,-3.9210563220323937,0.0035889021775873365
109.22,4.739656325929178,-3.914205394007559,4.74316474201998,-3.9149302197904863,0.0035825069269707975
109.26,4.7317679369333225,-3.9080593951567675,4.7352684573099575,-3.908792138045085,0.0035763885481888964
109.28,4.72782700195554,-3.9049822161687326,4.73132370749667,-3.9057187795706394,0.0035734402592453533
109.32,4.719951355361439,-3.8988198971324874,4.723440720347435,-3.8995637945461046,0.00356777961307622
109.36,4.712083769220062,-3.89264729031961,4.715566093644373,-3.893398219769266,0.003562369777902947
109.38,4.7081528748533135,-3.889557295383042,4.711631793067723,-3.890311624808085,0.0035597590963486925
109.42,4.700296617503831,-3.8833702759988653,4.7037689740086845,-3.8841311431576195,0.0035547402901013104
109.46,4.692447512756453,-3.8771741849587062,4.695913576568928,-3.877941321224316,0.0035499431547788285
109.48,4.688525524678158,-3.874072893465946,4.691988543293313,-3.87484306246804,0.003547627125374715
109.52,4.680686451970921,-3.86786411500222,4.684143608214666,-3.868640111895247,0.003543176607460161
109.56,4.672853729402421,-3.8616473273305125,4.676305259314035,-3.8624289193822143,0.00353891860121863
109.58,4.668939647055559,-3.8585360640956172,4.672388449957347,-3.8593203687079147,0.003536859508129818
109.62,4.661115834715839,-3.8523080665539964,4.6645593839237325,-3.8530975896468673,0.0035328993562453383
109.66,4.653297660869209,-3.8460729922755994,4.656736153391929,-3.8468675446396965,0.0035290996426979113
109.68,4.649390603396572,-3.842952911902662,4.652826642802731,-3.843749905560971,0.003527260366355433
109.72,4.641580358810009,-3.836707907984811,4.645011659524852,-3.8375096148781753,0.003523713742424522
109.76,4.6337751254218436,-3.830456641978915,4.637201857266205,-3.831262901623092,0.0035203047804115177
109.78,4.629874309162805,-3.827328762149938,4.6332988342689685,-3.8281372198477164,0.0035186611163684368
109.82,4.622076107234241,-3.821068726820883,4.625496367747428,-3.8218814309876015,0.00351549001430375
109.86,4.61428233886591,-3.814803172520934,4.617698492840309,-3.8156199725090687,0.003512445045466149
109.88,4.610387048090053,-3.81166841422949,4.613801203729858,-3.8124872104455556,0.003510966530210429
109.92,4.602599508478554,-3.805395119769117,4.606009797594234,-3.8062177787643168,0.0035081105562546253
109.96,4.594815906299306,-3.7991169405733656,4.598222461225134,-3.7999433391578425,0.0035053603357013655
109.98,4.590925516459029,-3.7959761020362195,4.594330263391617,-3.7968043119364405,0.0035040310092512477
110.02,4.583147429723902,-3.7896910909726125,4.586548678698792,-3.7905228057915137,0.0035014631411980916
110.06,4.575372829710991,-3.7834017673030713,4.578770699615634,-3.784236876426137,0.003498989445012173
110.08,4.571486779634509,-3.7802555609101813,4.574883008460127,-3.78109232043286,0.003497790264545411
110.12,4.5637170630457,-3.7739602053165053,4.567110116308152,-3.774800159271425,0.0034954732280797875
110.16,4.5559504335362355,-3.767661041549175,4.559340410567359,-3.7685040997576618,0.003493235092925193
110.18,4.552068227697919,-3.764510092847378,4.555456707936348,-3.7653546638981608,0.0034921481334620904
110.22,4.544305932105131,-3.7582055892591257,4.547691508744884,-3.7590530975549266,0.0034900429073422045
110.26,4.536546378796496,-3.7518977107761016,4.5399291392118535,-3.7527480774714244,0.0034880068153924667
110.28,4.5326675846778555,-3.7487425632199503,4.536048979875186,-3.749594316689332,0.0034870212865907337
110.32,4.524911868930353,-3.7424299669264713,4.528290614929736,-3.74328441396336,0.0034851118012473206
110.36,4.517158575374931,-3.7361143958607164,4.520534755430025,-3.7369714596581067,0.003483267161331465
110.38,4.513282799940687,-3.7329555408915764,4.516657724859244,-3.7338138880649128,0.003482366734832846
110.42,4.505532910368656,-3.726635793220839,4.508905393654009,-3.7274966405418963,0.0034806179940006605
110.46,4.501155278692578,-3.7211766987061434,4.501155278692578,-3.7211766987061434,0.0
110.48,4.493912065536828,-3.7171512815877312,4.497281020145077,-3.7180157570599772,0.003478099048985473
110.52,4.486167328583048,-3.710825220511613,4.489534035114527,-3.7116920133016467,0.0034764986135420945
110.56,4.4784244942332885,-3.7044968308648927,4.481789010212489,-3.705365890513825,0.003474943517195002
110.58,4.474553760213742,-3.7013318003579716,4.477917207502508,-3.702201968089843,0.0034741861702993586
110.62,4.466813594733229,-3.6950001467258287,4.4701749587052575,-3.6958724783019794,0.0034727122154305573
110.66,4.459075119408251,-3.6886664275120946,4.462434449626267,-3.689540880002291,0.0034712773832246916
110.68,4.455206490367536,-3.6854988244257556,4.458564829491955,-3.68637431221989,0.003470579281947079
110.72,4.447470389845178,-3.6791622048040744,4.450826793922473,-3.6800397178351645,0.003469218564721967
110.76,4.439735781874588,-3.6728237634254666,4.443090301709159,-3.673703255286332,0.003467896949717089
110.78,4.435869014169629,-3.669653888429259,4.439222611545846,-3.6705343513288504,0.003467251112816084
110.82,4.428136500589594,-3.6633128921859113,4.431488293566501,-3.6641952585269886,0.003465989976890749
110.86,4.420405307102704,-3.6569702864972053,4.423755337862595,-3.6578545186473805,0.0034647615484500677
110.88,4.416540183448694,-3.653798407066955,4.419889350437757,-3.6546835559549136,0.003464160515115775
110.92,4.4088108384528315,-3.647453548871797,4.41215831594077,-3.648340494414022,0.0034629868505567903
110.96,4.401082660602363,-3.641107269114708,4.404428485900882,-3.641995978061486,0.0034618420703864386
110.98,4.397218991617992,-3.6379336179144266,4.400564003631998,-3.638823197352075,0.0034612796693899947
111.02,4.389492455142767,-3.631585339898297,4.39283587158476,-3.6324766310023615,0.003460178223267371
111.06,4.381766953206724,-3.625235802943999,4.385108807224485,-3.626128776144726,0.0034591023999360603
111.08,4.377904574397003,-3.6220605817083533,4.381245658171917,-3.62295438648618,0.003458573083203369
111.12,4.370180525879368,-3.6157092767849637,4.373520097065755,-3.616604718218858,0.0034575354040816686
111.16,4.362457394439583,-3.609356856733762,4.365795478863143,-3.6102539129283673,0.0034565181086019504
111.18,4.358596158243449,-3.606180246118019,4.361933512238392,-3.607078097364821,0.0034560191765881415
111.22,4.354210231435964,-3.600725679824803,4.354210231435964,-3.600725679824803,0.0
111.26,4.3431532790664535,-3.5934712933608126,4.346487787183931,-3.5943722541700986,0.003454080885763003
111.28,4.339293053054042,-3.590293455243278,4.342626866208098,-3.5911951785064025,0.0034536089803885077
111.32,4.331573155785302,-3.5839371051936704,4.334905601662803,-3.5848403316458146,0.0034526820806917153
111.36,4.3238539756720575,-3.577579884245938,4.3271850766706095,-3.5784845940974286,0.0034517725559396403
111.38,4.319994642867033,-3.574400961429738,4.3233250798812985,-3.5753064053804677,0.0034513243043655735
111.42,4.3122764679733985,-3.568042520100373,4.315605597432694,-3.568949412581594,0.003450443004781456
111.46,4.304558927896387,-3.561683308279658,4.307886768905195,-3.562591632642091,0.003449576630152357
111.48,4.300700385649025,-3.5585034259401813,4.304027589876725,-3.559412459560887,0.003449149184422064
111.52,4.292983735863034,-3.552143133814618,4.296309684344888,-3.553053568845989,0.003448307592181405
111.56,4.285267649251489,-3.5457821584751628,4.288592358464151,-3.5466939806987683,0.003447478950801694
111.58,4.281409808064093,-3.5426014256410663,4.28473390512408,-3.5435139344600524,0.003447070293588511
111.62,4.273694510701632,-3.5362394930295453,4.27701739902454,-3.5371533601373573,0.0034462646296042755
111.66,4.26597971104747,-3.529876956879973,4.269301405951504,-3.5307921687919657,0.00344547092272393
111.68,4.262122489752027,-3.5266954723402857,4.26544359373386,-3.5276113514678475,0.003445078552725303
111.72,4.2544083881392005,-3.5203320898854327,4.257728323864153,-3.5212492904821104,0.0034443040156697663
111.76,4.246694727829009,-3.5139681724915555,4.250013508719139,-3.5148866827778855,0.0034435400016238453
111.78,4.242838055815579,-3.5107860221210156,4.246156264842768,-3.5117051821339724,0.0034431622496682492
111.82,4.235125013257312,-3.5044213560290696,4.238442090948581,-3.505341803575682,0.003442416025988471
111.86,4.2274123606854985,-3.4980562173626573,4.230728318558059,-3.4989779424439726,0.00344167891269976
111.88,4.22355617433617,-3.4948734784734348,4.226871576795489,-3.4957958382994563,0.0034413138647784664
111.92,4.21584406880342,-3.4885076770212313,4.219158371119492,-3.489431296119726,0.0034405918213905456
111.96,4.208132309336743,-3.48214145633543,4.211445521780581,-3.483066325756886,0.003439877925849598
111.98,4.204276553624289,-3.4789581957608875,4.207589225801463,-3.4798836859448197,0.003439524536034205
112.02,4.196565278576955,-3.4725913883171975,4.199876879785089,-3.473518110841756,0.003438824973626733
112.06,4.188854309747025,-3.4662242100094525,4.19216484874866,-3.4671521573427873,0.003438132448697312
112.08,4.184998935232555,-3.463040487767776,4.1883089471266794,-3.463969043770515,0.003437789259025304
112.12,4.177288395546961,-3.4566727897814506,4.180597361560865,-3.457602555161537,0.0034371092131584846
112.16,4.169578126481118,-3.4503047641199367,4.172886054778521,-3.4512357317107445,0.0034364356935492287
112.18,4.165723089020464,-3.447120633756508,4.169030501548714,-3.4480521996916815,0.003436101384360147
112.22,4.158013199504366,-3.440752148571315,4.161319587767427,-3.441684904257249,0.0034354383294930724
112.26,4.150303549940472,-3.4343833729037954,4.153608921096376,-3.435317312068952,0.003434781047242728
112.28,4.146448811404832,-3.4311988806696907,4.149753676720328,-3.4321334091513065,0.003434454576278935
112.32,4.138739498702939,-3.4248296972380854,4.142043358531713,-3.4257653985071426,0.0034338064350081434
112.36,4.131030398174209,-3.4184602569981233,4.134333259071634,-3.4193971252244797,0.003433163582076386
112.38,4.1271759240747175,-3.4152754446969364,4.130478287831252,-3.41621289434701,0.0034328440434860693
112.42,4.119467121207959,-3.408905644206594,4.122768496336748,-3.409844251321958,0.003432209355210974
112.46,4.111758506346704,-3.4025356161968707,4.115058898479802,-3.4034753758178455,0.003431579283278897
112.48,4.107904266310943,-3.399350520636496,4.111204169261144,-3.40029085437748,0.0034312660965274064
112.52,4.100195914774723,-3.3929801739805696,4.103494844484025,-3.3939216510424526,0.0034306437129160137
112.56,4.0924877294879884,-3.3866096261621537,4.095785690905389,-3.3875522421961137,0.0034300254369526387
112.58,4.088633696480793,-3.383424280096109,4.09193117562606,-3.384367463938324,0.0034297178417018433
112.62,4.080925744276851,-3.3770534502653606,4.084222263394961,-3.3779977653879936,0.0034291062023358377
112.66,4.07321793939926,-3.3706824421929737,4.076513502738846,-3.3716278849012733,0.0034284981609884126
112.68,4.069364089901565,-3.3674968741086735,4.072659177046223,-3.368442879079808,0.003428195545225353
112.72,4.061656491867525,-3.361125615800826,4.064950630422052,-3.362072741696992,0.003427593365557288
112.76,4.053949024129712,-3.3547541998710164,4.057242218146327,-3.3557024430636933,0.0034269945992851563
112.78,4.050095336987479,-3.351568435381855,4.05338806006335,-3.352517236074015,0.0034266963693649457
112.82,4.042388051890088,-3.3451967985193223,4.0456798366427,-3.346146710784236,0.003426102766783765
112.86,4.037971731892685,-3.339776043072705,4.037971731892685,-3.339776043072705,0.0
112.88,4.030827338873804,-3.3356390836104186,4.034117722346748,-3.3365906578158704,0.003425217783952324
112.92,4.023120331063177,-3.329267111349944,4.026409785382333,-3.330219788740265,0.0034246319404920285
112.96,4.015413425411269,-3.3228950155288004,4.018701953485746,-3.323848793574643,0.003424048693776756
112.98,4.011560009244321,-3.3197089232804498,4.0148480753356415,-3.320663250631882,0.003423758068932827
113.02,4.003853246873031,-3.313336654168579,4.007140391752531,-3.3142920774816855,0.0034231791022453334
113.06,3.9961465749945706,-3.306964275614229,3.9994328013203617,-3.3079207925460055,0.0034226025339056886
113.08,3.992293271517519,-3.3037780470780658,3.995579039573796,-3.304735109914317,0.0034223151509154472
113.12,3.984586726489689,-3.297405515115313,3.9878715804686977,-3.298363667384271,0.0034217424558138187
113.16,3.9768802615733185,-3.2910328862719473,3.9801642037450633,-3.2919921259966776,0.0034211718806374317
113.18,3.9730270578939284,-3.287846537048137,3.976310545020518,-3.288806319738775,0.0034208873883433935
113.22,3.9653207054303086,-3.2814737722173097,3.9686032845892103,-3.2824346388024286,0.003420320237763412
113.26,3.9576144239327546,-3.2751009215707536,3.960896097199055,-3.276062870218001,0.0034197550536100014
113.28,3.9537613086417793,-3.2719144654632157,3.957042529748391,-3.2728769544336878,0.003419473200473055
113.32,3.9460551266663284,-3.2655414944728482,3.949335445336316,-3.2665050622797627,0.0034189111563756903
113.36,3.9383490075004137,-3.259168447534061,3.9416284256812992,-3.2601330924189664,0.0034183509707308014
113.38,3.9344959704503677,-3.2559818968186414,3.9377749390178853,-3.2569470796938114,0.0034180715102657077
113.42,3.926789939379533,-3.2496087433591123,3.9300680103992853,-3.250575000595844,0.003417514105029439
113.46,3.919083963966119,-3.2432355226025966,3.9223611390586615,-3.244202852767047,0.00341695833077252
113.48,3.9152309962472724,-3.240048888056794,3.9185077239692903,-3.241016754156967,0.0034166810433671284
113.52,3.9075250989527217,-3.2336755728465327,3.9108009333849836,-3.234644509425695,0.0034161278257744936
113.56,3.899819250962647,-3.227302198023343,3.903094193584987,-3.2282722037553766,0.0034155761299957984
113.58,3.89924084190999,-3.225086029051548,3.89924084190999,-3.225086029051548,0.0
113.62,3.8882605659885994,-3.217742030587181,3.8915341736211855,-3.2187136375724394,0.0034147513915260067
113.66,3.8805548309951026,-3.211368519145781,3.8838275502479793,-3.2123411921969627,0.0034142032998410675
113.68,3.879974254804431,-3.2091549500177265,3.879974254804431,-3.2091549500177265,0.0
113.72,3.8689963055881784,-3.201808158788823,3.8722676949645365,-3.2027824284042663,0.0034133839126772873
113.76,3.8612906708409023,-3.195434526149166,3.8645611749400337,-3.196409859013804,0.003412839178642691
113.78,3.8574378673651673,-3.1922476930270305,3.8607079294927757,-3.1932235568389427,0.0034125674349116037
113.82,3.849732286873883,-3.1858739947931842,3.8530014660807868,-3.186850919511525,0.0034120249987592563
113.86,3.8420267406963307,-3.179500255075449,3.8452950379010193,-3.1804782399066287,0.0034114836872236507
113.88,3.838173979896085,-3.176313370360389,3.8414418365773044,-3.1772918847844136,0.0034112135328962794
113.92,3.830468481712657,-3.1699395726204997,3.833735458251988,-3.170919145354456,0.0034106741928316784
113.96,3.8227630138150324,-3.163565738267262,3.826029111115533,-3.1645463684985806,0.003410135954315101
113.98,3.818910290768969,-3.160378807910112,3.8221759487404117,-3.1613599666394574,0.0034098672171533374
114.02,3.811204865478957,-3.1540049220479442,3.814469645524157,-3.154987137081004,0.003409330596276313
114.06,3.8034994671217905,-3.1476310036266537,3.8067633699287793,-3.148614274377633,0.0034087949341666283
114.08,3.8029102422034793,-3.145427830937897,3.8029102422034793,-3.145427830937897,0.0
114.12,3.791941417006464,-3.1380700686687084,3.7952040058200622,-3.139054921177962,0.0034079935785736857
114.16,3.784236080134057,-3.1316960759195247,3.7874977938832424,-3.1326819820818494,0.0034074605709434307
114.18,3.780383420212091,-3.128509069252339,3.7836446966883908,-3.1294955020056294,0.0034071944223408057
114.22,3.7726781166189114,-3.122135036273063,3.7759385191780943,-3.123122521597711,0.0034066629000126082
114.26,3.768232363292525,-3.116749515239607,3.768232363292525,-3.116749515239607,0.0
114.28,3.7611202004244433,-3.1125739394227914,3.7643792932203395,-3.1135630026148142,0.0034058672684173933
114.32,3.7534149474724265,-3.106199845226014,3.7566731680241423,-3.1071899594268717,0.003405338058748867
114.36,3.7489670619954603,-3.100816893236805,3.7489670619954603,-3.100816893236805,0.0
114.38,3.7418571026963643,-3.096638662042371,3.74511401586024,-3.097630351886573,0.003404545799973721
114.42,3.7341518945237477,-3.0902645137149003,3.737407936824744,-3.091257253303355,0.0034040187068174236
114.46,3.7302992966846378,-3.0870774319994294,3.7297018747452615,-3.0848841343716327,0.002273206426558516
114.48,3.7225941129339355,-3.080703254150318,3.725848849818228,-3.0816975675699196,0.0034032295488804717
114.52,3.714888944392884,-3.074329057915631,3.7181428116869237,-3.0753244198980845,0.0034027044895692175
114.56,3.707183790471069,-3.0679548440091486,3.7104367885549494,-3.0689512542256248,0.0034021801617825174
114.58,3.7033312187539438,-3.0647677307172185,3.706583782420356,-3.06576466487086,0.0034019182986603554
114.62,3.6956260853160416,-3.0583934920498277,3.6988777805341724,-3.0593914737004266,0.003401395179414835
114.66,3.691171791948253,-3.053018266567834,3.691171791948253,-3.053018266567834,0.0
114.68,3.684068409204212,-3.048832104983389,3.68731880243482,-3.049831657265495,0.0034006118446895856
114.72,3.6763633068604107,-3.0424578287299178,3.6796128326039623,-3.0434584276241776,0.0034000905436765766
114.76,3.6686582159899648,-3.036083538607702,3.6719068745549537,-3.0370851838425925,0.003399569921100974
114.78,3.664805674677355,-3.032896388563266,3.668053899791566,-3.0338985568374928,0.003399309877380616
114.82,3.657100599900834,-3.0265220789871172,3.6603479584104783,-3.0275252930508856,0.003398790335972664
114.86,3.6493955352831478,-3.0201477571313236,3.6526420274512756,-3.021152016755995,0.0033982714416981408
114.88,3.6455430066182815,-3.016960591798694,3.648789065745616,-3.0179653740788295,0.0033980122555142774
114.92,3.637837956235406,-3.0105862527363536,3.6410831495490408,-3.011592080065138,0.0033974944088530955
114.96,3.630132914853212,-3.0042119027943475,3.633377242594585,-3.0052187749586534,0.003396977192843326
114.98,3.6262803973931086,-3.0010247239178707,3.6295242924599855,-3.0020321183932754,0.0033967188335192865
115.02,3.6185753686341497,-2.9946503587175055,3.621818398580805,-2.9956587975928275,0.0033962026147100676
115.06,3.610870347845877,-2.9882759838825295,3.614112512897219,-2.989285466955237,0.003395687013584594
115.08,3.607017840308763,-2.9850887930116334,3.610259573006475,-2.986098798094293,0.0033954294500714586
115.12,3.599312830687013,-2.9787144046791916,3.602553698884572,-2.9797254535792135,0.003394914807794946
115.16,3.5916078281290336,-2.9723400078084636,3.5948478320221318,-2.973352100350385,0.0033944007631251417
115.18,3.587755329382191,-2.969152806312388,3.5909949012132767,-2.970165420588165,0.0033941439745938046
115.22,3.5832890446085863,-2.9637920550463903,3.5832890446085863,-2.9637920550463903,0.0
115.26,3.5723453503100115,-2.9564039810907463,3.5755831944335346,-2.957418681786651,0.0033931183401852577
115.28,3.5684928593488867,-2.9532167701837744,3.571730271668635,-2.954231992368682,0.00339286230383549
115.32,3.560787881702418,-2.94684234320157,3.5640244305789306,-2.9478586082029725,0.0033923506869322677
115.36,3.553082909587159,-2.940467909533621,3.5563185951771983,-2.9414852172094488,0.003391839640207794
115.38,3.549230425514151,-2.937280690300772,3.552465679520483,-2.938298519258903,0.0033915843308840008
115.42,3.5415254611581957,-2.930906247253928,3.544759852140361,-2.931925118636192,0.0033910741541743374
115.46,3.533820501704592,-2.9245317982814405,3.537054029806012,-2.925551711956253,0.0033905645380586536
115.48,3.529968023741418,-2.921344571663462,3.53320112044998,-2.92236500644213,0.0033903099363375606
115.52,3.5222630711793976,-2.9149701143609614,3.525495305222805,-2.9159915912304215,0.0033898011602753347
115.56,3.5145581229645506,-2.908595651803946,3.5177894944661996,-2.9096181706518283,0.003389292931563121
115.58,3.510705650414124,-2.905408418643473,3.5139365906977424,-2.9064314584299167,0.0033890390261775137
115.62,3.5030007082830923,-2.899033948732845,3.5062307862483766,-2.9000580302794723,0.0033885316400998565
115.66,3.495295770000233,-2.892659474170863,3.4985249857452017,-2.89368459739162,0.003388024785223533
115.68,3.4914433022384617,-2.889472235222254,3.4946720869199352,-2.890497879235331,0.0033877715626764162
115.72,3.4837383693489175,-2.8830977541412866,3.48696629200529,-2.8841244396381893,0.0033872655321178203
115.76,3.4760334398738846,-2.8767232689331474,3.4792605005959163,-2.877750995832733,0.0033867600274911027
115.78,3.4754076061590924,-2.874564272407787,3.4754076061590924,-2.874564272407787,0.0
115.82,3.464476051675646,-2.867161533851334,3.467701819709401,-2.8681908226476973,0.003386002781144211
115.86,3.4567711300102126,-2.8607870392036143,3.4599960363688633,-2.8618173691546973,0.0033854986087966917
115.88,3.452918670262332,-2.857599790568511,3.4561431458146488,-2.8586306410682663,0.003385246717794038
115.92,3.445213752836451,-2.8512252907964184,3.4484373668537414,-2.8522571823170177,0.0033847433348419362
115.96,3.437508838089081,-2.8448507877867493,3.440731590644546,-2.845883720261882,0.0033842404660337677
115.98,3.4368787035321104,-2.842696988043051,3.4368787035321104,-2.842696988043051,0.0
116.02,3.4259514706795597,-2.8352890275774305,3.429172931210295,-2.8363235213204603,0.0033834871442718303
116.06,3.418246562055519,-2.8289145171664485,3.421467161326751,-2.8299500516702105,0.0033829855711104647
116.08,3.4143941085944984,-2.8257272609323603,3.4176142772613294,-2.8267633157928613,0.0033827349758453864
116.12,3.406689203297761,-2.819352746499689,3.4099085108168694,-2.8203898420133084,0.0033822341738794386
116.16,3.3989843001016586,-2.8129782295279715,3.4022027465359117,-2.814016365635931,0.0033817338790634367
116.18,3.395131849258232,-2.8097909701299955,3.3983498651695783,-2.8108296265177173,0.0033814839194403973
116.22,3.387426949013259,-2.8034164495912366,3.390644103931429,-2.8044561464867157,0.0033809843835741218
116.26,3.379722050632333,-2.7970419267994027,3.3829383446108277,-2.798082664153127,0.0033804853491085627
116.28,3.3758696021103156,-2.7938546645955133,3.3790854656388727,-2.7948959221597613,0.0033802360197783855
116.32,3.3681647063434834,-2.7874801386439896,3.3713797090195556,-2.788522436582426,0.003379737741248672
116.36,3.3604598122286755,-2.781105610695653,3.3636739540996494,-2.782148948964372,0.0033792399603640296
116.38,3.3566073657637117,-2.777918346005414,3.359821077249752,-2.778962204422777,0.003378991256426554
116.42,3.3489024739653046,-2.7715438152572816,3.3521153247239095,-2.7725887139298613,0.0033784942256909222
116.46,3.3411975836318035,-2.765169282738522,3.3444095737042,-2.7662152216282494,0.0033779976889004378
116.48,3.33734513899039,-2.7619820158441684,3.3405566987367545,-2.763028474826063,0.0033777496066550315
116.52,3.3296402507110687,-2.7556074808424955,3.332850949842267,-2.756654979972254,0.0033772538160350726
116.56,3.3219353637308067,-2.749232944270659,3.3251452022824926,-2.7502814835155327,0.003376758516081509
116.58,3.3180829207062446,-2.7460456754220215,3.3212923289832914,-2.7470947347099037,0.0033765110511101318
116.62,3.3135865833069027,-2.740721235991343,3.3135865833069027,-2.740721235991343,0.0
116.66,3.302673151533849,-2.7332965964909457,3.3058808388119365,-2.7343477358539237,0.0033755224239228783
116.68,3.302027966989107,-2.731160985275228,3.302027966989107,-2.731160985275228,0.0
116.72,3.291115827542957,-2.723734783801471,3.2943222241606636,-2.7247874831363665,0.0033747822388607925
116.76,3.283410946164558,-2.717360240458703,3.2866164823794572,-2.718413979739757,0.0033742893914816097
116.78,3.2795585058411363,-2.714172968345205,3.2827636118664807,-2.715227227587909,0.0033740431509579126
116.82,3.2718536258922346,-2.707798423274611,3.2750578715649126,-2.708853722414195,0.0033735510378357547
116.86,3.26414874684705,-2.7014238771116945,3.2673521321915566,-2.702480216125639,0.0033730594091686493
116.88,3.2602963076490115,-2.698236603637934,3.2634992628395816,-2.6992934625793423,0.0033728137770761895
116.92,3.2525914298726235,-2.6918620559413733,3.2557935247776846,-2.6929199547155545,0.003372322878585631
116.96,3.244886552896737,-2.6854875072772963,3.248087787539544,-2.686546445862381,0.0033718324640008776
116.98,3.2410341146971886,-2.682300232596673,3.2442349192152524,-2.6833596910817357,0.0033715874368654107
117.02,3.2333292388487096,-2.675925682569893,3.236529183136703,-2.676986180835739,0.003371097746747371
117.06,3.2256243637106365,-2.6695511316844787,3.228823447789377,-2.6706126697114567,0.0033706085393546623
117.08,3.2217719263966265,-2.666363855933523,3.2249705803787254,-2.667425913833394,0.0033703641168092587
117.12,3.214067052255879,-2.6599893038426505,3.217264846061912,-2.661052401471285,0.0033698756347840327
117.16,3.2095591123923257,-2.654678888331685,3.2095591123923257,-2.654678888331685,0.0
117.18,3.202509742216947,-2.650427474289471,3.2057062457906484,-2.651492131481865,0.0033691438131968304
117.22,3.194804869591534,-2.644052920367023,3.1980005130344904,-2.645118617245071,0.003368656534939835
117.26,3.1902947808520463,-2.638745102319071,3.1902947808520463,-2.638745102319071,0.0
117.28,3.1832475616929914,-2.6344910882267785,3.186441914969436,-2.635558344605456,0.003367926518283962
117.32,3.1755426904098463,-2.6281165326819433,3.178736183600583,-2.62918482870211,0.0033674404443116124
117.36,3.1678378196207126,-2.621741976539957,3.1710304527394952,-2.6228113121887584,0.0033669548498524602
117.38,3.163985384403459,-2.6185546982546604,3.167177587491484,-2.6196245537128124,0.0033667122325101778
117.42,3.1562805143080306,-2.6121801412742385,3.159471857346778,-2.6132510363389088,0.003366227358705344
117.46,3.1485756446512148,-2.605805583763675,3.151766127652837,-2.606877518423481,0.0033657429638245108
117.48,3.144723209980013,-2.602618304818378,3.1479132629677054,-2.6036907592713434,0.003365500946065929
117.52,3.13701834093814,-2.5962437465645363,3.140207533908916,-2.5973172405928784,0.0033650172709414256
117.56,3.129313472285006,-2.5898691878407885,3.132501805249769,-2.5909437214342437,0.003364534074379186
117.58,3.12546103809812,-2.586681908310095,3.128648941063693,-2.5877569616825373,0.003364292655449081
117.62,3.1177561699909364,-2.5803073489265027,3.120943212967726,-2.581383441847346,0.003363810177491273
117.66,3.1100513022285177,-2.5739327891261974,3.113237485226128,-2.5750099215864015,0.0033633281777261086
117.68,3.106198868470968,-2.5707455090765796,3.1093846214829686,-2.571823161302575,0.003363087357423729
117.72,3.098494001191852,-2.564370948692111,3.101678894241519,-2.565449640440724,0.003362606076593645
117.76,3.0907891342183236,-2.55799638793828,3.093973167313876,-2.5590761192018427,0.003362125273556789
117.78,3.086936700841205,-2.554809107428837,3.0901203039632263,-2.55588935844643,0.003361885051508055
117.82,3.0792318342963,-2.548434546156935,3.0824145774790424,-2.549515836674732,0.003361404966850927
117.86,3.0715269680222175,-2.5420599845576928,3.0747088512734404,-2.5431423145683105,0.0033609253601198596
117.88,3.067674534982442,-2.53887270364049,3.0708559882706585,-2.539955553394912,0.0033606857359406743
117.92,3.0599696690886264,-2.532498141581593,3.0631502624576044,-2.5335820308167896,0.003360206846752324
117.96,3.0522648034347903,-2.5261235792326646,3.055444536891612,-2.5272085079418463,0.0033597284355194896
117.98,3.048412370693897,-2.5229362979542014,3.0515916741970277,-2.524021746398128,0.0033594894090386977
118.02,3.040707505376622,-2.51656173519845,3.0438859489785846,-2.5176482231055366,0.0033590117152372733
118.06,3.033002640272314,-2.5101871721853133,3.036180223979006,-2.5112746995499955,0.0033585344991478314
118.08,3.0291502077967527,-2.506999890586168,3.032327361557893,-2.5080879376776863,0.0033582960702251037
118.12,3.0214453429916897,-2.5006253272113086,3.0246216368670917,-2.501714413751089,0.0033578195713956974
118.16,3.0137404783754573,-2.494250763608221,3.016915912370155,-2.495340889591536,0.0033573435502164345
118.18,3.0098880461352167,-2.491063481724646,3.0130630501914744,-2.492154127427909,0.003357105718814746
118.22,3.0021831817843694,-2.484688917800782,3.005357325968428,-2.4857806029392346,0.0033566304149713917
118.26,2.994478317601282,-2.4783143536741186,2.9976516019177297,-2.479407078243401,0.003356155588962654
118.28,2.990625885569902,-2.4751270715380698,2.993798739954472,-2.476220315820866,0.0033559183553166613
118.32,2.982921021622012,-2.4687525071271272,2.986093016147085,-2.469846790832637,0.003355444247076316
118.36,2.975216157822763,-2.4623779425365635,2.9783872924925796,-2.463473265660719,0.0033549706169238706
118.38,2.9713637259764716,-2.4591906601768256,2.974534430720222,-2.4602865030087995,0.0033547339811719045
118.42,2.963658862385779,-2.4528160953341986,2.966828707281157,-2.4539129775779873,0.00335426106877428
118.46,2.9559539989270194,-2.446441530332103,2.959122983977681,-2.4475394519842273,0.0033537886345921105
118.48,2.9521015672449127,-2.4432542477739165,2.9552701223747846,-2.4443526891286473,0.003353552596996271
118.52,2.94439670397099,-2.4368796825484123,2.947564399262702,-2.437979163304863,0.003353080881061111
118.56,2.936691840814139,-2.430505117181405,2.9398586762707275,-2.431605637336728,0.0033526096434536735
118.58,2.932839409277655,-2.427317834447184,2.9360058148181887,-2.428418874300424,0.003352374204283467
118.62,2.9251345462847578,-2.420943268881952,2.928300091996212,-2.422045348127908,0.0033519036853217844
118.66,2.9174296833955284,-2.414568703191419,2.9205943692807566,-2.4156718218273654,0.003351433645044231
118.68,2.913577251988127,-2.411381420301172,2.916741507961327,-2.4124850586310638,0.003351198804478399
118.72,2.9058723892444385,-2.4050068544347516,2.9090357853961977,-2.406111532149858,0.0033507294828466505
118.76,2.898167526592833,-2.3986322884570606,2.9013300629257026,-2.3997380055549486,0.0033502606402015214
118.78,2.8943150953000956,-2.3954450054282495,2.8974772017245387,-2.396551242216526,0.0033500263985886923
118.82,2.8866102327777092,-2.3890704392943465,2.889771479387603,-2.390177715461069,0.0033495582750501488
118.86,2.878905370336997,-2.3826958730617336,2.8820657571345865,-2.383804188604733,0.003349090630787939
118.88,2.8750529391459767,-2.3795085899099804,2.8782128960383173,-2.380617425140229,0.003348856988479944
118.92,2.867348076819871,-2.3731340235388294,2.8705071739037824,-2.3742438981414837,0.003348390063775988
118.96,2.8596432145660615,-2.3667594570802697,2.862801451843582,-2.367870371053343,0.0033479236187058535
118.98,2.8557907834651615,-2.3635721738195774,2.85894859084014,-2.3646836074772444,0.0033476905760337263
119.02,2.8480859213130247,-2.3571976072381857,2.851242868884739,-2.3583100802631884,0.003347224850814556
119.06,2.8403810592251104,-2.350823040579171,2.843537146995321,-2.3519365529698146,0.003346759605557114
119.08,2.8365286282042077,-2.347635757221797,2.8396842860743368,-2.3487497892946085,0.003346527162979531
119.12,2.828823766206455,-2.3412611904538023,2.8319785642780424,-2.342376261889293,0.0033460626381971574
119.16,2.821118904265705,-2.3348866236169106,2.824272842540365,-2.33600273441351,0.003345598593772267
119.18,2.8172664733158075,-2.3316993401737123,2.8204199816925786,-2.3328159706503127,0.0033453667517386186
119.22,2.80956161145511,-2.325324773240063,2.812714260037528,-2.326442443075198,0.003344903428291099
119.26,2.8018567496450384,-2.318950206245185,2.8050085384344157,-2.3200689154376173,0.0033444405855205094
119.28,2.798004318758256,-2.315762922725682,2.8011556776516575,-2.316882151596227,0.0033442093444762413
119.32,2.7902994570194966,-2.3093883556446166,2.7934499561221626,-2.310508623870152,0.0033437472232577385
119.36,2.7825945953256324,-2.303013788509259,2.7857442346388495,-2.304135096088516,0.0033432855831742997
119.38,2.7787421644948287,-2.299826504922086,2.7818913739138162,-2.300948332177712,0.003343054943626506
119.42,2.7710373028640065,-2.293451937710558,2.774185652495658,-2.294574804317762,0.0033425940257072765
119.46,2.763332441273045,-2.2870773704508465,2.7664799311183925,-2.2882012764086537,0.0033421335892751154
119.48,2.7594800104918615,-2.283890086803696,2.76262707044455,-2.285014512436305,0.0033419035517324967
119.52,2.7517751489568045,-2.2775155194763874,2.7549213491251705,-2.2786409844575775,0.0033414438381201604
119.56,2.744070287457131,-2.2711409521063506,2.747215627842131,-2.2722674564351912,0.003340984606430678
119.58,2.7402178567199704,-2.267953668406021,2.743362767213702,-2.2690806924082674,0.0033407551713981534
119.62,2.7325129952698397,-2.2615791009760944,2.7356570459819527,-2.2627071643242176,0.003340296663129959
119.66,2.7248081338511008,-2.2552045335082345,2.7279513247823934,-2.256333636201454,0.0033398386371793235
119.68,2.7209557031530105,-2.252017249760681,2.724098464194271,-2.2531468721260697,0.0033396098051796646
119.72,2.7132508417783123,-2.2456426822395756,2.7163927430403025,-2.246773343948497,0.00333915250327332
119.76,2.7055459804314337,-2.2392681146848212,2.7086870219148813,-2.2403998157365583,0.003338695684132012
119.78,2.7016935497680046,-2.236080830895345,2.7048341613624776,-2.2372130516181987,0.00333846745567453
119.82,2.6939886884602373,-2.229706263293316,2.6971284402774454,-2.230839523357695,0.0033380113611517215
119.86,2.686283827177191,-2.223331695661444,2.6894227192177835,-2.2244659950667165,0.003337555749840856
119.88,2.6824313965445294,-2.2201444118347884,2.685569858697098,-2.2212792309102274,0.0033373281254748177
119.92,2.674726535296147,-2.213769844161012,2.677864137673274,-2.2149057025761336,0.00333687323944977
119.96,2.66702167406969,-2.207395276460722,2.6701584166719865,-2.2085321742149504,0.0033364188371114564
119.98,2.6631692434643512,-2.20420799260105,2.666305556179463,-2.2053454100245977,0.003336191817381097
120.02,2.655464382268739,-2.19783342486352,2.658599835210008,-2.1989718816251678,0.003335738140959611
120.06,2.6477595210926115,-2.191458857102437,2.650894114260551,-2.192598353201691,0.0033352849486523997
120.08,2.643907090511542,-2.188271573213422,2.6470412537930437,-2.1894115889812538,0.0033350585341219503
120.12,2.636202229362762,-2.1818970054192537,2.6393355328718533,-2.183038060523744,0.003334606068423529
120.16,2.6284973682312724,-2.175522437604217,2.631629811968431,-2.1766645320449074,0.0033341540873090647
120.18,2.6246449376717256,-2.1723351536891893,2.6277769515231073,-2.1734777677977912,0.0033339282785361853
120.22,2.6169400765644792,-2.165960585844823,2.6200712306447302,-2.1671042392887934,0.0033334770246962533
120.26,2.6092352154725544,-2.159586017981964,2.6123655097821095,-2.160730710760887,0.003333026255904892
120.28,2.608512649356441,-2.157543946490149,2.608512649356441,-2.157543946490149,0.0
120.32,2.5976779238617236,-2.1500241661549757,2.600806928516001,-2.1511704179355666,0.0033323510125731243
120.36,2.589973062804966,-2.143649598249613,2.593101207689551,-2.144796889364159,0.0033319014571971052
120.38,2.586120632281475,-2.1404623142910246,2.589248347281369,-2.1416101250723925,0.0033316768616398753
120.42,2.5784157712438316,-2.134087746362559,2.58154262647468,-2.1352365964772213,0.0033312280349209462
120.46,2.57071091021828,-2.1277131784194774,2.57383690568041,-2.128863067867112,0.0033307796941613827
120.48,2.5668584797098437,-2.1245258944426912,2.56998404528775,-2.1256763035566744,0.003330555706083742
120.52,2.5591536187012576,-2.1181513264791034,2.5622783245110217,-2.119302774925466,0.0033301080946725814
120.56,2.551448757703427,-2.1117767585025153,2.5545726037453087,-2.1129292462810083,0.0033296609696719438
120.58,2.5475963272083657,-2.1085894745095453,2.550719743366456,-2.109742481953948,0.0033294375896639476
120.62,2.53989146622559,-2.1022149065147024,2.543014022616361,-2.1033689532906426,0.0033289911947319835
120.66,2.5321866052523663,-2.095840338508354,2.5353083018760576,-2.096995424615593,0.0033285452866833854
120.68,2.5283341747691948,-2.0926530545010293,2.5314554415094492,-2.0938086602738175,0.0033283225153101035
120.72,2.5206293138093954,-2.0862784864784474,2.523749720783006,-2.0874351315821067,0.003327877338000625
120.76,2.5129244528580634,-2.07990391844564,2.516044000065258,-2.081061602879928,0.0033274326480498364
120.78,2.509072022385447,-2.07671663442556,2.5121911397095222,-2.0778748385250774,0.0033272104859003557
120.82,2.5013671614460287,-2.070342066378371,2.504485419004061,-2.0715013098081463,0.0033267665273811436
120.86,2.4936623005140945,-2.0639674983220933,2.4967796983062955,-2.065127781081916,0.0033263230567041214
120.88,2.4898098700508284,-2.0607802142906997,2.4929268379601783,-2.061941016715479,0.0033261015043576404
120.92,2.4821050091294614,-2.0544056462216913,2.4852211172732983,-2.055567487976197,0.0033256587658086366
120.96,2.4744001482147744,-2.0480310781446085,2.4775153965932675,-2.0491939592286705,0.0033252165155630243
120.98,2.4705477177598216,-2.044843794103157,2.4736625362557305,-2.0460071948519114,0.0033249955736298297
121.02,2.4628428568544978,-2.0384692260147292,2.46595681558539,-2.039633666092684,0.0033245540562379136
121.06,2.4551379959551065,-2.0320946579191586,2.458251094921156,-2.033260137326154,0.003324113027643399
121.08,2.4512855655075425,-2.028907373868799,2.454398234591224,-2.0300733729402585,0.003323892696696427
121.12,2.4435807046164815,-2.0225328057631637,2.446692513935573,-2.0236998441634038,0.0033234524016478363
121.16,2.435875843730667,-2.0161582376511435,2.438986793285312,-2.017326315380031,0.0033230125958638285
121.18,2.4320234132896585,-2.012970953592846,2.4351339329621364,-2.0141395509859947,0.003322792876503973
121.22,2.4243185524112665,-2.0065963854718936,2.427428212319538,-2.007766022193434,0.0033223538049831627
121.26,2.4166136915375236,-2.0002218173452824,2.419722491681716,-2.001392493395091,0.0033219152231997204
121.28,2.4127612611023364,-1.9970345332799497,2.4158696313645316,-1.9982057289938466,0.0033216961160151535
121.32,2.405056400235182,-1.990659965145416,2.4081639107335007,-1.9918322001873745,0.0033212582692040693
121.36,2.397351539372164,-1.984285397005846,2.400458190106715,-1.9854586713757638,0.0033208209126045886
121.38,2.3934991089421502,-1.9810981129342569,2.396605329794863,-1.9822719069681032,0.0033206024181948197
121.42,2.385794248084991,-1.974723544787643,2.388899609174125,-1.9758983781492439,0.003320165797281343
121.46,2.378089387231509,-1.968348976636548,2.3811938885571604,-1.9695248493258153,0.003319729667056438
121.48,2.3742369568060977,-1.9651616925594029,2.3773410282500502,-1.9663380849124465,0.003319511786010281
121.52,2.366532095957811,-1.9587871244020638,2.3696353076384664,-1.9599645560825694,0.0033190763921933184
121.56,2.3588272351127966,-1.9524125562407668,2.3619295870302435,-1.953591027248651,0.00331864148954206
121.58,2.354974804691472,-1.9492252721586913,2.3580767267273446,-1.950404262830232,0.00331842422246038
121.62,2.347269943851074,-1.9428507039918166,2.350371006123877,-1.9440307339905931,0.0033179900569191355
121.66,2.3395650830135883,-1.9364761358214198,2.3426652855233976,-1.9376572051473582,0.003317556383017505
121.68,2.335712652595893,-1.9332888517349573,2.3388124252242393,-1.93447044072444,0.0033173397304936906
121.72,2.3280077917625013,-1.9269142835596151,2.3311067046279903,-1.928096911876112,0.0033169067944206023
121.76,2.3203029309316943,-1.920539715381149,2.3234009840343974,-1.921723383024586,0.0033164743504643947
121.78,2.316450500517221,-1.9173524312907921,2.319548123738555,-1.9185366185976742,0.0033162583130884513
121.82,2.308745639690032,-1.9109778631079222,2.3118424031487015,-1.912163089741632,0.0033158266076809564
121.86,2.301040778865146,-1.9046032949222793,2.3041366825612055,-1.905789560882751,0.003315395394858388
121.88,2.297188348453525,-1.9014160108284552,2.300283822268307,-1.9026027964522856,0.0033151799732340794
121.92,2.28948348763185,-1.8950414426388922,2.292578101684129,-1.896229267589378,0.0033147494996692392
121.96,2.2817786268122178,-1.8886668744468593,2.284872381102046,-1.8898557387239445,0.003314319519171242
121.98,2.2779261964031456,-1.885479590349965,2.2810195208117703,-1.8866689742903213,0.0033141047138813265
122.02,2.2702213355864114,-1.8791050221544903,2.273313800232684,-1.8802954454213392,0.0033136754733530537
122.06,2.2625164747714686,-1.8727304539568081,2.2656080796554443,-1.8739219165501022,0.0033132467263760662
122.08,2.258664044364654,-1.869543169857182,2.261755219367496,-1.8707351521136797,0.0033130325380231525
122.12,2.2509591835522684,-1.8631686016564197,2.254049498792894,-1.864361623239286,0.0033126045317282016
122.16,2.2432543227414845,-1.8567940334536945,2.246343778219927,-1.857988094362881,0.003312177019443031
122.18,2.239401892336682,-1.8536067493516364,2.2424909179340498,-1.854801329923963,0.003311963448616878
122.22,2.231697031528197,-1.8472321811461896,2.2347851973634567,-1.848427801044757,0.0033115366777246753
122.26,2.2239921707211296,-1.8408576129389924,2.227079476794322,-1.8420542721637663,0.003311110401331718
122.28,2.220139740318114,-1.837670328834773,2.2232266165102885,-1.8388675077226309,0.0033108974486302286
122.32,2.2124348795130686,-1.831295760625142,2.2155208959432455,-1.8324939788391372,0.0033104719143456827
122.36,2.204730018709303,-1.8249211924139705,2.2078151753775086,-1.8261204499540638,0.0033100468750220757
122.38,2.200877588307884,-1.8217339083078339,2.203962315095119,-1.8229336855109615,0.0033098345410353556
122.42,2.1931727275059205,-1.8153593400945054,2.1962565945312487,-1.8165601566236678,0.003309410244532376
122.46,2.1854678667050877,-1.8089847718798076,2.1885508739685386,-1.8101866277349743,0.0033089864434732255
122.48,2.1816154363050786,-1.8057974877719674,2.184698013687602,-1.8069998632901247,0.0033087747287946757
122.52,2.1769922931265366,-1.800626334399459,2.1769922931265366,-1.800626334399459,0.0
122.56,2.1662057147075995,-1.793048351337514,2.169286572566499,-1.7942528055075475,0.003307929109647768
122.58,2.162353284308843,-1.7898610672281587,2.1654337122868528,-1.7910660410611448,0.0033077180148685203
122.62,2.154648423512013,-1.7834864990086,2.1577279917282715,-1.784692512167472,0.003307296197494613
122.66,2.1469435627160816,-1.777111930787958,2.150022271170601,-1.7783189832726842,0.0033068748764979324
122.68,2.1461694108921074,-1.7751322188248955,2.1461694108921074,-1.7751322188248955,0.0
122.72,2.1353862715237666,-1.7675500784550862,2.138463690335748,-1.7687586899285455,0.003306243826174037
122.76,2.1276814107298923,-1.7611755102319615,2.1307579697802015,-1.762385161031208,0.00330582374698915
122.78,2.1238289803332457,-1.7579882261200557,2.126905109502729,-1.7591983965821887,0.003305613893781993
122.82,2.116124119540484,-1.751613657895571,2.119199388948342,-1.7528248676834612,0.0033051945602626106
122.86,2.1084192587484383,-1.7452390896702323,2.1114936683946754,-1.7464513387838536,0.0033047757240623403
122.88,2.1045668283526675,-1.7420518055572518,2.1076408081181066,-1.7432645743337323,0.0033045664925274213
122.92,2.0968619675616016,-1.7356772373306926,2.0999350875654588,-1.7368910454328719,0.0033041484026936894
122.96,2.089157106771186,-1.7293026691033888,2.0922293670134757,-1.7305175165312472,0.0033037308106638073
122.98,2.085304676376208,-1.7261153849894662,2.0883765067377227,-1.7273307520801593,0.003303522201387802
123.02,2.077599815586671,-1.7197408167610868,2.0806707861866567,-1.720957223177437,0.003303105356435886
123.06,2.0698949547977,-1.713366248532034,2.072965065636162,-1.714583694274019,0.0033026890097490034
123.08,2.0660425244034197,-1.7101789644172685,2.0691122053611273,-1.7113969298220644,0.003302481023320491
123.12,2.0583376636152426,-1.703804396187273,2.061406484811454,-1.7050234009176757,0.0033020654244063376
123.16,2.0506328028275655,-1.6974298279566744,2.0537007642622904,-1.6986498720126704,0.0033016503242363797
123.18,2.046780372433906,-1.694242543841159,2.0498479039878936,-1.6954631075599467,0.003301442961241432
123.22,2.0390755116469297,-1.687867975609714,2.042142183439454,-1.689089578654073,0.003301028609547544
123.26,2.031370650860376,-1.681493407377715,2.034436462891453,-1.682716049747635,0.0033006147570747383
123.28,2.0275182204672553,-1.67830612326152,2.0305836026176114,-1.6795292852942152,0.003300408018101559
123.32,2.0198133596813324,-1.671931555028775,2.022877882070251,-1.6731557563870036,0.003299994914794833
123.36,2.012108498895818,-1.6655569867955637,2.015172161523317,-1.6667822274793223,0.003299582311183023
123.38,2.0082560685031927,-1.662369702678778,2.0113193012499893,-1.6635954630253005,0.00329937619682168
123.42,2.000551207718218,-1.655995134444885,2.0036135807036066,-1.657221934116913,0.0032989643430819584
123.46,1.9928463469336104,-1.6496205662105783,1.9959078601576048,-1.650848405208108,0.0032985529895012207
123.48,1.988993916541423,-1.6464332820932632,1.992054999884727,-1.6476616407535425,0.003298347500330484
123.52,1.9812890557572955,-1.640058713858347,1.9843492793392163,-1.6412881118441045,0.0032979368973237106
123.56,1.9735841949734936,-1.6336841456230637,1.976643558794046,-1.6349145829342966,0.0032975267949448845
123.58,1.969731764581698,-1.6304968615052804,1.9727906985215693,-1.6317278184792483,0.0032973219315463142
123.62,1.9620269037983218,-1.6241222932694535,1.9650849779768298,-1.6253542895688773,0.0032969125804381658
123.66,1.9543220430152213,-1.6177477250332872,1.9573792574323823,-1.6189807606581672,0.0032965037304271685
123.68,1.9504696126237737,-1.6145604409150844,1.9535263971602632,-1.6157939962026884,0.003296299493386023
123.72,1.9427647518410838,-1.6081858726784575,1.9458206766162367,-1.6094204672915033,0.0032958913953520016
123.76,1.9350598910586227,-1.6018113044415152,1.9381149560724469,-1.6030469383799968,0.003295483798870775
123.78,1.9312074606674865,-1.5986240203229414,1.9342620958006456,-1.5998601739241352,0.003295280188766057
123.82,1.9235025998853919,-1.5922494520855963,1.9265563752572314,-1.593486645012211,0.003294873344958695
123.86,1.915797739103516,-1.5858748838479864,1.9188506547140434,-1.5871131161000174,0.003294467003169404
123.88,1.9149977944425303,-1.5839263516438224,1.9149977944425303,-1.5839263516438224,0.0
123.92,1.9042404479310768,-1.5763130314910925,1.9072920738996524,-1.5775528227312388,0.0032938584321777022
123.96,1.896535587149678,-1.5699384632528486,1.899586353356954,-1.5711792938183957,0.0032934533462389095
123.98,1.8926831567590567,-1.566751179133647,1.8957334930856846,-1.5679925293618933,0.0032932509917576315
124.02,1.8849782959779633,-1.5603766108950923,1.8880277725432988,-1.5616190004487307,0.0032928466598856764
124.06,1.8772734351970275,-1.5540020426563113,1.8803220520010795,-1.5552454715353408,0.003292442830961956
124.08,1.8734210048066244,-1.5508147585368461,1.8764691917300342,-1.5520587070785665,0.0032922411051584275
124.12,1.8657161440259535,-1.5444401902977818,1.8687634711880847,-1.5456851781648815,0.003291838030992407
124.16,1.8580112832454376,-1.5380656220585285,1.8610577506462933,-1.539311649251003,0.003291435460230449
124.18,1.8541588528552364,-1.5348783379388333,1.8572048903754552,-1.5361248847939937,0.0032912343636834693
124.22,1.8464539920749405,-1.528503769699315,1.8494991698338914,-1.5297513558798423,0.003290832548376175
124.24,1.8426015616848397,-1.5253164855794872,1.8456463095631572,-1.526564591422698,0.003290631829660692
124.28,1.8348967009047286,-1.5189419173397005,1.8379405890217868,-1.5201910625082775,0.003290230770226861
124.32,1.827191840124758,-1.5125673490997626,1.8302348684805603,-1.5138175335937045,0.003289830214936544
124.36,1.8194869793448953,-1.5061927808596627,1.8225291479394423,-1.507444004678958,0.003289430163967558
124.38,1.815634548955016,-1.5030054967395652,1.8186762876689364,-1.5042572402215362,0.0032892303276630766
124.42,1.8079296881753544,-1.4966309284992791,1.8109705671280256,-1.4978837113065986,0.0032888310335306287
124.46,1.800224827395803,-1.4902563602588594,1.8032648465872256,-1.4915101823915258,0.003288432244182889
124.48,1.796372397006068,-1.4870690761386023,1.7994119863168672,-1.4883234179339404,0.0032882330388608375
124.52,1.788667536226658,-1.4806945078979807,1.791706265776221,-1.4819498890186684,0.003287835007047479
124.56,1.780962675447333,-1.47431993965723,1.7840005452356562,-1.475576360103258,0.0032874374804707364
124.58,1.7771102450577043,-1.471132655536811,1.7801476849654088,-1.4723895956455082,0.00328723890670688
124.62,1.7694053842785327,-1.4647580872959076,1.772441964424991,-1.4660160667299307,0.0032868421383281184
124.66,1.7617005234994407,-1.4583835190548942,1.7647362438846674,-1.4596425378142517,0.0032864458756679863
124.68,1.75784809310993,-1.4551962349343526,1.7608833836145399,-1.4564557733563752,0.00328624793403143
124.72,1.7501432323309816,-1.4488216666932057,1.753177663074361,-1.4500822444405574,0.003285852430265924
124.76,1.7424383715520886,-1.4424470984519482,1.745471942534244,-1.443708715524627,0.003285457432664464
124.78,1.7385859411626754,-1.4392598143312907,1.741619082264215,-1.440521951066629,0.0032852601237252648
124.82,1.7308810803838977,-1.432885246089906,1.7339133617242177,-1.4341484221505711,0.00328486588570841
124.86,1.7231762196051954,-1.4265106778484433,1.7262076411842882,-1.4277748932344247,0.0032844721542953236
124.88,1.719323789215873,-1.4233233937276846,1.722354780914356,-1.4245881287763267,0.003284275478630937
124.92,1.7116189284372767,-1.416948825486112,1.7146490603745415,-1.4182145998600724,0.003283882507491188
124.96,1.7039140676587226,-1.4105742572444506,1.7069433398347715,-1.4118410709437283,0.0032834900434236492
124.98,1.7000616372694726,-1.4073869731235973,1.7030904795649098,-1.408654306485529,0.0032832940015926904
125.02,1.6923567764910241,-1.4010124048818453,1.695384759025247,-1.4022807775690915,0.003282902298471833
125.06,1.6846519157126303,-1.394637836640025,1.687679038485639,-1.3959072486525828,0.0032825111028744946
125.08,1.6807994853234542,-1.391450552519092,1.683826178215856,-1.3927204841943042,0.003282315695453678
125.12,1.673094624545126,-1.385075984277167,1.676120457676323,-1.386346955277695,0.0032819252614940306
125.16,1.6653897637668515,-1.378701416035186,1.6684147371368356,-1.3799734263610197,0.003281535335500806
125.18,1.6615373333777261,-1.3755141319141697,1.6645618768671069,-1.3767866619026572,0.0032813405630558105
125.22,1.6538324725995017,-1.3691395636720904,1.656856156327672,-1.3704131329858802,0.003280951399370118
125.26,1.64612761182134,-1.3627649954299728,1.6491504357883038,-1.3640396040690685,0.003280562744120082
125.28,1.64227518143227,-1.3595777113088914,1.645297575518633,-1.3608528396106405,0.0032803686072152643
125.32,1.6345703206541509,-1.3532031430666849,1.6375918549793085,-1.3544793106937356,0.0032799807149490987
125.36,1.6268654598760897,-1.3468285748244464,1.6298861344400413,-1.3481057817767967,0.0032795933315635773
125.38,1.6230130294870775,-1.3436412907033137,1.6260332741704258,-1.3449190173183132,0.0032793998307573784
125.42,1.6183275536312192,-1.3385454884013095,1.6183275536312192,-1.3385454884013095,0.0
125.46,1.607603307931097,-1.3308921542186576,1.6106218330920457,-1.332171959484259,0.003278627100653756
125.48,1.6037508775421268,-1.3277048700974723,1.6067689728224759,-1.3289851950257217,0.003278434236516335
125.52,1.5960460167642134,-1.3213303018550742,1.5990632522833619,-1.3226116661086196,0.0032780488904644227
125.56,1.588341155986312,-1.3149557336126216,1.5913575317442632,-1.316238137191465,0.0032776640541986035
125.58,1.5844887255973765,-1.311768449491385,1.587504671474727,-1.3130513727328748,0.0032774718272872375
125.62,1.576783864819537,-1.3053938812488963,1.5797989509356904,-1.3066778438156796,0.0032770877560301284
125.66,1.5690790040417253,-1.2990193130063752,1.5720932303966797,-1.3003043148984508,0.00327670419500137
125.68,1.5652265736528295,-1.295832028885102,1.5682403701271856,-1.2971175504398247,0.0032765126058812073
125.72,1.557521712875043,-1.2894574606425186,1.560534649588208,-1.2907440215225396,0.003276129810544478
125.76,1.549816852097287,-1.2830828923999114,1.5528289290492567,-1.2843704926052228,0.0032757475258794397
125.78,1.5459644217084214,-1.2798956082786004,1.5489760687797938,-1.281183728146557,0.0032755565751075503
125.82,1.5382595609307093,-1.2735210400359607,1.5412703482408858,-1.274810199229206,0.003275175056794558
125.86,1.5305547001530186,-1.2671464717932928,1.5335646277020014,-1.2684366703118293,0.0032747940496097223
125.88,1.526702269764171,-1.2639591876719405,1.5297117674325609,-1.2652499058531252,0.0032746037377497997
125.92,1.5189974089864826,-1.257584619429211,1.522006046893682,-1.258876376935686,0.0032742234975902036
125.96,1.511292548208833,-1.2512100511864743,1.5143003263548376,-1.2525028480182347,0.0032738437689957154
125.98,1.5074401178200207,-1.248022767065103,1.5104474660854288,-1.249316083559506,0.0032736540965941983
126.02,1.4997352570424054,-1.2416481988223418,1.5027417455466252,-1.2429425546420338,0.0032732751356976636
126.06,1.4920303962648083,-1.2352736305795604,1.4950360250078347,-1.2365690257245368,0.0032728966868104882
126.08,1.4881779658760177,-1.232086346458163,1.4911831647384477,-1.2333822612657819,0.0032727076544287136
126.12,1.4804731050984459,-1.2257117782153497,1.4834774441996872,-1.2270087323482575,0.0032723299739045248
126.16,1.4727682443208732,-1.2193372099725017,1.4757717236609262,-1.2206352034306969,0.003271952805839814
126.18,1.4689158139320875,-1.216149925851067,1.4719188633915483,-1.217448438971906,0.0032717644140370108
126.22,1.4612109531545405,-1.209775357608195,1.464213142852805,-1.2110749100543121,0.003271388014982857
126.26,1.4535060923770209,-1.2034007893653207,1.4565074223140977,-1.204701381136719,0.003271012128840657
126.28,1.4496536619882667,-1.2002135052438783,1.4526545620447506,-1.2015146166779187,0.0032708243781646
126.32,1.441948801210765,-1.1938389370009796,1.4449488415060607,-1.1951410877603021,0.0032704492617072986
126.36,1.4342439404332772,-1.1874643687580677,1.4372431209673846,-1.1887675588426716,0.00327007465859401
126.38,1.430391510044538,-1.1842770846366062,1.4333902606980533,-1.1855807943838526,0.0032698875495992563
126.42,1.4226866492670673,-1.1779025163936707,1.4256845401593945,-1.1792072654661987,0.0032695137168332468
126.46,1.4149817884896096,-1.1715279481507213,1.417978819620747,-1.172833736548529,0.003269140397850175
126.48,1.411129358100877,-1.1683406640292333,1.4141259593514228,-1.1696469720896847,0.0032689539310875758
126.52,1.403424497323407,-1.1619660957862399,1.4064202388127682,-1.1632734431719725,0.0032685813831175446
126.56,1.3957196365459477,-1.1555915275432356,1.3987145182741205,-1.1568999142542464,0.00326820934936755
126.58,1.3918672061572324,-1.152404243421737,1.3948616580048094,-1.153713149795386,0.0032680235253799827
126.62,1.384162345379813,-1.1460296751787398,1.3871559374662077,-1.1473396208776683,0.003267652263302459
126.66,1.3764574846024011,-1.1396551069357335,1.3794502169276106,-1.14096609195994,0.003267281515885579
126.68,1.3726050542136998,-1.136467822814228,1.3755973566583162,-1.1377793275010735,0.003267096335230206
126.72,1.3649001934362992,-1.1300932545712083,1.367891636119733,-1.1314057985833337,0.003266726360140396
126.76,1.357195332658906,-1.1237186863281798,1.3601859155811546,-1.1250322696655828,0.003266356900148617
126.78,1.353342902270214,-1.1205314022066624,1.3563330553118695,-1.1218455052067051,0.003266172363370267
126.82,1.3456380414928322,-1.1141568339636203,1.3486273347733055,-1.1154719762889427,0.003265803676361698
126.86,1.3409216142347458,-1.1090984473711694,1.3409216142347458,-1.1090984473711694,0.0
126.88,1.3340807503267746,-1.1045949815990412,1.3370687539654698,-1.1059116829122806,0.0032652516125317938
126.92,1.3263758895494115,-1.0982204133559768,1.3293630334269244,-1.099538153994496,0.0032648842146954567
126.96,1.3186710287720556,-1.0918458451129032,1.321657312888383,-1.0931646250767002,0.0032645173328292314
126.98,1.3148185983833813,-1.0886585609913635,1.3178044526191168,-1.0899778606178,0.003264334085441534
127.02,1.3071137376060369,-1.0822839927482768,1.3100987320805897,-1.0836043316999924,0.0032639679778650016
127.06,1.299408876828678,-1.0759094245051641,1.3023930115420477,-1.0772308027821582,0.0032636023866962887
127.08,1.2955564464399991,-1.0727221403836045,1.298540151272775,-1.0740440383232348,0.003263419784816085
127.12,1.2878515856626394,-1.0663475721404758,1.290834430734236,-1.0676705094053862,0.003263054968589644
127.16,1.2839991552739707,-1.0631602880189173,1.2831287101957198,-1.061296980487546,0.0020565966037888374
127.18,1.2762942944966507,-1.0567857197758028,1.279275849926469,-1.0581102160286269,0.003262508713371307
127.22,1.2685894337193369,-1.0504111515326784,1.2715701293879729,-1.0517366871107818,0.0032621451895713527
127.26,1.26088457294205,-1.0440365832895604,1.263864408849498,-1.0453631581929397,0.0032617821830392287
127.28,1.2570321425534121,-1.0408492991680045,1.2600115485802712,-1.0421763937340223,0.003261600873809996
127.32,1.2493272817761432,-1.0344747309248852,1.2523058280418187,-1.0358028648161806,0.0032612386435182756
127.36,1.2416224209988769,-1.028100162681761,1.2446001075033692,-1.029429335898332,0.003260876930932184
127.38,1.237769990610247,-1.0249128785601969,1.2407472472341488,-1.026242571439407,0.0032606962688341056
127.42,1.2300651298329877,-1.0185383103170635,1.2330415266957087,-1.0198690425215504,0.003260335333132758
127.46,1.2223602690557003,-1.0121637420738976,1.225335806157243,-1.013495513603663,0.0032599749155708285
127.48,1.2185078386670458,-1.0089764579523057,1.2214829458879992,-1.0103087491447078,0.003259794901143508
127.52,1.210802977889737,-1.002601889709122,1.21377722534951,-1.0039352202267962,0.0032594352611040214
127.56,1.2030981171124295,-0.9962273214659388,1.2060715048110184,-0.9975616913088822,0.003259076139625525
127.58,1.199245686723775,-0.9930400373443464,1.2022186445417746,-0.9943749268499269,0.003258896773405619
127.62,1.1915408259464662,-0.9866654691011616,1.1945129240032861,-0.988001397932015,0.0032585384301030513
127.66,1.1838359651691588,-0.980290900857978,1.1868072034647943,-0.981627869014101,0.0032581806057887653
127.68,1.1799835347805043,-0.9771036167363856,1.1829543431955507,-0.9784411045551457,0.0032580018883116048
127.72,1.1722786740031954,-0.9707290484932007,1.1752486226570622,-0.9720675756372339,0.003257644842814933
127.76,1.164573813225888,-0.9643544802500171,1.1675429021185704,-0.96569404671932,0.0032572883167337465
127.78,1.1607213828372336,-0.9611671961284247,1.1636900418493266,-0.9625072822603646,0.0032571102485329777
127.82,1.1530165220599247,-0.9547926278852399,1.1559843213108378,-0.9561337533424528,0.003256754501909107
127.86,1.1453116612826173,-0.9484180596420563,1.1482786007723462,-0.9497602244245389,0.00325639927512729
127.88,1.1414592308939628,-0.9452307755204639,1.1444257405031026,-0.9465734599655835,0.003256221856735966
127.92,1.133754370116654,-0.938856207277279,1.136720019964614,-0.9401999310476716,0.0032558674100496244
127.96,1.1260495093393466,-0.9324816390340954,1.1290142994261223,-0.9338264021297576,0.0032555134836303175
127.98,1.122197078950692,-0.929294354912503,1.1251614391568787,-0.9306396376708023,0.0032553367155795207
128.02,1.1144922181733832,-0.9229197866693182,1.11745571861839,-0.9242661087528904,0.0032549835698924556
128.06,1.1067873573960758,-0.9165452184261346,1.1097499980798986,-0.9178925798349764,0.0032546309448965565
128.08,1.1029349270074214,-0.9133579343045422,1.105897137810655,-0.914705815376021,0.0032544548277162
128.12,1.0952300662301124,-0.9069833660613573,1.0981914172721663,-0.9083322864581094,0.0032541029840875047
128.16,1.087525205452805,-0.9006087978181737,1.0904856967336745,-0.9019587575401953,0.0032537516615722597
128.18,1.0836727750641713,-0.8974215136965973,1.0866328364644444,-0.8987719930812513,0.0032535761957825245
128.22,1.0759679142869205,-0.8910469454534538,1.0789271159260143,-0.8923984641633856,0.0032532256552706864
128.26,1.0682630535096331,-0.8846723772102724,1.0712213953875531,-0.8860249352454845,0.0032528756363058484
128.28,1.0644106231209811,-0.881485093088675,1.0673685351183135,-0.8828381707865242,0.003252700822452006
128.32,1.0567057623436744,-0.8751105248454779,1.059662814579832,-0.8764646418686012,0.003252351586110623
128.36,1.0490009015663677,-0.8687359566022809,1.0519570940413498,-0.8700911129506783,0.0032520028717304187
128.38,1.0451484711777157,-0.8655486724806835,1.0481042337721103,-0.8669043484917179,0.003251828710328456
128.42,1.0403985132336286,-0.8605308195737948,1.0403985132336286,-0.8605308195737948,0.0
128.46,1.0297387496231023,-0.8527995359942894,1.0326927926951466,-0.8541572906558721,0.0032511333704636604
128.48,1.0258863192344503,-0.849612251872692,1.028839932425907,-0.8509705261969117,0.003250959862037933
128.52,1.0181814584571436,-0.8432376836294949,1.0211342118874251,-0.8445969972789887,0.003250613237181524
128.56,1.0104765976798369,-0.8368631153862979,1.013428491348943,-0.8382234683610661,0.003250267135124434
128.58,1.0066241672911849,-0.8336758312647005,1.0095756310797035,-0.8350367039021057,0.003250094280197892
128.62,0.9989193065138788,-0.8273012630215034,1.0018699105412217,-0.8286631749841827,0.0032497489626524523
128.66,0.9912144457365766,-0.8209266947783064,0.9941641900027397,-0.8222896460662601,0.0032494041683202354
128.68,0.9873620153479268,-0.817739410656709,0.9903113297335,-0.8191028816072997,0.0032492319674122974
128.72,0.9796571545706245,-0.8113648424135119,0.9826056091950182,-0.8127293526893766,0.0032488879582171803
128.76,0.9719522937933223,-0.8049902741703149,0.9748998886565361,-0.8063558237714539,0.0032485444726547043
128.78,0.9680998634046725,-0.8018029900487175,0.9710470283872966,-0.8031690593124935,0.003248372926287803
128.82,0.9603950026273702,-0.7954284218055204,0.9633413078488149,-0.7967955303945705,0.003248030226486002
128.86,0.952690141850068,-0.7890538535623234,0.9556355873103328,-0.7904220014766478,0.003247688050731643
128.88,0.948837711461436,-0.7858665694407404,0.951782727041107,-0.7872352370176987,0.003247517159419127
128.92,0.9411328506841949,-0.7794920011975873,0.9440770065026839,-0.7808617080998219,0.0032471757700456255
128.96,0.9334279899069182,-0.7731174329543964,0.9363712859642273,-0.7744881791819075,0.0032468349051355838
128.98,0.929575559518271,-0.7699301488327934,0.9325184256949902,-0.7713014147229412,0.0032466646694047333
129.02,0.9248127051565176,-0.7649278858050099,0.9248127051565176,-0.7649278858050099,0.0
129.06,0.9171069846180446,-0.758554356887079,0.9171069846180446,-0.758554356887079,0.0
129.08,0.9103134075750348,-0.7539937282247786,0.9132541243488062,-0.7553675924281117,0.003245815458823936
129.12,0.9026085467977417,-0.7476191599815738,0.9055484038103335,-0.7489940635101806,0.003245476693408947
129.16,0.8949036860204472,-0.7412445917383679,0.8978426832718606,-0.7426205345922496,0.003245138453281064
129.18,0.8910512556318,-0.7380573076167649,0.8939898230026221,-0.7394337701332824,0.003244969530247994
129.22,0.8833463948545069,-0.7316827393735601,0.8862841024641495,-0.7330602412153512,0.0032446320783548585
129.26,0.8756415340772125,-0.7253081711303542,0.8785783819256766,-0.7266867122974202,0.0032442951521592972
129.28,0.8717891036885652,-0.7221208870087512,0.8747255216564381,-0.723499947838453,0.003244126886246061
129.32,0.8640842429112722,-0.7157463187655464,0.8670198011179654,-0.7171264189205218,0.003243790748899649
129.36,0.8563793821339777,-0.7093717505223405,0.8593140805794924,-0.7107528900025908,0.0032434551376599612
129.38,0.8525269517453304,-0.7061844664007375,0.855461220310254,-0.7075661255436235,0.0032432875293779955
129.42,0.8448220909680374,-0.6998098981575327,0.8477554997717813,-0.7011925966256924,0.0032429527076005466
129.46,0.8371172301907822,-0.6934353299143573,0.8400497792333441,-0.6948190677077908,0.0032426184123339127
129.48,0.8332647998021481,-0.690248045792761,0.8361969189641216,-0.6916323032488348,0.0032424514621977834
129.52,0.825559939024858,-0.6838734775495506,0.828491198425652,-0.6852587743308971,0.003242117957007722
129.56,0.817855078247568,-0.6774989093063403,0.8207854778871835,-0.6788852454129608,0.0032417849787390943
129.58,0.8140026478589244,-0.6743116251847362,0.8169326176179484,-0.6756984809539921,0.0032416186872477435
129.62,0.8062977870816344,-0.6679370569415258,0.8092268970794788,-0.6693249520360544,0.0032412864996616245
129.66,0.7985929263043443,-0.6615624886983155,0.8015211765410103,-0.6629514231181182,0.00324095483940259
129.68,0.7947404959157007,-0.6583752045767114,0.7976683162717753,-0.6597646586591495,0.0032407892070679626
129.72,0.7870356351384107,-0.652000636333501,0.7899625957333055,-0.6533911297412117,0.0032404583380987962
129.76,0.7793307743611582,-0.6456260680903196,0.7822568751948671,-0.6470176008233005,0.0032401279968527884
129.78,0.7754783439725262,-0.642438783968721,0.7784040149256465,-0.6438308363643422,0.0032399630241850474
129.82,0.7677734831952409,-0.636064215725506,0.770698294387182,-0.6374573074464012,0.0032396334748441293
129.86,0.7600686224179568,-0.6296896474822922,0.7629925738487161,-0.631083778528459,0.003239304453632834
129.88,0.7562161920293141,-0.6265023633606847,0.7591397135794831,-0.6278970140694881,0.003239140141128212
129.92,0.7485113312520287,-0.6201277951174696,0.7514339930410183,-0.621523485151547,0.0032388119124213866
129.96,0.7408064704747447,-0.6137532268742558,0.7437282725025522,-0.6151499562336047,0.003238484212246138
129.98,0.7369540400861223,-0.610565942752665,0.7398754122333329,-0.6119631917746451,0.0032383205604019556
130.02,0.7292491793088974,-0.6041913745094912,0.7321696916949271,-0.6055896628567501,0.003237993653334182
130.06,0.7215443185316395,-0.5978168062662823,0.7244639711564946,-0.599216133938823,0.0032376672752093905
130.08,0.7176918881430026,-0.5946295221446711,0.7206111108872658,-0.5960293694798469,0.003237504284541183
130.12,0.7099870273657258,-0.5882549539014463,0.7129053903488084,-0.5896558405618941,0.0032371787001102
130.16,0.7022821665884491,-0.5818803856582215,0.7051996698103523,-0.5832823116439428,0.0032368536450164457
130.18,0.6984297361998122,-0.5786931015366104,0.7013468095411235,-0.5800955471849667,0.0032366913160174456
130.22,0.6907248754225355,-0.5723185332933856,0.6936410890026661,-0.573722018267014,0.003236367055223949
130.26,0.6830200146452587,-0.5659439650501608,0.68593536846421,-0.5673484893490626,0.003236043324165988
130.28,0.6791675842566218,-0.5627566809285496,0.6820825081949812,-0.5641617248900863,0.0032358816573340894
130.32,0.6714627234793451,-0.5563821126853248,0.674376787656524,-0.5577881959721336,0.003235558721173245
130.36,0.6637578627020684,-0.5500075444421,0.6666710671180677,-0.5514146670541823,0.003235236315144712
130.38,0.6599054323134315,-0.5468202603204888,0.6628182068488389,-0.5482279025952062,0.003235075310976419
130.42,0.6522005715361547,-0.540445692077264,0.6551124863103817,-0.5418543736772535,0.0032347537004399677
130.46,0.644495710758878,-0.5340711238340392,0.6474067657719256,-0.5354808447593021,0.0032344326204318246
130.48,0.6406432803702587,-0.5308838397124421,0.6435539055027105,-0.5322940803003373,0.003234272279417249
130.52,0.6329384195930423,-0.5245092714692586,0.6358481849643118,-0.5259205513824309,0.0032339519954944812
130.56,0.6252335588157947,-0.5181347032260419,0.6281424644258919,-0.5195470224644971,0.003233632242504707
130.58,0.6213811284271604,-0.5149474191044245,0.6242896041566676,-0.5163602580055155,0.0032334725651485203
130.62,0.6165838836182217,-0.5099867290875544,0.6165838836182217,-0.5099867290875544,0.0
130.66,0.6059714068726181,-0.5021982826179505,0.6088781630797718,-0.50361320016959,0.0032328351838230612
130.68,0.6021189764839838,-0.4990109984963331,0.6050253028105474,-0.5004264357106085,0.0032326761706104276
130.72,0.5944141157067127,-0.4926364302530961,0.5973195822721016,-0.4940529067926474,0.0032323585428742467
130.76,0.5867092549294415,-0.4862618620098591,0.5896138617336517,-0.487679377874683,0.00323204144684004
130.78,0.5828568245408072,-0.4830745778882417,0.5857610014644272,-0.48449261341570155,0.0032318830982610114
130.82,0.5751519637635361,-0.4767000096450047,0.5780552809259814,-0.4781190844977405,0.003231566800085759
130.86,0.5674471029862649,-0.4703254414017677,0.5703495603875314,-0.4717455555797761,0.00323125103400326
130.88,0.5635946725976306,-0.4671381572801503,0.566496700118307,-0.46855879112079457,0.0032310933505466425
130.92,0.5558898118203595,-0.4607635890369133,0.5587909795798612,-0.4621852622028334,0.0032307783829086615
130.96,0.5481849510431286,-0.4543890207937071,0.5510852590414469,-0.4558117332848984,0.003230463947748204
130.98,0.5443325206545139,-0.4512017366721011,0.547232398772244,-0.4526249688259327,0.0032303069299047275
131.02,0.536627659877264,-0.4448271684288691,0.539526678233821,-0.44625143990798055,0.003229993293780187
131.06,0.5289227991000006,-0.43845260018562543,0.5318209576953776,-0.4398779109900084,0.003229680190521725
131.08,0.5250703687113704,-0.4352653160640047,0.5279680974261565,-0.436691146531023,0.0032295238387684178
131.12,0.517365507934107,-0.42889074782076103,0.5202623768877171,-0.43031761761305426,0.003229211535119603
131.16,0.5096606471568436,-0.42251617957751736,0.5125566563492736,-0.4239440886950821,0.0032288997647285152
131.18,0.5058082167682296,-0.41932889545590996,0.5087037960800661,-0.42075732423610795,0.003228744079550651
131.22,0.49810335599102784,-0.41295432721270925,0.5009980755416829,-0.414383795318183,0.003228433109344378
131.26,0.49039849521379114,-0.4065797589694723,0.49329235500327,-0.408010266400224,0.003228122672792728
131.28,0.48654606482516327,-0.4033924748478458,0.4894394947340529,-0.4048235019412337,0.0032279676546810754
131.32,0.47884120404790753,-0.3970179066045928,0.4817337741956203,-0.3984499730232539,0.00322765801888861
131.36,0.4711363432706532,-0.3906433383613409,0.47402805365718625,-0.3920764441052732,0.0032273489171260987
131.38,0.46731885033686205,-0.38748495952386397,0.4702055113683609,-0.38891475614807347,0.0032213553509935866
131.42,0.4597620085865653,-0.3812328538942609,0.4626363526527096,-0.3826541797719893,0.0032065590687338297
131.46,0.4523168385481974,-0.37507313915516904,0.4551768092779078,-0.3764842680568912,0.0031891562131818128
131.48,0.4486506184369904,-0.37203991493874655,0.45150555666377584,-0.37344771429224544,0.003183170007786694
131.52,0.4413972709631326,-0.36603890339539186,0.4442374126994251,-0.3674361121961766,0.003165216819622505
131.56,0.43425128433106586,-0.36012671617118375,0.4370807158029606,-0.361516689812887,0.0031524132309673778
131.58,0.43072816570655514,-0.35721188607232324,0.43355489236380346,-0.35860042292458044,0.0031493520261911922
131.62,0.42376462845691765,-0.3514506472004415,0.42657669436073103,-0.3528286399291822,0.0031315457218204514
131.66,0.4169057122400111,-0.34577596588386184,0.419710471079928,-0.34714947307830035,0.0031230104327821624
131.68,0.41352556419290465,-0.342979421595581,0.4163253224612564,-0.3443495606610334,0.0031170382448540666
131.72,0.40683744066831884,-0.3374460445418727,0.4096234954947742,-0.33880636872157466,0.00310041664456523
131.76,0.4002486124420091,-0.33199481883046755,0.40302515180989285,-0.3333487695156216,0.003089069976422897
131.78,0.39700564249763154,-0.32931176798517464,0.39977455725722183,-0.3306601489921196,0.0030797760122721336
131.82,0.39058343179808713,-0.32399839223960764,0.39333915718391915,-0.32533732314307,0.003063781709973086
131.86,0.38425672229710367,-0.318764028811743,0.38700349432727943,-0.3200969915952936,0.003053120758844439
131.88,0.38114032287482624,-0.31618569529412993,0.3838821237568284,-0.3175152543650873,0.003047162516130845
131.92,0.37497469650954435,-0.3110846029883654,0.37770409445104514,-0.31240530413510265,0.0030321386251393385
131.96,0.36889966415304426,-0.306058463067616,0.3716206515659257,-0.3073735878978625,0.0030221392787544024
131.98,0.3659073225095264,-0.3035827679752441,0.36862335261654383,-0.304894472357809,0.003016187648251525
132.02,0.35998560291908627,-0.298683470410009,0.3626894113669713,-0.29998641139665627,0.0030013722424151114
132.06,0.3541498697411396,-0.2938553131638961,0.35684340896596844,-0.29515108611144425,0.002989010051386433
132.08,0.3512790206443536,-0.2914801341681345,0.35396527771372754,-0.292770536144937,0.002980119847337869
132.12,0.3482672956759644,-0.2880576409509421,0.3482672956759644,-0.2880576409509421,0.0
132.16,0.33998927735947315,-0.2821396358647726,0.3426540585203295,-0.2834148396504415,0.0029541840379771834
132.18,0.3372327018484132,-0.27985900040350553,0.33989037313190873,-0.2811289497510273,0.0029455030124560717
132.22,0.3317737261216766,-0.27534255107184924,0.3344205040614031,-0.27660473056552537,0.0029323251075689797
132.26,0.3263930909710852,-0.27089091632456,0.329030640476977,-0.2721466852406731,0.0029212365475438317
132.28,0.3263768359263694,-0.26995167959981886,0.3263768359263694,-0.26995167959981886,0.0
132.32,0.3185032067512769,-0.2643632700965652,0.32112662506366096,-0.2656091433513923,0.00290422516497008
132.36,0.31333656773472834,-0.2600886837087118,0.31595122081103955,-0.26132848088731225,0.002893701393290137
132.38,0.31079499199947286,-0.2579859269635992,0.31340290945429233,-0.25922073041211907,0.0028854762185172677
132.42,0.30576149120640755,-0.253821491649979,0.3083594242928329,-0.25504918041068375,0.0028734084315850963
132.46,0.30080034482013984,-0.24971691830105402,0.3033899490509719,-0.250938845237738,0.002863416754672142
132.48,0.29835990694341274,-0.24769783732891262,0.30094295158061196,-0.2489148931538599,0.0028554061845561863
132.52,0.29352753233865553,-0.24369980250583065,0.29610199910385815,-0.24491086128606424,0.002845090946580392
132.56,0.2887636979345419,-0.2397584739879007,0.2913302629284194,-0.2409640793657997,0.002835619896075023
132.58,0.2864203594766782,-0.2378197276109987,0.2889805339025429,-0.23902057962131174,0.0028278151710330202
132.62,0.28177822178307016,-0.2339790841032885,0.284328648591454,-0.2351729283336162,0.002816015083626115
132.66,0.2772057347928594,-0.23019606566822162,0.2797505200627355,-0.23138628250045534,0.002809367932028598
132.68,0.2749538123705747,-0.22833295177504342,0.27749420341389336,-0.22952004567818374,0.0028040646547193874
132.72,0.2704971224625308,-0.22464573732969195,0.2730287614833062,-0.22582660479447952,0.0027935003312880113
132.76,0.26610645746046424,-0.22101314817622852,0.2686327735427964,-0.22219061045465163,0.0027872370485768697
132.78,0.2639406063218026,-0.2192212448197634,0.2664659101762896,-0.22039836192188503,0.002786173761557987
132.82,0.2596619316132741,-0.2156813101333154,0.26217951061621725,-0.21685300994438567,0.0027768839520805073
132.86,0.25544240904561255,-0.21219031459964455,0.2579515415642636,-0.21335598680651402,0.002766683518225393
132.88,0.25336781042621287,-0.21047390844270497,0.25587101737310564,-0.21163515083384069,0.002759443587019455
132.92,0.24925679484274693,-0.2070726854819101,0.2517521147878949,-0.20822833837483443,0.002749937315208759
132.96,0.245201869100122,-0.20371786809917042,0.24768586780171195,-0.2048650782326309,0.0027361178044475547
132.98,0.24320827784329346,-0.20206848287561943,0.24568811588188905,-0.20321270457473992,0.0027310876943818113
133.02,0.2392616978316448,-0.19880330465391813,0.24173313298848642,-0.19994147280423344,0.0027209223570078076
133.06,0.23537140163545117,-0.19558469249395283,0.23783522244186595,-0.19671744651566964,0.0027117419935970954
133.08,0.23345565370218177,-0.1939997104559582,0.23591694903674487,-0.19513081085196743,0.002708756694462297
133.12,0.22966682642311145,-0.19086504796821546,0.2321207931729017,-0.1919909475447778,0.0026999264185491104
133.16,0.22593434079028693,-0.18777699938814954,0.22838410622244254,-0.18890027195941822,0.0026950124196279896
133.18,0.22409628621706798,-0.18625629646434105,0.22654208664699518,-0.18737670709957427,0.002690215555411088
133.22,0.2204572827391516,-0.1832455897588684,0.22289530901090876,-0.1843603969954346,0.0026808146665665777
133.26,0.2168717065154982,-0.18027908575714155,0.2193042684072599,-0.18139018791267486,0.0026743046493026917
133.28,0.21753547011601057,-0.1799271855881616,0.21753547011601057,-0.1799271855881616,0.0
133.32,0.21160959080793243,-0.17592550732780585,0.21403367700039702,-0.177030794579097,0.0026641797567664724
133.36,0.2081679972603983,-0.17307812649018245,0.21058826782927662,-0.17418103966308446,0.0026597231234734386
133.38,0.2064732254947196,-0.17167596769859775,0.20888978007048906,-0.17277619234299207,0.002655226974442086
133.42,0.20311777553571383,-0.16889985721869705,0.20552716172261373,-0.1699949150864168,0.00264656258782575
133.46,0.19981164977768975,-0.16616455480714468,0.20221605742272672,-0.16725624595094943,0.0026406373618832885
133.48,0.19818427794991952,-0.1648181589314931,0.2005850845632879,-0.16590724132088672,0.0026362801151775792
133.52,0.1949615760361286,-0.1621518767142784,0.1973561515228471,-0.1632365373933842,0.002628779289022087
133.56,0.1917882118377795,-0.15952641374651497,0.19417932906433114,-0.1606089349900837,0.002624746432303427
133.58,0.19022174455566748,-0.15823040686475282,0.19261268700311523,-0.15931313942734474,0.002624674377728467
133.62,0.187128380262825,-0.15567113131709268,0.18951283745017783,-0.15674920258752287,0.0026168442335082836
133.66,0.18407124783527415,-0.15314183197595532,0.18644343386999068,-0.1542104481153121,0.0026017699814929684
133.68,0.18256836102446977,-0.15189842799838724,0.18493960878433868,-0.1529666095121229,0.002600735989094231
133.72,0.18196252913053365,-0.15050421768661854,0.18196252913053365,-0.15050421768661854,0.0
133.76,0.17902408984703808,-0.14807378595048973,0.17902408984703808,-0.14807378595048973,0.0
133.78,0.17522521383386974,-0.14582312122277805,0.17758014337940758,-0.14687947394272846,0.002581002563616261
133.82,0.1723721207572183,-0.1434626325589803,0.1747215337160875,-0.14451507060596777,0.0025743673191775318
133.86,0.16956279550327513,-0.14113835492881233,0.17190923521274176,-0.14218897199560254,0.0025709094754955337
133.88,0.16817494802635796,-0.13999012802267033,0.17052123288442447,-0.14104093231086104,0.002570844664166268
133.92,0.16543525479445947,-0.13772346000924549,0.16777475785538468,-0.13876927738492056,0.002562617520298786
133.96,0.16507212824983333,-0.1365338877339598,0.16507212824983333,-0.1365338877339598,0.0
133.98,0.1614093244047853,-0.13439263174997215,0.16374074071970554,-0.13543267508526027,0.002552879192745609
134.02,0.15877964744548506,-0.13221698500971588,0.16110597731610518,-0.1332534186925543,0.002546763720069345
134.06,0.1561882568705985,-0.13007301426949183,0.15851085252405947,-0.13110694805108544,0.0025423354684612764
134.08,0.154910702681543,-0.12901603782335946,0.1572323852184881,-0.1300495065954763,0.0025413121621116227
134.12,0.15238503861054684,-0.12692644549392634,0.15470132543706386,-0.1279560251840338,0.0025348015703360377
134.16,0.14989669170765496,-0.1248677272894897,0.152209421740163,-0.12589493041774227,0.0025305861909756225
134.18,0.14866995617855755,-0.12385279534296453,0.15098177876475444,-0.12487952660630099,0.002529565329688588
134.22,0.14624518820398028,-0.12184667876613484,0.14855232069234336,-0.12287008164897473,0.0025239282437235534
134.26,0.14385383995636508,-0.11986821179081675,0.14615564547572002,-0.12088775193389797,0.002517492949798856
134.28,0.14267878579460885,-0.1188960380994428,0.1449768136200469,-0.1199127206069799,0.0025128818530960628
134.32,0.14034998598531223,-0.11696932018229506,0.14264303861039018,-0.11798241669355111,0.002506881505475693
134.36,0.1380556548167502,-0.11507111967888886,0.14034548795323598,-0.11608207454123218,0.002503071218851738
134.38,0.13692643532912105,-0.11413686701770162,0.13921353385937646,-0.11514581658651883,0.0024997597723607147
134.42,0.13468975995658797,-0.1122863676755516,0.13697253385945518,-0.11329224841823121,0.002494564643400788
134.46,0.1327129999124844,-0.11065090765031915,0.13492620202985076,-0.11159969351269527,0.002407998800863439
134.48,0.13214646101809446,-0.11018218524909604,0.1342825427231033,-0.11106731225244207,0.002312205627215236
134.52,0.13187050692726598,-0.10995387636269603,0.1338564540508554,-0.11071488726238604,0.0021267636368764694
134.56,0.13187050692726598,-0.10995387636269603,0.13385645387023895,-0.11071488711313927,0.002126763414814599
134.58,0.13187050692726598,-0.10995387636269603,0.13385645387058157,-0.110714887113492,0.0021267634152607453
134.62,0.13187050692726598,-0.10995387636269603,0.13385645387125283,-0.11071488711418076,0.0021267634161340225
134.66,0.13187050692726598,-0.10995387636269603,0.13385645387190598,-0.11071488711484788,0.002126763416982633
134.68,0.13187050692726598,-0.10995387636269603,0.13385645387222586,-0.11071488711517358,0.002126763417397879
134.72,0.13187050692726598,-0.10995387636269603,0.13385645387285267,-0.11071488711580967,0.0021267634182107905
134.76,0.13187050692726598,-0.10995387636269603,0.13385645387346254,-0.110714887116426,0.0021267634190008256
134.78,0.13187050692726598,-0.10995387636269603,0.1338564538737613,-0.11071488711672696,0.002126763419387494
134.82,0.13187050692726598,-0.10995387636269603,0.13385645387434675,-0.11071488711731488,0.0021267634201445514
134.86,0.13187050692726598,-0.10995387636269603,0.1338564538749165,-0.11071488711788467,0.002126763420880454
134.88,0.13187050692726598,-0.10995387636269603,0.1338564538751956,-0.11071488711816298,0.0021267634212406685
134.92,0.1338564538757426,-0.11071488711870675,0.1338564538757426,-0.11071488711870675,0.0
134.96,0.13187050692726598,-0.10995387636269603,0.13385645387627496,-0.11071488711923393,0.002126763422631774
134.98,0.13187050692726598,-0.10995387636269603,0.13385645387653577,-0.11071488711949146,0.002126763422967475
135.02,0.13187050692726598,-0.10995387636269603,0.13385645387704695,-0.11071488711999478,0.0021267634236249045
135.06,0.13187050692726598,-0.10995387636269603,0.1338564538775445,-0.11071488712048284,0.002126763424264151
135.08,0.13187050692726598,-0.10995387636269603,0.1338564538777883,-0.11071488712072132,0.002126763424577146
135.12,0.13187050692726598,-0.10995387636269603,0.13385645387826617,-0.1107148871211875,0.0021267634251901854
135.16,0.13187050692726598,-0.10995387636269603,0.13385645387873132,-0.11071488712163967,0.002126763425786339
135.18,0.13187050692726598,-0.10995387636269603,0.13385645387895925,-0.11071488712186066,0.0021267634260782524
135.22,0.13187050692726598,-0.10995387636269603,0.13385645387940606,-0.1107148871222927,0.0021267634266500736
135.26,0.13187050692726598,-0.10995387636269603,0.133856453879841,-0.1107148871227119,0.002126763427206204
135.28,0.13187050692726598,-0.10995387636269603,0.13385645388005415,-0.11071488712291681,0.0021267634274785784
135.32,0.13187050692726598,-0.10995387636269603,0.13385645388047201,-0.1107148871233175,0.00212676342801215
135.36,0.13187050692726598,-0.10995387636269603,0.13385645388087883,-0.11071488712370636,0.00212676342853117
135.38,0.13187050692726598,-0.10995387636269603,0.13385645388107817,-0.11071488712389647,0.0021267634287853387
135.42,0.13187050692726598,-0.10995387636269603,0.13385645388146902,-0.11071488712426827,0.0021267634292833535
135.46,0.13187050692726598,-0.10995387636269603,0.1338564538818496,-0.11071488712462921,0.00212676342976789
135.48,0.13187050692726598,-0.10995387636269603,0.13385645388203615,-0.1107148871248057,0.002126763430005239
135.52,0.13187050692726598,-0.10995387636269603,0.13385645388240183,-0.11071488712515096,0.0021267634304702465
135.56,0.13187050692726598,-0.10995387636269603,0.13385645388275794,-0.11071488712548616,0.002126763430922717
135.58,0.13187050692726598,-0.10995387636269603,0.13385645388293246,-0.1107148871256501,0.0021267634311443497
135.62,0.13187050692726598,-0.10995387636269603,0.1338564538832747,-0.11071488712597084,0.0021267634315786867
135.66,0.13187050692726598,-0.10995387636269603,0.13385645388360795,-0.11071488712628232,0.0021267634320013356
135.68,0.13187050692726598,-0.10995387636269603,0.1338564538837713,-0.11071488712643468,0.0021267634322083818
135.72,0.1338564538840916,-0.11071488712673282,0.1338564538840916,-0.11071488712673282,0.0
135.76,0.13187050692726598,-0.10995387636269603,0.13385645388440354,-0.1107148871270224,0.002126763433009067
135.78,0.13187050692726598,-0.10995387636269603,0.13385645388455644,-0.11071488712716408,0.0021267634332025444
135.82,0.13187050692726598,-0.10995387636269603,0.13385645388485629,-0.11071488712744136,0.002126763433581752
135.86,0.13187050692726598,-0.10995387636269603,0.13385645388514836,-0.11071488712771071,0.0021267634339508673
135.88,0.13187050692726598,-0.10995387636269603,0.13385645388529152,-0.11071488712784251,0.0021267634341317117
135.92,0.13187050692726598,-0.10995387636269603,0.13385645388557227,-0.11071488712810051,0.0021267634344861903
135.96,0.13187050692726598,-0.10995387636269603,0.13385645388584572,-0.1107148871283512,0.002126763434831236
135.98,0.13187050692726598,-0.10995387636269603,0.13385645388597978,-0.11071488712847388,0.002126763435000317
136.02,0.13187050692726598,-0.10995387636269603,0.13385645388624268,-0.11071488712871404,0.0021267634353317444
136.06,0.13187050692726598,-0.10995387636269603,0.13385645388649875,-0.11071488712894745,0.0021267634356543826
136.08,0.13187050692726598,-0.10995387636269603,0.1338564538866243,-0.11071488712906168,0.0021267634358124827
136.12,0.13187050692726598,-0.10995387636269603,0.1338564538868705,-0.11071488712928534,0.002126763436122434
136.16,0.13385645388711034,-0.11071488712950277,0.13385645388711034,-0.11071488712950277,0.0
136.18,0.13187050692726598,-0.10995387636269603,0.13385645388722792,-0.1107148871296092,0.0021267634365720605
136.22,0.13187050692726598,-0.10995387636269603,0.13385645388745857,-0.1107148871298176,0.0021267634368620095
136.26,0.13187050692726598,-0.10995387636269603,0.13385645388768322,-0.11071488713002019,0.00212676343714428
136.28,0.13187050692726598,-0.10995387636269603,0.13385645388779335,-0.11071488713011937,0.0021267634372826123
136.32,0.13187050692726598,-0.10995387636269603,0.13385645388800937,-0.11071488713031362,0.0021267634375538376
136.36,0.13187050692726598,-0.10995387636269603,0.13385645388821985,-0.1107148871305025,0.0021267634378179575
136.38,0.13385645388832304,-0.11071488713059496,0.13385645388832304,-0.11071488713059496,0.0
136.42,0.13187050692726598,-0.10995387636269603,0.13385645388852546,-0.1107148871307761,0.0021267634382012403
136.46,0.13187050692726598,-0.10995387636269603,0.1338564538887227,-0.11071488713095223,0.002126763438448439
136.48,0.13187050692726598,-0.10995387636269603,0.1338564538888194,-0.11071488713103848,0.002126763438569599
136.52,0.13187050692726598,-0.10995387636269603,0.13385645388900907,-0.11071488713120743,0.0021267634388071753
136.56,0.13187050692726598,-0.10995387636269603,0.13385645388919384,-0.11071488713137177,0.002126763439038516
136.58,0.13187050692726598,-0.10995387636269603,0.13385645388928447,-0.11071488713145225,0.0021267634391519343
136.62,0.13187050692726598,-0.10995387636269603,0.1338564538894622,-0.1107148871316099,0.002126763439374324
136.66,0.13187050692726598,-0.10995387636269603,0.1338564538896354,-0.11071488713176325,0.002126763439590924
136.68,0.13187050692726598,-0.10995387636269603,0.13385645388972034,-0.11071488713183837,0.0021267634396971123
136.72,0.13187050692726598,-0.10995387636269603,0.1338564538898869,-0.11071488713198552,0.0021267634399052982
136.76,0.13187050692726598,-0.10995387636269603,0.13385645389004924,-0.11071488713212868,0.002126763440108119
136.78,0.13187050692726598,-0.10995387636269603,0.13385645389012885,-0.1107148871321988,0.0021267634402075434
136.82,0.13187050692726598,-0.10995387636269603,0.13385645389028494,-0.11071488713233621,0.002126763440402472
136.86,0.13187050692726598,-0.10995387636269603,0.1338564538904371,-0.11071488713246991,0.0021267634405923944
136.88,0.13187050692726598,-0.10995387636269603,0.1338564538905117,-0.11071488713253541,0.0021267634406855005
136.92,0.13187050692726598,-0.10995387636269603,0.13385645389065806,-0.11071488713266374,0.002126763440868084
136.96,0.13187050692726598,-0.10995387636269603,0.1338564538908007,-0.11071488713278863,0.0021267634410459635
137.0,0.13187050692726598,-0.10995387636269603,0.13385645389093967,-0.11071488713291018,0.00212676344121923
137.02,0.13187050692726598,-0.10995387636269603,0.13385645389100784,-0.11071488713296973,0.0021267634413041922
137.06,0.13187050692726598,-0.10995387636269603,0.13385645389114156,-0.11071488713308643,0.002126763441470822
137.08,0.13187050692726598,-0.10995387636269603,0.13385645389120712,-0.11071488713314359,0.0021267634415524945
137.12,0.13187050692726598,-0.10995387636269603,0.13385645389133574,-0.11071488713325564,0.002126763441712692
137.16,0.13187050692726598,-0.10995387636269603,0.13385645389146109,-0.11071488713336473,0.002126763441868773
137.18,0.13187050692726598,-0.10995387636269603,0.13385645389152254,-0.11071488713341818,0.0021267634419452784
137.22,0.13187050692726598,-0.10995387636269603,0.13385645389164313,-0.11071488713352291,0.0021267634420953684
137.26,0.13187050692726598,-0.10995387636269603,0.13385645389176068,-0.11071488713362487,0.0021267634422416147
137.28,0.13187050692726598,-0.10995387636269603,0.13385645389181833,-0.11071488713367483,0.002126763442313323
137.32,0.13187050692726598,-0.10995387636269603,0.13385645389193143,-0.11071488713377278,0.002126763442453987
137.36,0.13187050692726598,-0.10995387636269603,0.1338564538920417,-0.11071488713386812,0.002126763442591074
137.38,0.13187050692726598,-0.10995387636269603,0.13385645389209574,-0.11071488713391485,0.002126763442658256
137.42,0.13187050692726598,-0.10995387636269603,0.1338564538922018,-0.11071488713400644,0.0021267634427900623
137.46,0.13187050692726598,-0.10995387636269603,0.13385645389230513,-0.11071488713409562,0.0021267634429184648
137.48,0.13187050692726598,-0.10995387636269603,0.13385645389235584,-0.11071488713413931,0.002126763442981449
137.52,0.13187050692726598,-0.10995387636269603,0.1338564538924553,-0.11071488713422499,0.002126763443104972
137.56,0.13187050692726598,-0.10995387636269603,0.13385645389255224,-0.11071488713430841,0.002126763443225352
137.58,0.13187050692726598,-0.10995387636269603,0.13385645389259979,-0.1107148871343493,0.0021267634432843787
137.62,0.13187050692726598,-0.10995387636269603,0.13385645389269304,-0.11071488713442945,0.0021267634434001454
137.66,0.13187050692726598,-0.10995387636269603,0.13385645389278397,-0.11071488713450751,0.002126763443512985
137.68,0.13187050692726598,-0.10995387636269603,0.13385645389282858,-0.11071488713454578,0.0021267634435683256
137.72,0.13187050692726598,-0.10995387636269603,0.13385645389291603,-0.11071488713462077,0.002126763443676828
137.76,0.13187050692726598,-0.10995387636269603,0.1338564538930013,-0.1107148871346938,0.002126763443782578
137.78,0.13187050692726598,-0.10995387636269603,0.13385645389304313,-0.1107148871347296,0.002126763443834448
137.82,0.13187050692726598,-0.10995387636269603,0.1338564538931252,-0.1107148871347998,0.002126763443936204
137.86,0.13187050692726598,-0.10995387636269603,0.1338564538932052,-0.11071488713486817,0.002126763444035366
137.88,0.13187050692726598,-0.10995387636269603,0.13385645389324444,-0.1107148871349017,0.002126763444084011
137.92,0.13187050692726598,-0.10995387636269603,0.1338564538933214,-0.11071488713496741,0.0021267634441793945
137.96,0.13187050692726598,-0.10995387636269603,0.13385645389339645,-0.11071488713503141,0.0021267634442723787
137.98,0.13187050692726598,-0.10995387636269603,0.13385645389343323,-0.11071488713506279,0.0021267634443179477
138.02,0.13187050692726598,-0.10995387636269603,0.13385645389350542,-0.11071488713512433,0.0021267634444073783
138.06,0.13187050692726598,-0.10995387636269603,0.13385645389357578,-0.11071488713518426,0.002126763444494528
138.08,0.13187050692726598,-0.10995387636269603,0.1338564538936103,-0.11071488713521364,0.0021267634445372822
138.12,0.13187050692726598,-0.10995387636269603,0.133856453893678,-0.11071488713527126,0.002126763444621114
138.16,0.13187050692726598,-0.10995387636269603,0.13385645389374404,-0.11071488713532739,0.0021267634447028542
138.18,0.13187050692726598,-0.10995387636269603,0.13385645389377643,-0.11071488713535489,0.0021267634447429424
138.22,0.13187050692726598,-0.10995387636269603,0.13385645389383996,-0.11071488713540886,0.0021267634448215804
138.26,0.13187050692726598,-0.10995387636269603,0.13385645389390188,-0.11071488713546143,0.002126763444898214
138.28,0.13187050692726598,-0.10995387636269603,0.13385645389393228,-0.1107148871354872,0.0021267634449358155
138.32,0.13187050692726598,-0.10995387636269603,0.1338564538939919,-0.11071488713553775,0.0021267634450095724
138.36,0.13187050692726598,-0.10995387636269603,0.13385645389405001,-0.11071488713558698,0.0021267634450814633
138.38,0.13187050692726598,-0.10995387636269603,0.13385645389407852,-0.11071488713561112,0.0021267634451167163
138.42,0.13187050692726598,-0.10995387636269603,0.13385645389413448,-0.11071488713565847,0.00212676344518591
138.46,0.13187050692726598,-0.10995387636269603,0.13385645389418901,-0.11071488713570461,0.00212676344525335
138.48,0.13187050692726598,-0.10995387636269603,0.13385645389421577,-0.11071488713572722,0.0021267634452864243
138.52,0.13187050692726598,-0.10995387636269603,0.13385645389426823,-0.11071488713577156,0.002126763445351275
138.56,0.13187050692726598,-0.10995387636269603,0.1338564538943194,-0.1107148871358148,0.0021267634454145406
138.58,0.13187050692726598,-0.10995387636269603,0.1338564538943445,-0.110714887135836,0.0021267634454455535
138.62,0.13187050692726598,-0.10995387636269603,0.1338564538943937,-0.11071488713587756,0.002126763445506378
138.66,0.13187050692726598,-0.10995387636269603,0.1338564538944417,-0.11071488713591807,0.0021267634455656853
138.68,0.13187050692726598,-0.10995387636269603,0.13385645389446527,-0.11071488713593793,0.0021267634455947957
138.72,0.13187050692726598,-0.10995387636269603,0.13385645389451148,-0.1107148871359769,0.0021267634456518933
138.76,0.13187050692726598,-0.10995387636269603,0.1338564538945565,-0.11071488713601485,0.0021267634457075133
138.78,0.13187050692726598,-0.10995387636269603,0.1338564538945786,-0.11071488713603346,0.002126763445734803
138.82,0.13187050692726598,-0.10995387636269603,0.13385645389462195,-0.11071488713606996,0.002126763445788347
138.86,0.13187050692726598,-0.10995387636269603,0.1338564538946642,-0.11071488713610553,0.0021267634458405214
138.88,0.13187050692726598,-0.10995387636269603,0.13385645389468492,-0.11071488713612297,0.002126763445866124
138.92,0.13187050692726598,-0.10995387636269603,0.1338564538947256,-0.11071488713615718,0.00212676344591636
138.96,0.13187050692726598,-0.10995387636269603,0.13385645389476528,-0.11071488713619053,0.0021267634459653296
138.98,0.13187050692726598,-0.10995387636269603,0.13385645389478473,-0.11071488713620688,0.0021267634459893477
139.02,0.13187050692726598,-0.10995387636269603,0.13385645389482292,-0.11071488713623898,0.0021267634460364966
139.06,0.13187050692726598,-0.10995387636269603,0.13385645389486012,-0.11071488713627024,0.0021267634460824148
139.08,0.13187050692726598,-0.10995387636269603,0.13385645389487838,-0.11071488713628558,0.0021267634461049558
139.12,0.13187050692726598,-0.10995387636269603,0.13385645389491418,-0.11071488713631567,0.0021267634461491556
139.16,0.13187050692726598,-0.10995387636269603,0.1338564538949491,-0.11071488713634496,0.002126763446192243
139.18,0.13187050692726598,-0.10995387636269603,0.13385645389496623,-0.11071488713635934,0.002126763446213379
139.22,0.13201689928177693,-0.11007499315910053,0.13396818706333424,-0.11080730348806321,0.002084179076845435
139.26,0.133234267284568,-0.11108217494148258,0.13503157657466938,-0.11168685054233668,0.001896299888349153
139.28,0.13430524293287832,-0.111968239927485,0.13602561452060402,-0.11250903576976805,0.0018033686652718778
139.32,0.1373717775233079,-0.1145053180890958,0.1389383768777772,-0.11491822969533434,0.0016201017042118346
139.36,0.14163641796570936,-0.118033641613411,0.1430493787114958,-0.11831850731205536,0.0014413904867861254
139.38,0.1439478762007649,-0.11994601208786682,0.14536109463634242,-0.12023056579161488,0.001441581477743417
139.42,0.14857079267061607,-0.12377075303656326,0.14998452696366227,-0.12405468314578635,0.001441964270798091
139.46,0.1531937091402085,-0.12759549398504555,0.1546079592906964,-0.12787880049972083,0.0014423474163364808
139.48,0.15550516737493286,-0.12950786445922713,0.15691967545412885,-0.1297908591766179,0.0014425391211963072
139.52,0.16012808384428712,-0.1333326054075126,0.16154310778087388,-0.13361497653031287,0.0014429227949218212
139.56,0.16475100031355652,-0.13715734635572757,0.16616654010751863,-0.13743909388392433,0.0014433068204423075
139.58,0.1670624585481728,-0.13906971682981972,0.16847825627081084,-0.139351152560705,0.0014434989650311334
139.62,0.1716853750173587,-0.14289445777796533,0.17310168859734495,-0.14317526991422408,0.0014438835177131447
139.66,0.17630829148651866,-0.14671919872608954,0.17772512092383339,-0.14699938726770448,0.0014442684214832958
139.68,0.1786197497210816,-0.1486315692001376,0.18003683708705395,-0.14891144594442507,0.0014444610049396981
139.72,0.18324266619020615,-0.15245631014823255,0.18466026941348207,-0.15273556329785576,0.0014448464348216202
139.76,0.18786558265933212,-0.15628105109632864,0.18928370173989129,-0.15655968065127038,0.001445232215089673
139.78,0.1901770408938896,-0.15819342157037214,0.19159541790308907,-0.15847173932797196,0.0014454252365380341
139.82,0.19479995736298675,-0.16201816251844434,0.19621885022946015,-0.1622958566813548,0.001445811541883532
139.86,0.19942287383207427,-0.16584290346650857,0.20084228255580763,-0.16611997403471795,0.0014461981969212394
139.88,0.20173433206660843,-0.16775527394053272,0.20315399871896464,-0.16803203271138553,0.0014463916554848658
139.92,0.20635724853569046,-0.1715800148885924,0.20777743104526586,-0.17185615006470997,0.0014467788345125078
139.96,0.21098016500476563,-0.1754047558366464,0.21240086337155673,-0.17568026741802564,0.0014471663625433618
139.98,0.21329162323930528,-0.1773171263106751,0.2147125795347001,-0.17759232609468167,0.0014473602573441915
140.02,0.21791453970838184,-0.18114186725873022,0.21933601186097737,-0.18141644344798583,0.0014477483083432327
140.06,0.22253745617745016,-0.18496660820677852,0.22395944418723412,-0.18524056080127288,0.0014481367076348674
140.08,0.22484891441198432,-0.18687897868080267,0.2262711603503566,-0.18715261947791145,0.0014483310378013703
140.12,0.22947183088105264,-0.19070371962885097,0.23089459267659274,-0.19097673683118113,0.0014487199590040452
140.16,0.2340947473501237,-0.19452846057690154,0.23551802500282282,-0.19480085418444565,0.0014491092278029298
140.18,0.23640620558465786,-0.1964408310509257,0.23782974116593086,-0.1967129128610721,0.0014493039924608005
140.22,0.24102912205372617,-0.200265571998974,0.24245317349213868,-0.20053703021431804,0.0014496937821217681
140.26,0.2456520385227945,-0.2040903129470223,0.2470766058183357,-0.20436114756755486,0.0014500839186766536
140.28,0.24796349675732865,-0.20600268342104644,0.2493883219814302,-0.20627320624416992,0.0014502791169518931
140.32,0.2525864132264023,-0.2098274243690993,0.2540117543076114,-0.2100973235973935,0.0014506697733172047
140.36,0.2572093296954704,-0.2136521653171476,0.2586351866337825,-0.21392144095060858,0.0014510607758838247
140.38,0.25952078793000305,-0.21556453579117074,0.2609469027968602,-0.21583349962720957,0.0014512564068998226
140.42,0.26414370439908064,-0.2193892767392272,0.26557033512302897,-0.21965761698042238,0.0014516479282381193
140.46,0.268766620868146,-0.22321401768727347,0.2701937674491734,-0.2234817343336143,0.0014520397950697228
140.48,0.27107807910268417,-0.22512638816130112,0.2725054836122477,-0.22539379301021176,0.001452235857959444
140.52,0.2757009955717454,-0.22895112910934376,0.27712891593838274,-0.22921791036339503,0.0014526282425214438
140.56,0.280323912040823,-0.23277587005740003,0.28175234826451045,-0.23304202771657168,0.001453020971864533
140.58,0.2826353702753598,-0.2346882405314265,0.2840640644275724,-0.2349540863931583,0.0014532174657519456
140.62,0.2872582867444279,-0.2385129814794748,0.2886874967536842,-0.23877820374632192,0.0014536107117760256
140.66,0.29188120321350414,-0.24233772242753002,0.2933109290798026,-0.24260232109949098,0.0014540043019078096
140.68,0.2941926614480382,-0.24425009290155417,0.29562264524285,-0.2445143797760654,0.0014542012259186365
140.72,0.29881557791710767,-0.24807483384960377,0.30024607756894434,-0.24833849712921355,0.0014545953316711204
140.76,0.30112703615163894,-0.24998720432362564,0.3048695098950309,-0.25216261448235494,0.004328801113320064
140.78,0.30574995262071253,-0.25381194527167866,0.3071812260580728,-0.2540746731589242,0.0014551871340929233
140.82,0.31037286908977785,-0.25763668621972496,0.3118046583841424,-0.25789879051205145,0.0014555820978264674
140.86,0.31499578555885144,-0.261461427167778,0.31642809071021266,-0.26172290786517954,0.0014559774042647454
140.88,0.3173072437933827,-0.2633737976418,0.3187398068732408,-0.2636349665417381,0.0014561751859125517
140.92,0.32193016026245624,-0.2671985385898531,0.323363239199296,-0.267459083894854,0.0014565710058805114
140.96,0.3265530767315216,-0.27102327953789934,0.3279866715253445,-0.2712832012479639,0.0014569671678658195
140.98,0.33029838768836417,-0.27319525992451493,0.33029838768836417,-0.27319525992451493,0.0
141.02,0.33348745143512787,-0.2767603909599755,0.3349218200144042,-0.27701937727761716,0.0014575620514889686
141.06,0.33811036790419735,-0.2805851319080252,0.33954525234044036,-0.28084349463071645,0.0014579590672748194
141.08,0.3404218261387341,-0.28249750238205174,0.341856968503456,-0.28275555330726415,0.001458157703070024
141.12,0.3464804008294767,-0.2865796706603515,0.3464804008294767,-0.2865796706603515,0.0
141.16,0.34966765907687575,-0.29014698427815333,0.35110383315549676,-0.29040378801343825,0.0014589530981355071
141.18,0.3519791173114139,-0.292059354752181,0.35341554931850194,-0.2923158466899773,0.0014591521596946223
141.22,0.3566020337804806,-0.2958840957002284,0.3580389816445052,-0.2961399640430495,0.0014595505379338062
141.26,0.36266241397050153,-0.2999640813961156,0.36266241397050153,-0.2999640813961156,0.0
141.28,0.3649741301334982,-0.30187614007264746,0.3649741301334982,-0.30187614007264746,0.0
141.32,0.36815932495314946,-0.3054459480703486,0.3695975624594982,-0.3057002574257171,0.0014605479700770605
141.36,0.3727822414222216,-0.30927068901840055,0.37422099478549786,-0.3095243747787873,0.0014609475368272979
141.38,0.37509369965675565,-0.3111830594924248,0.3765327109484888,-0.3114364334553152,0.0014611474473187915
141.42,0.37971661612582375,-0.31500780044047333,0.38115614327446684,-0.31526055080836773,0.0014615475223718432
141.46,0.38433953259489595,-0.3188325413885253,0.38577957560044107,-0.3190846681614172,0.0014619479359499442
141.48,0.38665099082943,-0.32074491186254955,0.38809129176342705,-0.3209967268379409,0.0014621482696033673
141.52,0.3912739072985063,-0.3245696528106049,0.3927147240894007,-0.3248208441909901,0.001462549190455867
141.56,0.395896823767584,-0.3283943937586613,0.3973381564153694,-0.32864496154403555,0.0014629504491401684
141.58,0.3982082820021222,-0.3303067642326889,0.39964987257835194,-0.33055702022055694,0.0014631512050837928
141.62,0.40283119847119725,-0.334131505180743,0.40427330490431235,-0.33438113757359555,0.0014635529699991146
141.66,0.4074541149402736,-0.33795624612879827,0.4088967372302698,-0.3382052549266315,0.0014639550720538625
141.68,0.4097655731748159,-0.3398686166028294,0.4112084533932469,-0.34011731360314806,0.001464156249417075
141.72,0.4143884896438922,-0.3436933575508848,0.4158318857191975,-0.343941430956179,0.0014645588566599207
141.76,0.41901140611296717,-0.347518098498939,0.42045531804514513,-0.3477655483092078,0.0014649618003511134
141.78,0.4213228643475053,-0.34943046897296665,0.42276703420811806,-0.34967760698572153,0.0014651633982770197
141.82,0.42594578081658163,-0.35325520992102194,0.4273904665340568,-0.35350172433874305,0.0014655668461114925
141.86,0.43056869728566066,-0.3570799508690796,0.432013898859997,-0.35732584169176596,0.001465970629700904
141.88,0.4328801555201947,-0.3589923213431039,0.4343256150229648,-0.3592379003682759,0.0014661726473211762
141.92,0.4375030719892738,-0.36281706229116156,0.43894904734889756,-0.3630620177212934,0.0014665769340168051
141.96,0.44212598845835155,-0.36664180323921813,0.44357247967482655,-0.36688613507430784,0.0014669815557728139
141.98,0.444437446692887,-0.3685541737132435,0.4458841958377855,-0.3687981937508107,0.0014671839922105376
142.02,0.4490603631619592,-0.37237891466129547,0.45050762816369927,-0.3726223111038131,0.0014675891160307666
142.06,0.453683279631034,-0.37620365560934993,0.4551310604896163,-0.37644642845681847,0.0014679945742220443
142.08,0.45590238891460994,-0.37803939904142536,0.45736186642727356,-0.3782915649476414,0.0014811017028646392
142.12,0.4594350381143303,-0.38095432198304663,0.4610458395240989,-0.3813373389877514,0.0016557122961449366
142.16,0.4617416160643872,-0.3828411373425922,0.46350200950896087,-0.38335714750218897,0.001834462200347857
142.18,0.4624335505325902,-0.3834008922377409,0.46426972018094326,-0.38398223114525953,0.0019259994555886823
142.22,0.46289807088533585,-0.3837727043902388,0.46489069081360695,-0.3844786884123306,0.00211398855673158
142.26,0.462898070885347,-0.38377270439024763,0.46489823255486734,-0.3844852666837473,0.002123297371150781
142.28,0.46289807088534984,-0.38377270439024974,0.4648979476851494,-0.3844856229278018,0.002123148618340683
142.32,0.4628980708853599,-0.3837727043902571,0.4648971968812238,-0.38448657396890434,0.0021227610611316374
142.36,0.4628980708853498,-0.38377270439024996,0.4648961816760574,-0.3844878853103447,0.0021222465644711902
142.38,0.4628980708853335,-0.383772704390239,0.4648955680609883,-0.38448869114078743,0.002121940619741697
142.42,0.4628980708852725,-0.38377270439019906,0.4648941222722253,-0.384490626935022,0.00212123405585552
142.46,0.46289807088520946,-0.3837727043901595,0.46489240716384483,-0.38449298405113436,0.0021204197655877695
142.48,0.4628980708851772,-0.38377270439014044,0.4648914593273875,-0.3844943124836204,0.002119980123046785
142.52,0.4628980708851573,-0.3837727043901289,0.4648894032335454,-0.38449725336074175,0.0021190506677644717
142.56,0.4628980708851573,-0.38377270439012884,0.46488715847558953,-0.38450055259872534,0.0021180728167767868
142.58,0.4628980708851557,-0.383772704390128,0.4648859743081217,-0.38450232919055394,0.0021175722817501023
142.62,0.46289807088515733,-0.38377270439012884,0.46488349919865796,-0.3845061219716714,0.002116560166157736
142.66,0.46289807088515733,-0.38377270439012884,0.4648809027069695,-0.38451021570711136,0.0021155483866525833
142.68,0.4628980708851557,-0.3837727043901281,0.4648795663752562,-0.38451236868790584,0.0021150479074232504
142.72,0.4628980708851574,-0.3837727043901288,0.46487683143100106,-0.3845168738346254,0.002114067515456864
142.76,0.4628980708851574,-0.3837727043901288,0.4648740307321479,-0.38452162775834786,0.0021131264818707255
142.78,0.4628980708851557,-0.38377270439012817,0.46487261182787193,-0.384524091894644,0.0021126748723845575
142.82,0.4628980708851574,-0.3837727043901287,0.4648697482701792,-0.38452918270351744,0.0021118170255099798
142.86,0.4628980708851574,-0.3837727043901287,0.4648668644568575,-0.3845344750262184,0.002111028808419276
142.88,0.46289807088515567,-0.3837727043901282,0.4648654199044024,-0.3845371912276154,0.002110663944881378
142.92,0.4628980708851574,-0.3837727043901287,0.4648625346760973,-0.3845427530501317,0.0021099983233847154
142.96,0.4628980708851574,-0.3837727043901287,0.46485966591519956,-0.38454847373259826,0.00210942483502062
142.98,0.46289807088515567,-0.38377270439012834,0.4648582416632479,-0.3845513886707023,0.002109174883242203
143.02,0.4628980708851574,-0.3837727043901287,0.4648554206915718,-0.384557318158848,0.0021087524820932683
143.06,0.4628980708851574,-0.38377270439012867,0.46485264533271076,-0.3845633681677655,0.002108437924221502
143.08,0.46289807088515567,-0.3837727043901284,0.46485127785274244,-0.3845664339079424,0.0021083225573139256
143.12,0.4648485889389408,-0.3845726382854222,0.4648485889389408,-0.3845726382854222,0.0
143.16,0.46289807088515744,-0.38377270439012867,0.4648459682661062,-0.3845789288749033,0.0021081513528580236
143.18,0.46289807088515567,-0.38377270439012845,0.46484468587841554,-0.3845821025209188,0.0021081829299448955
143.22,0.46289807088515744,-0.3837727043901286,0.46484218125382787,-0.3845884988802069,0.0021083372063344045
143.26,0.46289807088515744,-0.38377270439012856,0.46483976191826276,-0.38459495089923346,0.0021086140921887037
143.28,0.46289807088515567,-0.38377270439012845,0.46483858596390026,-0.3845981942508805,0.0021087987768015166
143.32,0.46289807088515744,-0.3837727043901285,0.4648363045481363,-0.3846047088763088,0.0021092608177578657
143.36,0.46289807088515744,-0.38377270439012845,0.4648341207164488,-0.38461125210229113,0.0021098462538338175
143.38,0.46289807088515567,-0.38377270439012845,0.46483306659152995,-0.38461453132610607,0.0021101850567721288
143.42,0.46289807088515744,-0.38377270439012845,0.4648310359845294,-0.3846210990431882,0.0021109541830012404
143.46,0.4648291112324414,-0.384627671541834,0.4648291112324414,-0.384627671541834,0.0
143.48,0.46289807088515567,-0.38377270439012856,0.4648281892995206,-0.3846309568549937,0.0021123338720281954
143.52,0.46289807088515744,-0.38377270439012845,0.4648264275359272,-0.38463752040615784,0.0021134015506166404
143.56,0.46289807088515744,-0.3837727043901284,0.46482477651485343,-0.3846440679178069,0.0021145848247045066
143.58,0.46289807088515567,-0.3837727043901286,0.46482399290451204,-0.3846473332852762,0.00211521897894021
143.62,0.46289807088515744,-0.38377270439012834,0.4648225099958,-0.38465384273213005,0.0021165704968926055
143.66,0.46289807088515744,-0.38377270439012834,0.46482113989659113,-0.38466031808465245,0.002118030333456838
143.68,0.4628980708851557,-0.38377270439012867,0.46482049721101065,-0.3846635409296234,0.002118799829724139
143.72,0.46289807088515744,-0.3837727043901283,0.46481929649813986,-0.3846699530818127,0.002120415777791942
143.76,0.46289807088515744,-0.3837727043901283,0.4648182083337868,-0.3846763156301067,0.002122131262350212
143.78,0.4628980708851557,-0.38377270439012867,0.4648177062628501,-0.38467947655773505,0.0021230251405109425
143.82,0.46289807088515744,-0.38377270439012817,0.4648167855998549,-0.38468575442838565,0.002124882709412104
143.86,0.46289807088515744,-0.38377270439012817,0.46481597532668234,-0.3846919695204325,0.0021268299947608317
143.88,0.4628980708851558,-0.38377270439012867,0.46481561118605175,-0.384695052054839,0.002127835994656734
143.92,0.46289807088515744,-0.3837727043901281,0.46481496397285277,-0.3847011643424929,0.002129910090308826
143.96,0.46289807088515744,-0.38377270439012806,0.46481442346771235,-0.3847072028118471,0.0021320634420345587
143.98,0.4628980708851558,-0.3837727043901287,0.46481419266735785,-0.3847101931463106,0.002133168500657344
144.02,0.46289807088515744,-0.38377270439012806,0.4648138087482012,-0.38471611374318515,0.0021354326885516975
144.06,0.4628980708851574,-0.38377270439012806,0.4648135266573701,-0.3847219514276967,0.002137765364495317
144.08,0.4628980708851558,-0.3837727043901288,0.46481342310814877,-0.38472483818792497,0.0021389560320469398
144.12,0.4628980708851461,-0.3837727043901333,0.46481328913544334,-0.3847305448121628,0.0021413825488093502
144.16,0.46289807088513646,-0.38377270439013794,0.4648132433798605,-0.3847361450857798,0.0021438525272430586
144.18,0.46289807088513485,-0.3837727043901388,0.46481324889743925,-0.38473889726039207,0.0021450956811626173
144.22,0.4628980708851317,-0.38377270439014044,0.4648133072276791,-0.38474429135957594,0.0021475827078348544
144.26,0.46289807088513013,-0.3837727043901413,0.4648134160231783,-0.3847495215875101,0.0021500508912396274
144.28,0.4628980708851317,-0.38377270439014044,0.4648134847007833,-0.3847520695786629,0.002151270847122425
144.32,0.4628980708851317,-0.3837727043901404,0.4648136416247731,-0.38475702136504225,0.0021536692331113436
144.36,0.4628980708851317,-0.3837727043901404,0.46481381319877774,-0.3847617692809923,0.0021559958187830214
144.38,0.4628980708851317,-0.3837727043901404,0.46481390040064235,-0.3847640629134086,0.00215712643443966
144.42,0.4628980708851317,-0.3837727043901404,0.46481407004194397,-0.38476848277993314,0.0021593117816757377
144.46,0.4628980708851317,-0.3837727043901404,0.4648142240552496,-0.3847726716240192,0.002161383223813878
144.48,0.4628980708851317,-0.3837727043901404,0.4648142920153129,-0.3847746768121369,0.002162371881567657
144.52,0.46289807088513013,-0.3837727043901412,0.46481440419626796,-0.38477850420756293,0.002164247359268814
144.56,0.462898070885127,-0.3837727043901429,0.464814478217392,-0.38478208240692924,0.00216597808020548
144.58,0.462898070885127,-0.3837727043901429,0.46481449881782694,-0.3847837763250277,0.0021667862097457117
144.62,0.4628980708851206,-0.383772704390146,0.4648145038147033,-0.3847869707951498,0.002168283079744962
144.66,0.4628980708851093,-0.3837727043901514,0.4648144571441602,-0.38478990397919727,0.0021696154723439298
144.68,0.4628980708851045,-0.38377270439015354,0.4648144135251428,-0.3847912714447382,0.002170218412675151
144.72,0.4628980708851028,-0.38377270439015426,0.46481428503668837,-0.38479380678539143,0.0021712961051629544
144.76,0.4628980708851028,-0.38377270439015426,0.46481410572350973,-0.3847960842982478,0.0021722099203987004
144.78,0.4628980708851045,-0.38377270439015365,0.4648139992333916,-0.3847971310008936,0.002172609333626815
144.82,0.4628980708851028,-0.38377270439015426,0.46481375675538045,-0.38479904919157387,0.002173300716647931
144.86,0.4628980708851028,-0.38377270439015426,0.46481348014838436,-0.38480074514479645,0.0021738584220390303
144.88,0.46289807088510454,-0.38377270439015376,0.46481333088717364,-0.3848015139029642,0.002174090588999212
144.92,0.4628980708851028,-0.38377270439015426,0.4648130138856839,-0.38480290089059305,0.0021744681016264275
144.96,0.4628980708851028,-0.38377270439015426,0.4648126765171161,-0.38480409729012066,0.0021747381544080435
144.98,0.46289807088510454,-0.3837727043901539,0.46481250170188865,-0.3848046276803663,0.0021748358625734146
145.02,0.4628980708851028,-0.38377270439015426,0.4648121426109765,-0.38480555986433995,0.0021749622990627454
145.06,0.4628980708851028,-0.3837727043901542,0.46481177437328436,-0.38480632956523764,0.0021750039179836995
145.08,0.4628980708851046,-0.3837727043901539,0.46481158804240713,-0.38480665673219855,0.002174995484342633
145.12,0.4628980708851028,-0.3837727043901542,0.46481121320976776,-0.3848072019250785,0.002174924988175182
145.16,0.4628980708851028,-0.3837727043901542,0.46481083825594194,-0.38480760955206783,0.0021747891183060163
145.18,0.4628980708851046,-0.383772704390154,0.46481065170288766,-0.3848077646542423,0.0021746988607267773
145.22,0.4628980708851028,-0.3837727043901542,0.4648102822259991,-0.38480798294544255,0.002174477845206149
145.26,0.4628980708851028,-0.3837727043901542,0.4648099197653092,-0.38480808572083075,0.0021742080490744216
145.28,0.46480974192194,-0.3848080963316395,0.46480974192194,-0.3848080963316395,0.0
145.32,0.4628980708851028,-0.3837727043901542,0.46480939438655744,-0.38480804086471265,0.00217372471641739
145.36,0.4628980708851028,-0.3837727043901542,0.4648090593870161,-0.3848078893537986,0.00217335799246242
145.38,0.4628980708851046,-0.3837727043901542,0.46480889716181295,-0.3848077798227789,0.002173163180937489
145.42,0.4628980708851028,-0.3837727043901542,0.4648085842933958,-0.38480749749564175,0.0021727536110732215
145.46,0.4628980708851028,-0.3837727043901542,0.46480828810106223,-0.3848071362784796,0.002172321141942922
145.48,0.4628980708851046,-0.3837727043901543,0.4648081466771826,-0.3848069280568873,0.0021720976323160875
145.52,0.4628980708851028,-0.3837727043901542,0.46480787791469563,-0.38480646015321635,0.002171638521473201
145.56,0.4628980708851028,-0.38377270439015415,0.46480762879883897,-0.3848059284305622,0.0021711663555770014
145.58,0.4628980708851046,-0.3837727043901544,0.4648075118963649,-0.38480564036514864,0.002170926462117048
145.62,0.4628980708851028,-0.38377270439015415,0.46480729389688247,-0.3848050231242071,0.002170441078994235
145.66,0.4628980708851028,-0.38377270439015415,0.4648070975290623,-0.3848043552645568,0.0021699507492113617
145.68,0.46289807088510454,-0.3837727043901545,0.46480700763533,-0.3848040038628487,0.0021697046155503977
145.72,0.4628980708851028,-0.38377270439015415,0.46480684471697187,-0.3848032689941548,0.0021692120560809734
145.76,0.4628980708851028,-0.38377270439015415,0.464806704591232,-0.3848024950279751,0.0021687211397310056
145.78,0.4648066431627245,-0.384802094697997,0.4648066431627245,-0.384802094697997,0.0
145.82,0.46480653769265173,-0.3848012698465019,0.46480653769265173,-0.3848012698465019,0.0
145.86,0.4628980708851028,-0.38377270439015415,0.4648064554932634,-0.3848004159130492,0.0021675153487242947
145.88,0.46289807088510454,-0.3837727043901547,0.4648064231321756,-0.38479997918008857,0.0021672798141759916
145.92,0.4628980708851028,-0.38377270439015415,0.4648063758656648,-0.38479908834687876,0.0021668160802106318
145.96,0.4628980708851028,-0.3837727043901541,0.46480635178817087,-0.3847981770983863,0.0021663633768007015
145.98,0.4628980708851045,-0.3837727043901547,0.4648063483964297,-0.3847977148011065,0.0021661415934303993
146.02,0.4628980708851028,-0.3837727043901541,0.46480635877240717,-0.3847967787240773,0.0021657079448145268
146.06,0.4628980708851028,-0.3837727043901541,0.4648063918031194,-0.38479582969154763,0.0021652884584948996
146.08,0.46289807088510443,-0.3837727043901548,0.4648064167163499,-0.384795351159493,0.0021650843462714896
146.12,0.4628980708851028,-0.3837727043901541,0.4648064831142031,-0.38479438765793833,0.002164687953458815
146.16,0.4628980708851029,-0.3837727043901541,0.4648065712727591,-0.38479341758230445,0.002164308007265536
146.18,0.4647270204267271,-0.3847882506140014,0.4647270204267271,-0.3847882506140014,0.0
146.22,0.4616397914287743,-0.38309123516987437,0.4636982624527387,-0.38441578222877826,0.002447800618463841
146.26,0.45908229320708394,-0.3816412098034162,0.4612763071646815,-0.3832500821818561,0.0027206924810128114
146.28,0.45955198436401773,-0.3823537447427812,0.45955198436401773,-0.3823537447427812,0.0
146.32,0.4527108355044231,-0.37785827005764455,0.4550913318873303,-0.379909790765377,0.003142530865924696
146.36,0.44679597987989844,-0.37422816330942793,0.44929564925947385,-0.3765750724337649,0.003428750420354789
146.38,0.44334135359338783,-0.37207631836228383,0.44590072045981716,-0.37456842313347516,0.003572246484716703
146.42,0.4382634877486557,-0.3698915875894712,0.4382634877486557,-0.3698915875894712,0.0
146.46,0.4278491283685806,-0.3622368232239517,0.43047042418527304,-0.36491115224944404,0.0037447600050203897
146.48,0.4240296444634282,-0.3597661041403843,0.4266430039364319,-0.36242958703642997,0.0037314593489231403
146.52,0.4165015593071783,-0.3548450273429067,0.4190852478534758,-0.35750166125397703,0.003705826526123117
146.56,0.40910888006991364,-0.34994618941871425,0.41166402233538957,-0.35258821812432006,0.0036754683617284205
146.58,0.40548382178763975,-0.3475201538069737,0.40802652092079783,-0.3501477580859825,0.003656449524993886
146.62,0.39832611468313606,-0.3426841878373988,0.40084194022086833,-0.3453050405557639,0.003632939183040036
146.66,0.3912987661657149,-0.33787728663754696,0.3937914255399934,-0.3404856400372437,0.0036078883316821193
146.68,0.3878482521936172,-0.3354957688699064,0.3903321652560707,-0.33809209390332107,0.003593150119458241
146.72,0.38103658966980747,-0.33075360543021165,0.38349839284345616,-0.3333448649326138,0.003574227283564395
146.76,0.3767858236752229,-0.32862171566025133,0.3767858236752229,-0.32862171566025133,0.0
146.78,0.37106190765302083,-0.3237119380880986,0.37349421344822525,-0.32627955908331907,0.003536776647808271
146.82,0.3645830590789037,-0.3190767808750652,0.36699246749330533,-0.32163732407228585,0.003515911030191511
146.86,0.35821871340311523,-0.3144767648746159,0.3606089057965408,-0.31702581374810884,0.003494376888237037
146.88,0.35508796472502524,-0.3121970216093553,0.35747452323316614,-0.314738470525729,0.003486348248141138
146.92,0.3489188244133402,-0.3076724675517836,0.3512834243107495,-0.3102060285176118,0.003465582756535505
146.96,0.34285525918298604,-0.3031836836753804,0.34519982008333067,-0.3057046352699506,0.0034426970179774674
146.98,0.3398709539133272,-0.3009593737319699,0.3422129465076866,-0.30347450193453657,0.0034366843304819653
147.02,0.33399166152489296,-0.2965485345492347,0.3363127190378026,-0.2990549081017103,0.0034160234722237317
147.06,0.32821670528985836,-0.29217894111237835,0.3305216467555857,-0.29467515765030244,0.0033976244884676523
147.08,0.32538211778125525,-0.29002085353352447,0.3276781470264321,-0.2925054527590257,0.0033830435418523053
147.12,0.3197808432965626,-0.2857308568673326,0.32205875005528745,-0.2882091865035912,0.0033661516584078334
147.16,0.3142668165018452,-0.28147466793805076,0.31652092473457927,-0.28393664335419744,0.0033380124137861135
147.18,0.31156225240683894,-0.279375189681073,0.3138102129533736,-0.2818278132629292,0.003326963939247547
147.22,0.3062193493144651,-0.27520494153735947,0.3084510764340379,-0.27765196156442656,0.0033118745370415525
147.26,0.3009694230253742,-0.2710780311085649,0.3031875420459147,-0.2735160923646157,0.003296087783651952
147.28,0.29839402924422015,-0.2690430550766438,0.3006021865721486,-0.2714690413180425,0.0032804524121437927
147.32,0.29329912591419305,-0.26499713776984,0.29549163806748824,-0.2674173186440801,0.003265636998563145
147.36,0.2882880059095323,-0.26099178295379766,0.29046592811987604,-0.26340200749133813,0.0032484654031820553
147.38,0.28582651501715123,-0.25901498715693605,0.2879989986302988,-0.26141696889339455,0.003238703646781381
147.42,0.28096413594962283,-0.2550921856076489,0.28312202173314094,-0.2574886519130509,0.003224828957888587
147.46,0.2761809859553103,-0.25121025241631145,0.27832532226964296,-0.2535974191244318,0.003208853864127155
147.48,0.27383505501944666,-0.249298064429258,0.2759704168794774,-0.2516743690572866,0.00319477604198852
147.52,0.2691917459126736,-0.24549740572518897,0.2713128701237463,-0.2478679724097062,0.003180998950729439
147.56,0.26462437792719035,-0.24173845168725774,0.2667329177967035,-0.24410032143980856,0.003166128410115575
147.58,0.2623804244905557,-0.23988431980847483,0.26448406410837494,-0.24223891158243016,0.0031574359951765866
147.62,0.25794643413300195,-0.23620653509773668,0.2600373228685286,-0.23855616578171127,0.003145247216901582
147.66,0.25358523686620216,-0.2325710090620984,0.2556661852775745,-0.2349140249938024,0.003133699083672818
147.68,0.2514432351007387,-0.23077891357120736,0.2535177502424129,-0.23311364343215168,0.003123231755188964
147.72,0.24720490630366407,-0.22722045265104315,0.24926764536432347,-0.22955066312996023,0.00311203684239518
147.76,0.2430356455259985,-0.22370389381676287,0.24508744837536092,-0.22602659699434377,0.003099168434241067
147.78,0.24098860121293214,-0.2219715454996164,0.24303423489017134,-0.22428641102717733,0.0030892101825782518
147.82,0.23694007673822037,-0.2185343602535633,0.23897531567664085,-0.22084550043147974,0.0030795399751330677
147.86,0.23295621540619965,-0.2151378390417323,0.2349828736363651,-0.2174433993139174,0.0030696826791340465
147.88,0.2309976408738787,-0.21346289771414567,0.23301995575898388,-0.2157624206817641,0.00306228074694706
147.92,0.2271266991793204,-0.2101427358002345,0.22913924611463624,-0.2124387767234837,0.003053219462810411
147.96,0.223317165995088,-0.20686263156717874,0.2253217155780513,-0.20915357182778946,0.0030441133862334187
147.98,0.22144569105400386,-0.20524671576480585,0.22344451276643285,-0.20753065520787223,0.003035072918015627
148.02,0.21774189490190535,-0.2020400090269485,0.21973002076388753,-0.20431938982430664,0.0030246026619123855
148.06,0.21409797217075188,-0.19887396234557483,0.2160786147276505,-0.20114864434064622,0.003016143749375986
148.08,0.21230771839555723,-0.1973144775354796,0.21428287584866837,-0.19958256732199653,0.0030075701561697466
148.12,0.20876500399247522,-0.1942207442582223,0.21073076475580962,-0.19648511938188956,0.002998601353856189
148.16,0.20527989618858677,-0.19116742981906557,0.2072400410142793,-0.19342870235539603,0.002992577688423749
148.18,0.20356543607306787,-0.189661830534339,0.20552171980607054,-0.19191813331978205,0.0029862934054792636
148.22,0.20017512586821054,-0.18667773025001377,0.2021225088765908,-0.1889305137190282,0.0029778069009915357
148.26,0.1968369207699254,-0.18373072226727494,0.19877630685573205,-0.18597831095367712,0.002968648394987782
148.28,0.19519331007746402,-0.18227656351967378,0.19713165726985896,-0.1845218560177608,0.002966231319407039
148.32,0.19194747101281878,-0.17939882319654188,0.19387672013565285,-0.18164019559158895,0.002957321827470772
148.36,0.1887544928854174,-0.17656019962068673,0.1906787805818617,-0.17879902517959834,0.0029521556567909412
148.38,0.18718226910935606,-0.1751596708742053,0.18910426149670975,-0.17739527894867063,0.0029482194965199044
148.42,0.18407519665854088,-0.17238657099788926,0.18598917872047283,-0.1746190073556829,0.002940595080080925
148.46,0.18101784613130173,-0.16965099186000468,0.1829271547794254,-0.17188112985620904,0.0029358090871026035
148.48,0.17951354004565662,-0.16830254195146427,0.1814194031624079,-0.17052859539885204,0.0029304655211109198
148.52,0.1765368166260242,-0.16562950288707415,0.17843506910619497,-0.1678525396382571,0.002923226791678096
148.56,0.17360871371015396,-0.1629940543672231,0.1755025610787541,-0.16521500985289825,0.0029187841860788717
148.58,0.17216676005522377,-0.16169403544936214,0.17405845127891326,-0.1639122107395227,0.0029152696794057776
148.62,0.1693160865845095,-0.1591197806632131,0.17119996467464807,-0.16133456019036957,0.0029076184434026968
148.66,0.1665100770118728,-0.15658048561787866,0.1683886557976412,-0.1587923541097641,0.0029019683802093306
148.68,0.1651310019866309,-0.15533056628803185,0.1670052416024538,-0.15753780159618042,0.002895628056753445
148.72,0.16240055284519994,-0.15285214279403875,0.16426791663770246,-0.15505662540945786,0.002889081365284557
148.76,0.1597121619374914,-0.15040714408625624,0.1615745147280116,-0.1526089313263902,0.002883786567548822
148.78,0.1583886836015517,-0.14920177694776235,0.16024900108273601,-0.1514011360437755,0.002880618260723859
148.82,0.15577238052878029,-0.14681569278230613,0.15762615414669878,-0.1490124184775149,0.002874383482850027
148.86,0.15319414043981913,-0.1444601128975005,0.1550410694028669,-0.14665243330068783,0.002866603450911244
148.88,0.15192692369635072,-0.14330082392723462,0.15377083909958278,-0.1454899179109488,0.0028621943476658156
148.92,0.14941914267090964,-0.14100373916574846,0.151256323224448,-0.14318984029842832,0.002855568340734249
148.96,0.146949234469108,-0.13873762623500413,0.14878091805985616,-0.14092048626102288,0.00284955131026039
148.98,0.14573571081251843,-0.13762289903286348,0.14756348734147312,-0.13980179937568402,0.002844006635671072
149.02,0.14333156434117666,-0.13541192660523937,0.14515341357163683,-0.13758839608956785,0.002838336490753233
149.06,0.14096409723516412,-0.1332313978200663,0.14278073165629573,-0.1354048239298253,0.00283265629306176
149.08,0.13979992288412094,-0.13215796815528202,0.14161372831062854,-0.13432850158768833,0.002828622545767101
149.12,0.13749573598427686,-0.13003112918438567,0.1393034287195096,-0.1321988927951283,0.002822578979775974
149.16,0.13522891737844164,-0.1279358838900671,0.13703443474364452,-0.13010334226420137,0.002820951747133203
149.18,0.13411100501762468,-0.12690154054516745,0.1359155916953188,-0.12906793972772576,0.002819542249284525
149.22,0.13190179461304333,-0.12485548013518916,0.13370054777393098,-0.12701921730254956,0.0028137646424710315
149.26,0.12972744940989764,-0.12283914519789832,0.1315232725331337,-0.12500183851323368,0.00281108930241385
149.28,0.12865382121154442,-0.1218426113392354,0.13044937923828415,-0.12400515457418691,0.002810804488117954
149.32,0.12669598501273194,-0.12002396729316728,0.1284505960619376,-0.1221252053140764,0.0027374917633681893
149.36,0.12578522217511295,-0.11917778320163729,0.127412223822706,-0.12110035757832907,0.002518616007886536
149.38,0.12574025743734735,-0.11913600674326033,0.12730125182106763,-0.12097427079839758,0.0024116214882140856
149.42,0.12574025743734735,-0.11913600674326033,0.12729971351128774,-0.12097636524193203,0.0024122235904208288
149.46,0.12574025743734735,-0.11913600674326033,0.1272986283969994,-0.12097879137316876,0.002413374243691521
149.48,0.12574025743734735,-0.11913600674326033,0.1272981060843617,-0.12097995917552186,0.00241392895078701
149.52,0.12574025743734735,-0.11913600674326033,0.12729710027641755,-0.12098220799129243,0.0024149986902272766
149.56,0.12574025743734735,-0.11913600674326033,0.12729614409247197,-0.12098434585626058,0.0024160175413770204
149.58,0.12574025743734735,-0.11913600674326033,0.12729568383960846,-0.12098537490353682,0.0024165086147364336
149.62,0.12574025743734735,-0.11913600674326033,0.1272947975390428,-0.12098735652117767,0.0024174554655616515
149.66,0.12574025743734735,-0.11913600674326033,0.12729395496628707,-0.12098924037088707,0.0024183570642070094
149.68,0.12574025743734735,-0.11913600674326033,0.12729354939942397,-0.12099014714958525,0.002418791550716721
149.72,0.12574025743734735,-0.11913600674326033,0.12729276840669485,-0.12099189331684751,0.002419629162488638
149.76,0.12729202594615607,-0.12099355333269655,0.12729202594615607,-0.12099355333269655,0.0
149.78,0.12574025743734735,-0.11913600674326033,0.12729166856765137,-0.12099435237043475,0.0024208108074092634
149.82,0.12574025743734735,-0.11913600674326033,0.12729098037036768,-0.12099589106288848,0.002421551423652582
149.86,0.12574025743734735,-0.11913600674326033,0.1272903261269841,-0.12099735384020428,0.002422256377408031
149.88,0.12574025743734735,-0.11913600674326033,0.12729001121122796,-0.12099805793846868,0.002422596007020993
149.92,0.12574025743734735,-0.11913600674326033,0.1272894047836869,-0.12099941380770313,0.002423250583098281
149.96,0.12574025743734735,-0.11913600674326033,0.12728882827573568,-0.12100070278182867,0.0024238735440940814
149.98,0.12574025743734735,-0.11913600674326033,0.12728855077741957,-0.12100132322106785,0.0024241736384368736
150.02,0.12574025743734735,-0.11913600674326033,0.1272880164039622,-0.1210025179896378,0.0024247519567143928
150.06,0.12574025743734735,-0.11913600674326033,0.12728750839513026,-0.1210036538113927,0.0024253022692983205
150.08,0.12574025743734735,-0.11913600674326033,0.12728726386841552,-0.12100420053174316,0.002425567341693916
150.12,0.12574025743734735,-0.11913600674326033,0.12728679298777126,-0.12100525334118883,0.0024260781217001833
150.16,0.12574025743734735,-0.11913600674326033,0.12728634533917912,-0.1210062542077187,0.0024265641097039937
150.18,0.12728612986646956,-0.12100673596825708,0.12728612986646956,-0.12100673596825708,0.0
150.22,0.12574025743734735,-0.11913600674326033,0.1272857149345945,-0.12100766368577313,0.002427249180915266
150.26,0.12574025743734735,-0.11913600674326033,0.1272853204744022,-0.1210085456320885,0.0024276782485838154
150.28,0.12574025743734735,-0.11913600674326033,0.12728513060357968,-0.1210089701511619,0.0024278848875272
150.32,0.12574025743734735,-0.11913600674326033,0.12728476497279284,-0.12100978763982907,0.002428283009740395
150.36,0.12574025743734735,-0.11913600674326033,0.12728441738129886,-0.12101056479570434,0.0024286617352951845
150.38,0.12574025743734735,-0.11913600674326033,0.12728425007041655,-0.12101093887458693,0.002428844117693202
150.42,0.12574025743734735,-0.11913600674326033,0.12728392788289622,-0.12101165923149532,0.002429195484328741
150.46,0.12574025743734735,-0.11913600674326033,0.1272836215912889,-0.1210123440478437,0.002429529705980741
150.48,0.12574025743734735,-0.11913600674326033,0.12728347415983582,-0.12101267367970088,0.002429690647571665
150.52,0.12574025743734735,-0.11913600674326033,0.12728319025377077,-0.12101330844578011,0.002430000691004012
150.54,0.12574025743734735,-0.11913600674326033,0.1272830535974515,-0.1210136139862686,0.002430149985212697
150.58,0.12574025743734735,-0.11913600674326033,0.12728279044086557,-0.12101420236003695,0.0024304375823752085
150.62,0.12574025743734735,-0.11913600674326033,0.12728254026775693,-0.12101476170495497,0.0024307111171565417
150.66,0.12574025743734735,-0.11913600674326033,0.1272823024375539,-0.12101529345323167,0.0024309712711048062
150.68,0.12574025743734735,-0.11913600674326033,0.1272821879595483,-0.1210155494067768,0.0024310965343386694
150.72,0.12574025743734735,-0.11913600674326033,0.1272819675113375,-0.12101604229186941,0.002431337824383223
150.76,0.12574025743734735,-0.11913600674326033,0.12728175793948165,-0.12101651085927802,0.0024315672987683854
150.78,0.12574025743734735,-0.11913600674326033,0.12728165706344588,-0.12101673640112683,0.0024316777856688418
150.82,0.12574025743734735,-0.11913600674326033,0.12728146280830097,-0.12101717072296839,0.002431890604860205
150.86,0.12574025743734735,-0.11913600674326033,0.12728127813721193,-0.12101758361648653,0.0024320929931379697
150.88,0.12574025743734735,-0.11913600674326033,0.12728118924699677,-0.12101778236007342,0.0024321904353939343
150.92,0.12574025743734735,-0.11913600674326033,0.12728101807272846,-0.12101816507698895,0.002432378122078085
150.96,0.12574025743734735,-0.11913600674326033,0.12728085534376438,-0.12101852891163574,0.00243255660235921
150.98,0.12574025743734735,-0.11913600674326033,0.12728077701524695,-0.12101870404105673,0.002432642531286061
151.02,0.12574025743734735,-0.11913600674326033,0.12728062617944783,-0.12101904128460211,0.002432808037130441
151.06,0.12574025743734735,-0.11913600674326033,0.12728048278550472,-0.12101936188941816,0.002432965418921045
151.08,0.12574025743734735,-0.11913600674326033,0.12728041376377267,-0.12101951621044374,0.002433041188060214
151.12,0.12574025743734735,-0.11913600674326033,0.12728028084988072,-0.12101981338364012,0.0024331871217581945
151.16,0.12574025743734735,-0.11913600674326033,0.12728015449362357,-0.12102009589507536,0.0024333258877337455
151.18,0.12574025743734735,-0.11913600674326033,0.12728009367286974,-0.12102023188010198,0.002433392693038616
151.22,0.12574025743734735,-0.11913600674326033,0.12727997655145235,-0.12102049374399833,0.002433521359324954
151.26,0.12574025743734735,-0.11913600674326033,0.12727986520850926,-0.12102074268820379,0.0024336437025957694
151.28,0.12574025743734735,-0.11913600674326033,0.12727981161431554,-0.12102086251586458,0.002433702600430003
151.32,0.12574025743734735,-0.11913600674326033,0.12727970840895345,-0.12102109326581506,0.0024338160348507127
151.36,0.12574025743734735,-0.11913600674326033,0.12727961029548285,-0.12102131263115685,0.002433923892151773
151.38,0.12574025743734735,-0.11913600674326033,0.12727956306920885,-0.12102141822122565,0.0024339758153120407
151.42,0.12574025743734735,-0.11913600674326033,0.1272794721264338,-0.12102162155410393,0.002434075815165228
151.46,0.12574025743734735,-0.11913600674326033,0.12727938567054545,-0.12102181485506149,0.002434170896375713
151.48,0.12574025743734735,-0.11913600674326033,0.12727934405557206,-0.12102190789920991,0.0024342166683371394
151.52,0.12574025743734735,-0.11913600674326033,0.12727926391837652,-0.12102208707263726,0.002434304820171945
151.56,0.12574025743734735,-0.11913600674326033,0.12727918773494784,-0.12102225740610913,0.002434388634538509
151.58,0.12574025743734735,-0.11913600674326033,0.12727915106455548,-0.12102233939500898,0.0024344289821054297
151.62,0.12574025743734735,-0.11913600674326033,0.1272790804490495,-0.12102249727954496,0.0024345066861349123
151.66,0.12574025743734735,-0.11913600674326033,0.12727901331753447,-0.1210226473744647,0.002434580565543413
151.68,0.12574025743734735,-0.11913600674326033,0.12727898100422122,-0.12102271962167026,0.0024346161300728554
151.72,0.12574025743734735,-0.11913600674326033,0.12727891877906322,-0.12102285874680249,0.002434684621827222
151.76,0.12574025743734735,-0.11913600674326033,0.1272788596239377,-0.12102299100785929,0.0024347497414364183
151.78,0.12574025743734735,-0.11913600674326033,0.12727883115000718,-0.12102305467085188,0.0024347810887871265
151.82,0.12574025743734735,-0.11913600674326033,0.12727877631827858,-0.12102317726552114,0.002434841458303197
151.86,0.12574025743734735,-0.11913600674326033,0.12727872419180938,-0.12102329381168553,0.0024348988548253763
151.88,0.12574025743734735,-0.11913600674326033,0.1272786991010764,-0.12102334991041774,0.0024349264841701415
151.92,0.12574025743734735,-0.11913600674326033,0.1272786507843097,-0.12102345793872821,0.00243497969298537
151.96,0.12574025743734735,-0.11913600674326033,0.1272786048513707,-0.12102356063720049,0.0024350302808714788
151.98,0.12574025743734735,-0.11913600674326033,0.1272785827418528,-0.12102361007043694,0.002435054632498006
152.02,0.12574025743734735,-0.11913600674326033,0.1272785401659577,-0.12102370526312324,0.0024351015286910513
152.06,0.12574025743734735,-0.11913600674326033,0.12727849969065028,-0.1210237957592481,0.0024351461144519722
152.08,0.12574025743734735,-0.11913600674326033,0.12727848020812743,-0.12102383931896463,0.002435167576664217
152.12,0.12574025743734735,-0.11913600674326033,0.12727844269098887,-0.12102392320112032,0.0024352089081593887
152.16,0.12574025743734735,-0.11913600674326033,0.1272784070248518,-0.12102400294474705,0.0024352482030315496
152.18,0.12574025743734735,-0.11913600674326033,0.1272783898571915,-0.12102404132881912,0.0024352671182524934
152.22,0.12574025743734735,-0.11913600674326033,0.12727835679774155,-0.12102411524433032,0.002435303544582855
152.26,0.12574025743734735,-0.11913600674326033,0.127278325369362,-0.12102418551304116,0.0024353381757248626
152.28,0.12574025743734735,-0.11913600674326033,0.12727831024151845,-0.12102421933642461,0.002435354845890589
152.32,0.12574025743734735,-0.11913600674326033,0.12727828111010647,-0.12102428446950053,0.0024353869485940695
152.36,0.12574025743734735,-0.11913600674326033,0.12727825341596546,-0.12102434638907886,0.0024354174689805315
152.38,0.12574025743734735,-0.11913600674326033,0.12727824008557304,-0.12102437619366212,0.002435432160306266
152.42,0.12574025743734735,-0.11913600674326033,0.12727821441547993,-0.12102443358780751,0.002435460452110263
152.46,0.12574025743734735,-0.11913600674326033,0.12727819001188506,-0.12102448815027422,0.0024354873492714703
152.48,0.12574025743734735,-0.11913600674326033,0.12727817826537544,-0.12102451441356006,0.0024355002964613895
152.52,0.12574025743734735,-0.11913600674326033,0.12727815564533654,-0.12102456498829328,0.0024355252293947406
152.56,0.12574025743734735,-0.11913600674326033,0.12727813414131398,-0.12102461306780007,0.0024355489331349474
152.58,0.12574025743734735,-0.11913600674326033,0.12727812379049436,-0.12102463621055567,0.0024355603430993
152.62,0.12574025743734735,-0.11913600674326033,0.12727810385811034,-0.12102468077614045,0.0024355823156545545
152.66,0.12574025743734735,-0.11913600674326033,0.12727808490914053,-0.1210247231429747,0.002435603204865649
152.68,0.12574025743734735,-0.11913600674326033,0.1272780757881788,-0.12102474353597284,0.002435613260002473
152.72,0.12574025743734735,-0.11913600674326033,0.12727805822410956,-0.12102478280639961,0.0024356326234583102
152.76,0.12574025743734735,-0.11913600674326033,0.1272780415266079,-0.12102482013932532,0.002435651032134423
152.78,0.12574025743734735,-0.11913600674326033,0.12727803348937558,-0.12102483810928456,0.0024356598932257574
152.82,0.12574025743734735,-0.11913600674326033,0.1272780180122243,-0.12102487271370935,0.0024356769572269213
152.86,0.12574025743734735,-0.11913600674326033,0.12727800329867728,-0.12102490561084157,0.002435693179771835
152.88,0.12574025743734735,-0.11913600674326033,0.12727799621640842,-0.12102492144566071,0.0024357009885395547
152.92,0.12574025743734735,-0.11913600674326033,0.12727798257821293,-0.12102495193848489,0.002435716026020284
152.96,0.12574025743734735,-0.11913600674326033,0.1272779696128923,-0.12102498092687233,0.002435730321930541
152.98,0.12574025743734735,-0.11913600674326033,0.12727796337212077,-0.12102499488024278,0.0024357372032914044
153.02,0.12574025743734735,-0.11913600674326033,0.12727795135438127,-0.12102502174999544,0.002435750454819536
153.06,0.12574025743734735,-0.11913600674326033,0.12727793992956735,-0.12102504729406431,0.002435763052815629
153.08,0.12574025743734735,-0.11913600674326033,0.12727793443030855,-0.12102505958953462,0.002435769116870315
153.12,0.12574025743734735,-0.11913600674326033,0.12727792384048667,-0.12102508326669903,0.0024357807944785704
153.16,0.12574025743734735,-0.11913600674326033,0.12727791377314052,-0.12102510577569373,0.0024357918961491073
153.18,0.12574025743734735,-0.11913600674326033,0.12727790892728988,-0.12102511661025096,0.0024357972399368243
153.22,0.12574025743734735,-0.11913600674326033,0.12727789959572416,-0.1210251374741616,0.002435807530502625
153.26,0.12574025743734735,-0.11913600674326033,0.12727789072455498,-0.12102515730870121,0.002435817313518101
153.28,0.12574025743734735,-0.11913600674326033,0.12727788645447627,-0.12102516685592701,0.0024358220225639735
153.32,0.12574025743734735,-0.11913600674326033,0.127277878231664,-0.12102518524084686,0.0024358310907898147
153.36,0.12574025743734735,-0.11913600674326033,0.12727787041454516,-0.12102520271870269,0.0024358397117369506
153.38,0.12574025743734735,-0.11913600674326033,0.12727786665182667,-0.1210252111315542,0.0024358438614165193
153.42,0.12574025743734735,-0.11913600674326033,0.1272778594060287,-0.12102522733203006,0.0024358518524582335
153.46,0.12574025743734735,-0.11913600674326033,0.12727785251772067,-0.1210252427332167,0.002435859449339117
153.48,0.12574025743734735,-0.11913600674326033,0.12727784920207916,-0.12102525014647712,0.0024358631060815484
153.52,0.12574025743734735,-0.11913600674326033,0.1272778428172091,-0.12102526442205855,0.0024358701478655763
153.56,0.12574025743734735,-0.11913600674326033,0.12727783674735302,-0.12102527799332008,0.002435876842301318
153.58,0.12574025743734735,-0.11913600674326033,0.12727783382566793,-0.12102528452575803,0.002435880064650227
153.62,0.12574025743734735,-0.11913600674326033,0.12727782819943262,-0.12102529710515558,0.0024358862699169217
153.66,0.12574025743734735,-0.11913600674326033,0.1272778228507821,-0.12102530906391856,0.0024358921690902802
153.68,0.12574025743734735,-0.11913600674326033,0.12727782027624454,-0.1210253148201909,0.0024358950086390565
153.72,0.12574025743734735,-0.11913600674326033,0.12727781531850493,-0.12102532590494043,0.0024359004767439503
153.76,0.12574025743734735,-0.11913600674326033,0.12727781060536825,-0.12102533644279745,0.002435905675112261
153.78,0.12574025743734735,-0.11913600674326033,0.12727780833673108,-0.12102534151512602,0.0024359081773286323
153.82,0.12574025743734735,-0.11913600674326033,0.12727780396805827,-0.12102535128281744,0.002435912995830403
153.86,0.12574025743734735,-0.11913600674326033,0.12727779981492524,-0.12102536056859658,0.002435917576635261
153.88,0.12574025743734735,-0.11913600674326033,0.12727779781584214,-0.12102536503824567,0.002435919781588017
153.92,0.12574025743734735,-0.11913600674326033,0.12727779396624467,-0.12102537364536808,0.0024359240276482083
153.96,0.12574025743734735,-0.11913600674326033,0.1272777903065771,-0.12102538182783773,0.0024359280642465056
153.98,0.12574025743734735,-0.11913600674326033,0.12727778854502036,-0.121025385766416,0.002435930007246285
154.02,0.12574025743734735,-0.11913600674326033,0.12727778515282304,-0.12102539335086501,0.002435933748863425
154.06,0.12574025743734735,-0.11913600674326033,0.1272777819279886,-0.12102540056111727,0.0024359373059004803
154.08,0.12574025743734735,-0.11913600674326033,0.12727778037573595,-0.12102540403172508,0.002435939018064509
154.12,0.12574025743734735,-0.11913600674326033,0.12727777738659163,-0.12102541071501184,0.002435942315161531
154.16,0.12574025743734735,-0.11913600674326033,0.1272777745449246,-0.12102541706856287,0.0024359454496052546
154.18,0.12574025743734735,-0.11913600674326033,0.127277773177107,-0.12102542012680315,0.002435946958355087
154.22,0.12574025743734735,-0.11913600674326033,0.12727777054312595,-0.12102542601600122,0.0024359498637380986
154.26,0.12574025743734735,-0.11913600674326033,0.1272777680390993,-0.12102543161464184,0.002435952625790301
154.28,0.12574025743734735,-0.11913600674326033,0.1272777668338027,-0.12102543430951095,0.002435953955290668
154.32,0.12574025743734735,-0.11913600674326033,0.1272777645127853,-0.12102543949897171,0.0024359565154938355
154.36,0.12574025743734735,-0.11913600674326033,0.12727776230628143,-0.12102544443239822,0.0024359589493935987
154.38,0.12727776124419546,-0.12102544680707088,0.12727776124419546,-0.12102544680707088,0.0
154.42,0.12727775919895615,-0.12102545137993516,0.12727775919895615,-0.12102545137993516,0.0
154.46,0.12574025743734735,-0.11913600674326033,0.12727775725462417,-0.12102545572718644,0.0024359645217009386
154.48,0.12727775631873292,-0.12102545781970746,0.12727775631873292,-0.12102545781970746,0.0
154.52,0.12574025743734735,-0.11913600674326033,0.12727775451650447,-0.12102546184923749,0.002435967542049736
154.56,0.12574025743734735,-0.11913600674326033,0.12727775280319376,-0.12102546567996122,0.0024359694319670876
154.58,0.12727775197850305,-0.12102546752385511,0.12727775197850305,-0.12102546752385511,0.0
154.62,0.12574025743734735,-0.11913600674326033,0.12727775039041148,-0.12102547107460832,0.0024359720934686714
154.66,0.12574025743734735,-0.11913600674326033,0.12727774888067264,-0.12102547445017679,0.002435973758844428
154.68,0.12574025743734735,-0.11913600674326033,0.12727774815396992,-0.12102547607498468,0.002435974560463929
154.72,0.12574025743734735,-0.11913600674326033,0.12727774675457199,-0.12102547920384793,0.0024359761041313275
154.76,0.12574025743734735,-0.11913600674326033,0.12727774542421713,-0.12102548217834146,0.002435977571642217
154.78,0.12574025743734735,-0.11913600674326033,0.1272777447838597,-0.12102548361009452,0.0024359782780203794
154.82,0.12574025743734735,-0.11913600674326033,0.1272777435507353,-0.12102548636719564,0.0024359796382826078
154.86,0.12574025743734735,-0.11913600674326033,0.12727774237845044,-0.12102548898826876,0.0024359809314362176
154.88,0.12574025743734735,-0.11913600674326033,0.12727774181417897,-0.12102549024990522,0.002435981553888372
154.92,0.12574025743734735,-0.11913600674326033,0.12727774072757186,-0.12102549267941588,0.0024359827525352535
154.96,0.12574025743734735,-0.11913600674326033,0.12727773969457554,-0.12102549498906102,0.002435983892046594
154.98,0.12574025743734735,-0.11913600674326033,0.12727773919734964,-0.12102549610079366,0.0024359844405437937
155.02,0.12574025743734735,-0.11913600674326033,0.127277738239851,-0.12102549824163722,0.002435985496776576
155.06,0.12574025743734735,-0.11913600674326033,0.12727773732959322,-0.12102550027685732,0.0024359865008996284
155.08,0.12574025743734735,-0.11913600674326033,0.1272777368914467,-0.12102550125649729,0.002435986984228406
155.12,0.12574025743734735,-0.11913600674326033,0.1272777360477162,-0.12102550314297233,0.0024359879149672206
155.16,0.12574025743734735,-0.11913600674326033,0.12727773524561348,-0.1210255049363738,0.0024359887997874503
155.18,0.12574025743734735,-0.11913600674326033,0.12727773485952673,-0.12102550579961595,0.0024359892256904858
155.22,0.12574025743734735,-0.11913600674326033,0.12727773411604668,-0.12102550746194582,0.0024359900458452814
155.26,0.12574025743734735,-0.11913600674326033,0.12727773340924828,-0.12102550904226085,0.0024359908255371086
155.28,0.12574025743734735,-0.11913600674326033,0.12727773306903561,-0.12102550980293521,0.0024359912008371375
155.32,0.12574025743734735,-0.11913600674326033,0.12727773241389448,-0.12102551126775218,0.002435991923546502
155.36,0.1259974009661284,-0.11937491719755958,0.12746628692179307,-0.12119986923113198,0.0023426642686456213
155.38,0.126532200898372,-0.11987179649052555,0.12792813580319898,-0.12162810085498135,0.0022434881945579284
155.42,0.12848092393972158,-0.12168234295583676,0.12973112037460943,-0.1233011943039079,0.002045402359673537
155.46,0.13160181121689377,-0.12458193992699262,0.13270648825828615,-0.12606312608125686,0.001847761832424167
155.48,0.13360181644390454,-0.12644013235225418,0.13463381625899606,-0.12785240563483322,0.0017491539220536056
155.52,0.137993036713105,-0.1305199878104713,0.1389680961851831,-0.131877423596674,0.0016713386514267464
155.56,0.1423886525981032,-0.1346039272080049,0.14336457513984238,-0.13596047446834436,0.0016711209642061027
155.58,0.14458646054051114,-0.13664589690668713,0.14556281527069542,-0.13800199844269107,0.001671011650200399
155.62,0.14898207642518535,-0.14072983630391964,0.14995929678551584,-0.14208504358911897,0.001670792152992645
155.66,0.1533776923097369,-0.1448137757010384,0.1543557799023776,-0.1461680851531944,0.0016705715881328552
155.68,0.1555755002519847,-0.1468557453995718,0.15655402203673202,-0.14820960464744012,0.0016704609382633536
155.72,0.15997111613643336,-0.15093968479659517,0.16095050740975297,-0.15229264116670663,0.0016702389666391408
155.76,0.16436673202083765,-0.1550236241935775,0.16534699419453444,-0.1563756745293307,0.0016700161794399359
155.78,0.16656453996303325,-0.15706559389206262,0.16754523809444385,-0.15841719007588598,0.0016699045089699335
155.82,0.1709601558473853,-0.1611495332889965,0.1719417268673578,-0.16250021899315276,0.0016696806696676891
155.86,0.1753557717317347,-0.16523347268592797,0.1763382168843201,-0.16658324512886738,0.0016694562364905504
155.88,0.1775535796739094,-0.16727544238439374,0.17853646234002168,-0.1686247571968,0.0016693438226809312
155.92,0.18194919555824443,-0.17135938178131185,0.18293295410892751,-0.1727077794153755,0.001669118649344765
155.96,0.18634481144257165,-0.17544332117822273,0.18732944697403936,-0.17679079918286933,0.0016688930771128197
155.98,0.1885426193847307,-0.17748529087667395,0.1895276938006845,-0.1788323081855056,0.0016687801638498741
156.02,0.1929382352690305,-0.18156923027355953,0.1939241882095843,-0.18291532450128922,0.001668554125856828
156.06,0.19733385115333815,-0.18565316967045234,0.19832068358447325,-0.1869983386572515,0.001668327860519703
156.08,0.19953165909548545,-0.18769513936889273,0.20051893161917372,-0.18903984495880513,0.0016682146623176102
156.12,0.2039272749797905,-0.19177907876578307,0.2049154283544195,-0.1931228560731775,0.0016679881725177018
156.16,0.2083228908640903,-0.19586301816266868,0.20931192594087644,-0.1972058652843508,0.0016677616062625068
156.18,0.2105206988062376,-0.19790498786110908,0.211510175040099,-0.19924736920576122,0.0016676483117991697
156.22,0.2149163146905322,-0.20198892725798986,0.21590667382527234,-0.20333037573673196,0.0016674217333604322
156.26,0.21931193057482942,-0.20607286665487287,0.2203031733605176,-0.20741338059063597,0.0016671952111717246
156.28,0.22150973851697933,-0.20811483635331557,0.22250142339778015,-0.20945488241470664,0.0016670819864237766
156.32,0.22590535440127393,-0.21219877575019613,0.22689792398931952,-0.2135378849068679,0.0016668556387987358
156.36,0.23030097028557245,-0.2162827151470804,0.23129442524180868,-0.2176208859212263,0.001666629464172709
156.38,0.23249877822771975,-0.21832468484552078,0.23349267610565505,-0.2196623858971567,0.0016665164551579223
156.42,0.23689439411201435,-0.22240862424240157,0.2378891782889314,-0.2237453848303874,0.0016662906193808903
156.46,0.24129000999630895,-0.22649256363928236,0.24228568105462472,-0.2278283824614032,0.0016660650593238963
156.48,0.24348781793845625,-0.22853453333772275,0.24448393264684176,-0.22986988080878362,0.0016659523944970976
156.52,0.24788343382275085,-0.23261847273460354,0.24888043623272788,-0.23395287660594477,0.0016657273178255975
156.56,0.25227904970704557,-0.23670241213148432,0.25327694033182907,-0.23803587125561615,0.0016655026072514045
156.58,0.254476857649193,-0.23874438182992472,0.2554751925658731,-0.24007736816794584,0.0016653903996401674
156.62,0.2588724735334878,-0.2428283212268055,0.2598716973877133,-0.24416036120165552,0.0016651662996384842
156.66,0.2632680894177826,-0.2469122606236863,0.2642682026617893,-0.2482433532242165,0.0016649426452655482
156.68,0.26546589735993004,-0.24895423032212669,0.26646645546139947,-0.25028484887200364,0.0016648309943332862
156.72,0.26986151324422486,-0.25303816971900744,0.27086296137233984,-0.2543678394706064,0.001664608062464644
156.76,0.27425712912851846,-0.257122109115887,0.2752594676817809,-0.2584508291782007,0.001664385646222407
156.78,0.2764549370706713,-0.25916407881433223,0.2774577209797603,-0.26049232371169667,0.001664274639505884
156.82,0.28085055295497435,-0.2632480182112203,0.2818542278504018,-0.26457531216453056,0.0016640530442883544
156.86,0.2852461688392786,-0.2673319576081095,0.28625073507219473,-0.2686582998322226,0.0016638320263117165
156.88,0.28744397678142614,-0.2693739273065499,0.28844898880932535,-0.2706997933838219,0.0016637217408817676
156.92,0.29183959266572873,-0.273457866703438,0.2928454965256311,-0.27478277994583344,0.0016635016306698303
156.96,0.2940374006078787,-0.27549983640188086,0.2972420045513685,-0.278865765815995,0.00464746890849515
156.98,0.2984330164921786,-0.27958377579876653,0.29944025867547114,-0.2809072585023635,0.0016631726556566957
157.02,0.30282863237648117,-0.28366771519565465,0.3038367671369616,-0.2849902433982154,0.0016629541610812682
157.06,0.30722424826078576,-0.2877516545925456,0.308233275871118,-0.2890732276844207,0.0016627363457809624
157.08,0.3094220562029377,-0.2897936242909915,0.3104315303362132,-0.2911147196083621,0.001662627698353069
157.12,0.31381767208723915,-0.29387756368788076,0.3148280394543465,-0.2951977030360219,0.0016624109344641374
157.16,0.31922454881274825,-0.29928068592647156,0.31922454881274825,-0.29928068592647156,0.0
157.18,0.3204110959136964,-0.3000034727832197,0.3214228035783212,-0.3013221771785762,0.0016620871460284825
157.22,0.32480671179799775,-0.304087412180109,0.32581931327508,-0.3054051593124931,0.0016618722141897092
157.26,0.3292023276822968,-0.3081713515769956,0.33021582318355513,-0.3094881409730262,0.0016616580408042704
157.28,0.3314001356244489,-0.3102133212754413,0.3324140782139008,-0.3115296316331172,0.0016615512427936576
157.32,0.33579575150875046,-0.31429726067233044,0.3368105884205287,-0.3156126126270051,0.0016613382323217506
157.36,0.3412070988137157,-0.3196955932037536,0.3412070988137157,-0.3196955932037536,0.0
157.38,0.3423891753351989,-0.3204231697676604,0.3434053540773753,-0.3217370833421731,0.0016610202037723716
157.42,0.34780186473329144,-0.3258200633314873,0.34780186473329144,-0.3258200633314873,0.0
157.46,0.35118040710380327,-0.32859104856143995,0.352198375553602,-0.32990304295322753,0.001660599003031049
157.48,0.35337821504595524,-0.3306330182598858,0.35439663102285596,-0.3319445326319613,0.0016604942186491441
157.52,0.35777383093025567,-0.3347169576567735,0.35879314207468127,-0.3360275117360671,0.001660285277867424
157.56,0.3621694468145612,-0.3388008970536662,0.36318965327136005,-0.3401104905162654,0.0016600771824757743
157.58,0.36436725475671333,-0.3408428667521119,0.3653879089217776,-0.3421519797899295,0.0016599734547416878
157.62,0.36876287064101204,-0.3449268061489988,0.36978442032246084,-0.346234958113995,0.0016597666448002965
157.66,0.3731584865253108,-0.3490107455458857,0.37418093185078827,-0.35031793615263973,0.0016595607027092235
157.68,0.3753562944674641,-0.35105271524433246,0.37637918766084255,-0.35235942506936163,0.001659458059695313
157.72,0.37975191035176425,-0.35513665464121963,0.3807756993689367,-0.35644240270607097,0.0016592534346946246
157.76,0.3841475262360656,-0.359220594038109,0.38517221118951395,-0.3605253800912779,0.0016590496973772268
157.78,0.3863453341782151,-0.3612625637365523,0.38737046714023954,-0.3625668686934706,0.001658948163888993
157.82,0.3907409500625165,-0.3653465031334416,0.3917669791192176,-0.36664984572449305,0.0016587457716128935
157.86,0.39513656594682045,-0.3694304425303334,0.3961634911973151,-0.3707328225338971,0.0016585442845417325
157.88,0.3973343738889672,-0.3714724122287745,0.39836174727199875,-0.37277431085893326,0.0016584438824907531
157.92,0.40172998977326724,-0.3755563516256618,0.40275825948967814,-0.3768572873562379,0.001658243765185726
157.96,0.40612560565757255,-0.37964029102255453,0.40715477179470017,-0.3809402636582562,0.0016580445685756588
157.98,0.40832341359972324,-0.381682260720999,0.40935302797860723,-0.3829817517390606,0.001657945317321283
158.02,0.41271902948402456,-0.3857662001178871,0.4137495404066222,-0.38706472776605827,0.001657747512336552
158.06,0.41711464536832327,-0.38985013951477276,0.4181460529116007,-0.39114770362097195,0.0016575506417681597
158.08,0.41925537252396716,-0.3918389510267473,0.4202893378272372,-0.39313818738949213,0.0016604515574519768
158.12,0.4227021713633478,-0.39503419209408386,0.42388024552394804,-0.3964722513952652,0.0018589979240408322
158.16,0.424984052427017,-0.39713252306139474,0.4263038796880518,-0.39871197854166307,0.002058306005704762
158.18,0.42568670903015854,-0.39777187621837773,0.42707827313153124,-0.399421119679272,0.0021578819804455905
158.22,0.4262091774680131,-0.3982422305744612,0.42774927869915563,-0.4000255233718269,0.0023562777856829895
158.26,0.4262091774680211,-0.39824223057446817,0.42777008351426954,-0.40004426342221716,0.002384061674869428
158.28,0.42620917746802384,-0.3982422305744705,0.4277697937608996,-0.4000445827624634,0.0023841133830319453
158.32,0.42620917746803066,-0.3982422305744762,0.42776902373727854,-0.4000454442292343,0.0023842608641657923
158.36,0.42620917746803066,-0.3982422305744762,0.42776797415098244,-0.4000466432904964,0.0023844815680807304
158.38,0.4262091774680265,-0.3982422305744729,0.42776733672213013,-0.40004738393685424,0.0023846255309514486
158.42,0.42620917746802506,-0.39824223057447183,0.42776582751214687,-0.40004917194288214,0.0023849940185956342
158.46,0.42620917746802506,-0.3982422305744719,0.42776402567374844,-0.400051362781871,0.0023854794668346896
158.48,0.4262091774679985,-0.3982422305744539,0.4277630261122878,-0.40005260182993313,0.002385768155547599
158.52,0.42620917746793596,-0.3982422305744132,0.42776085059262975,-0.40005535274341064,0.002386441175811152
158.56,0.42620917746787274,-0.3982422305743738,0.4277584660769346,-0.40005844872135016,0.00238724601823419
158.58,0.42620917746784215,-0.39824223057435554,0.427757204762114,-0.4000601192776354,0.0023876992778243964
158.62,0.4262091774678375,-0.3982422305743529,0.4277545615157009,-0.4000636922694028,0.002388709811158503
158.66,0.4262091774678375,-0.3982422305743529,0.4277517793339525,-0.4000675572943445,0.002389861534076165
158.68,0.4262091774678375,-0.3982422305743529,0.42775034390617256,-0.40006959306134476,0.0023904910896122584
158.72,0.4262091774678375,-0.3982422305743528,0.42774739891344693,-0.40007385897716563,0.002391858654210868
158.76,0.4262091774678375,-0.3982422305743528,0.4277443731960867,-0.4000783684077391,0.0023933716943314682
158.78,0.4262091774678375,-0.3982422305743528,0.4277428364760008,-0.40008070872896895,0.0023941829249915806
158.82,0.4262091774678375,-0.3982422305743528,0.427739727271312,-0.40008554952800585,0.002395914745105161
158.86,0.4262091774678375,-0.3982422305743528,0.4277365852320944,-0.4000905896111118,0.0023977918189619783
158.88,0.4262091774678375,-0.3982422305743528,0.42773500713318696,-0.40009317918978315,0.0023987844723159218
158.92,0.4262091774678375,-0.3982422305743528,0.4277318464959018,-0.4000984873817672,0.002400876986456916
158.96,0.4262091774678375,-0.3982422305743528,0.42772869195108515,-0.40010395469005094,0.002403110681548269
158.98,0.4262091774678375,-0.3982422305743528,0.42772712117720296,-0.4001067433080709,0.0024042796923401106
159.02,0.4262091774678375,-0.3982422305743528,0.427724000407271,-0.4001124213921204,0.0024067202231867514
159.06,0.4262091774678375,-0.3982422305743528,0.4277209168976622,-0.4001182222641962,0.002409294694313682
159.08,0.4262091774678375,-0.3982422305743528,0.42771939244858376,-0.40012116450293167,0.002410631036893705
159.12,0.4262091774678375,-0.3982422305743528,0.4277163842708486,-0.40012712441063364,0.002413399494715389
159.16,0.42771343782890664,-0.40013317439655693,0.42771343782890664,-0.40013317439655693,0.0
159.18,0.4262091774678375,-0.3982422305743528,0.4277119903343355,-0.40013622936058446,0.002417783678073555
159.22,0.4262091774678375,-0.3982422305743528,0.42770915147104693,-0.400142391905749,0.002420854207844321
159.26,0.4262091774678375,-0.3982422305743528,0.4277063930707617,-0.4001486152200703,0.0024240373303781836
159.28,0.4262091774678375,-0.3982422305743528,0.4277050459709702,-0.40015174626504674,0.0024256695470881396
159.32,0.4262091774678375,-0.3982422305743528,0.42770241941773357,-0.4001580406023412,0.0024290120593093815
159.36,0.4262091774678375,-0.3982422305743528,0.42769988714096185,-0.4001643695868612,0.002432454257114247
159.38,0.4262091774678375,-0.3982422305743528,0.4276986577303661,-0.4001675440525425,0.002434211051195265
159.42,0.42769627476701383,-0.40017390714699563,0.42769627476701383,-0.40017390714699563,0.0
159.46,0.4262091774678375,-0.3982422305743528,0.427693995716375,-0.4001802817451265,0.0024414601310951663
159.48,0.4262091774678375,-0.3982422305743528,0.4276928960645944,-0.40018347069445465,0.0024433243907134375
159.52,0.4262091774678375,-0.3982422305743528,0.42769077802912964,-0.40018984680360536,0.002447110377500191
159.56,0.4262091774678375,-0.3982422305743528,0.4276887700143854,-0.40019621404802574,0.00245096828196266
159.58,0.4262091774678375,-0.3982422305743528,0.4276878077778062,-0.40019939201309523,0.0024529224388183195
159.62,0.4262091774678375,-0.3982422305743528,0.4276859676286074,-0.40020573218334415,0.0024568776419387193
159.66,0.4262091774678375,-0.3982422305743528,0.4276842406506236,-0.4002120456984203,0.0024608906957067464
159.68,0.4262091774678375,-0.3982422305743528,0.42768341978612323,-0.4002151904340284,0.0024629171770312766
159.72,0.4262091774678375,-0.3982422305743528,0.4276818634749647,-0.4002214520125389,0.0024670066025374907
159.76,0.4262091774678375,-0.3982422305743528,0.4276804210288399,-0.40022767153277683,0.002471140104320017
159.78,0.4262091774678375,-0.3982422305743528,0.42767974242011303,-0.40023076377816025,0.0024732217008399822
159.82,0.4262091774678375,-0.39824223057435276,0.42767847009621157,-0.40023690994145183,0.0024774112709288272
159.86,0.4262091774678375,-0.39824223057435276,0.4276773103129164,-0.4002430008470434,0.002481631667851221
159.88,0.4262091774678375,-0.39824223057435276,0.4276767723187632,-0.40024602409630244,0.0024837518243720005
159.92,0.4262091774678375,-0.39824223057435276,0.42767577938197043,-0.4002520233964835,0.002488008915262717
159.96,0.4262091774678375,-0.39824223057435276,0.42767489602584674,-0.4002579562668173,0.0024922842852600972
159.98,0.4262091774678375,-0.39824223057435276,0.4276744949588198,-0.400260896548435,0.0024944273219110096
160.02,0.4262091774678375,-0.39824223057435276,0.42767377297821446,-0.40026672247783235,0.0024987211681719895
160.06,0.4262091774678375,-0.39824223057435276,0.42767315631590025,-0.4002724726636552,0.0025030215757660197
160.08,0.4262091774678325,-0.3982422305743546,0.4276728868588385,-0.40027531832942775,0.0025051728485570674
160.12,0.4262091774678226,-0.3982422305743586,0.4276724237540428,-0.40028094732160174,0.0025094731856760036
160.16,0.42620917746781445,-0.3982422305743621,0.4276720528534741,-0.40028647402254686,0.0025137493250949284
160.18,0.4262091774678128,-0.3982422305743628,0.4276718978178504,-0.40028919081823444,0.002515869047149561
160.22,0.42620917746780956,-0.39824223057436425,0.4276716400383048,-0.4002945167045646,0.00252005458875644
160.26,0.42620917746780795,-0.39824223057436503,0.42767144055076933,-0.40029968171584934,0.002524147088302664
160.28,0.42620917746780795,-0.39824223057436503,0.42767135842459564,-0.4003021980655133,0.002526151067331545
160.32,0.42620917746780795,-0.39824223057436503,0.42767122114791195,-0.4003070881795919,0.002530060997761749
160.36,0.42620917746780795,-0.39824223057436503,0.4276711092816112,-0.40031177613929303,0.002533823883683142
160.38,0.42620917746780956,-0.39824223057436425,0.42767105910325554,-0.400314040278023,0.0025356445658310696
160.42,0.42620917746780795,-0.39824223057436503,0.42767096321587433,-0.4003184018205513,0.002539154311328984
160.46,0.42620917746780795,-0.39824223057436503,0.427670864675664,-0.40032253284312763,0.002542476553093235
160.48,0.42620917746780795,-0.39824223057436503,0.42767081145401653,-0.40032450917592544,0.0025440633019161163
160.52,0.42620917746780634,-0.39824223057436575,0.42767069187682566,-0.4003282787339652,0.002547080935490535
160.56,0.4262091774678031,-0.3982422305743672,0.4276705487813629,-0.4003317986538303,0.0025498825217657563
160.58,0.4262091774678015,-0.3982422305743679,0.42767046648665025,-0.40033346317950175,0.002551199601243054
160.62,0.42620917746779496,-0.3982422305743707,0.4276702773316798,-0.400336598224946,0.0025536618155152305
160.66,0.4262091774677833,-0.39824223057437524,0.42767005240314715,-0.4003394710083301,0.002555889867460946
160.68,0.42620917746777665,-0.3982422305743777,0.4276699257441932,-0.4003408078805931,0.002556914593258131
160.72,0.4262091774677783,-0.39824223057437713,0.4276696437094381,-0.40034328171158984,0.002558784384079811
160.76,0.42620917746777837,-0.39824223057437713,0.42766932749255654,-0.40034549866424424,0.002560424721157199
160.78,0.42620917746777665,-0.3982422305743777,0.42766915847674064,-0.4003465155118189,0.0025611637285572757
160.82,0.42620917746777837,-0.3982422305743772,0.4276688021963763,-0.400348374968389,0.002562488742758098
160.86,0.42620917746777837,-0.3982422305743772,0.42766842601513605,-0.40035001364171413,0.002563621614419305
160.88,0.42766823202383597,-0.400350754357957,0.42766823202383597,-0.400350754357957,0.0
160.92,0.42620917746777837,-0.3982422305743772,0.4276678351428439,-0.40035208655291443,0.0025649901487524163
160.96,0.42620917746777837,-0.3982422305743772,0.42766742998803825,-0.4003532299952729,0.0025657004828830514
160.98,0.4262091774677766,-0.3982422305743775,0.4276672255686804,-0.4003537346340351,0.002565999543745046
161.02,0.42620917746777837,-0.39824223057437724,0.427666815376676,-0.400354616838096,0.0025664925483240876
161.06,0.42620917746777837,-0.39824223057437724,0.42766640624675983,-0.4003553386706663,0.002566854405862203
161.08,0.4262091774677766,-0.39824223057437746,0.42766620308123493,-0.40035564272229157,0.002566989393282444
161.12,0.42620917746777837,-0.39824223057437724,0.4276658013874582,-0.40035614336874936,0.002567173649287004
161.16,0.42620917746777837,-0.39824223057437724,0.4276654081212316,-0.40035650874787104,0.002567251431194289
161.18,0.42610433326893715,-0.3982479446242461,0.4275783711482937,-0.4003580079001555,0.0025739375862906103
161.22,0.4247253900303458,-0.3983013558876224,0.42643235801900486,-0.4004048712242285,0.0027089696354230188
161.26,0.4217460443320969,-0.3983618996600682,0.42368494226643083,-0.4004885136488465,0.002877813798186415
161.28,0.4196561211164512,-0.3983791850109915,0.4217103331038317,-0.4005257006341485,0.0029710799736047035
161.32,0.41427617904890035,-0.3983648587395872,0.41655947999583925,-0.40056242382701335,0.0031690306921464692
161.36,0.4072969085514448,-0.39826597931522467,0.4098072511594576,-0.4005224139981273,0.003375398863513841
161.38,0.40320779044203153,-0.39818116954991706,0.4058309635133818,-0.40046731996787666,0.003479586282274687
161.42,0.3938410345030327,-0.3979353730523314,0.39668784018391434,-0.40028249609194677,0.0036896191060586817
161.46,0.3838465241350713,-0.3976046412464589,0.3867035518631956,-0.39999567597999036,0.003725540838083108
161.48,0.37885014743552187,-0.3974143829766044,0.38170423726008645,-0.39982601560201414,0.003736549296693903
161.52,0.3688593302508989,-0.3969863141609436,0.3717075664452281,-0.3994373674033753,0.003757673670759886
161.56,0.3588713404008839,-0.3964966625858142,0.36171374971267667,-0.39898537949678137,0.003777962752423614
161.58,0.3538784731848211,-0.39622971706788906,0.3567179899437223,-0.398736530875943,0.003787739549167917
161.62,0.34389509821634684,-0.39565355412679204,0.34672889275849655,-0.3981949852908229,0.0038064765687739204
161.66,0.33391503939366,-0.3950225339210279,0.3367431729720296,-0.3975971722530116,0.003824539459545626
161.68,0.3289262926045915,-0.39468728506552,0.3317516338532942,-0.39727783633864605,0.003833211326070621
161.72,0.3189514090895333,-0.3939791241065015,0.32177125036484666,-0.39660018376809886,0.003849864746664987
161.76,0.3089801078657049,-0.3932221810710091,0.3117945404138905,-0.39587247992553604,0.003865891176248142
161.78,0.30399581552186705,-0.39282617720719354,0.30680758841432343,-0.39549053214619284,0.003873609949352474
161.82,0.2940299545301509,-0.39200067701944435,0.2968365090516776,-0.39469198407495537,0.003888429239338834
161.86,0.28406778350453815,-0.39113177055265735,0.28686922638191414,-0.39384893599982035,0.003902700380820587
161.88,0.2790880829335421,-0.3906816888152838,0.28188701658044235,-0.39341132892989095,0.003909599047859363
161.92,0.2691314298680658,-0.38975167307492137,0.27192544910473465,-0.39250530216531887,0.003922883717669804
161.96,0.25917846099755987,-0.38878301850950553,0.26196767891459816,-0.39155970383438726,0.003935697902804659
161.98,0.2569902127533758,-0.39107260861608906,0.2569902127533758,-0.39107260861608906,0.0
162.02,0.24425582787224956,-0.38726167487098717,0.24703808749110365,-0.39007101234362673,0.003953902581233247
162.06,0.23431190335427518,-0.38620419151559016,0.23708967413874435,-0.3890342176832889,0.003965483405703524
162.08,0.22934126798900337,-0.38566310123426867,0.23211684110622094,-0.388503148742013,0.0039711051327389725
162.12,0.21940259738120085,-0.3845573233391058,0.22217388634864202,-0.38741663298412465,0.0039819209167384195
162.16,0.20946737793979672,-0.38342095207284316,0.21223449100811934,-0.38629887480864145,0.00399241205364708
162.18,0.20450103988454096,-0.38284174399426546,0.2072661112091432,-0.3857286875608507,0.003997507046496051
162.22,0.19457084533045907,-0.38166226495753147,0.19733193479237435,-0.3845666181938918,0.004007353582884398
162.26,0.18464392959761283,-0.38045549891365205,0.18740114392877752,-0.3833766802769322,0.004016905702796043
162.28,0.17968167187490539,-0.3798423146786329,0.18243699812922543,-0.3827716188789175,0.004021522829171834
162.32,0.16975949032247223,-0.37859721972241106,0.17251114090115344,-0.38154218914178306,0.004030437418964955
162.36,0.15984038461694564,-0.3773278518864003,0.16258846420252085,-0.38028795841143914,0.004039080594421569
162.38,0.15488195607596628,-0.3766844362376466,0.15762829266957665,-0.37965189044718844,0.004043284453403093
162.42,0.1449672811799438,-0.3753809100666358,0.1477102239771931,-0.378362569409318,0.004051422913592919
162.46,0.13505546900592758,-0.37405579042412224,0.13779511976177028,-0.37705116940949573,0.004059308011226379
162.48,0.13010060723822353,-0.3733854601234243,0.13283864591371897,-0.37638754968656746,0.004063175794085463
162.52,0.12019290888579336,-0.3720299231192593,0.12292780873812456,-0.37504500760691384,0.004070677053019094
162.56,0.11028786628219978,-0.37065511362707293,0.11301971746538293,-0.37368280030429546,0.004077977133639915
162.58,0.10533631034785701,-0.3699607850806651,0.10806667444530155,-0.3729946009201233,0.004081534840272923
162.62,0.09543506490195232,-0.3685588889934488,0.09816253626932592,-0.37160457126231994,0.004088432528825549
162.66,0.0855362628158943,-0.3671398422808411,0.08826092498476779,-0.37019704631411515,0.004095153285965908
162.68,0.08058775111464105,-0.36642413942761853,0.08331103862938644,-0.3694869840293398,0.004098452383798229
162.72,0.07069244572185045,-0.3649809102568177,0.07341305519950593,-0.36805471553078595,0.004104874516009435
162.76,0.06079938360056729,-0.36352238256891944,0.06351739263177668,-0.3666068396558973,0.004111137143801422
162.78,0.055853665918779986,-0.362787620337267,0.05857040363217689,-0.3658772879226313,0.00411420825815171
162.82,0.04596379943945351,-0.361307578243763,0.048678063023633124,-0.3644073624255704,0.004120180673002978
162.86,0.03607598522952789,-0.3598138864902853,0.03878783904953168,-0.36292355950206756,0.004126041369312264
162.88,0.031132822516875887,-0.3590621275294479,0.03384350078204396,-0.362176623716552,0.004128905806232541
162.92,0.021247930231383008,-0.3575492192739782,0.023956317925196282,-0.3606731054895889,0.004134492591368598
162.96,0.01136490656337875,-0.35602415165683743,0.014071068170589654,-0.3591571894827053,0.004139956118446334
162.98,0.006424071824910063,-0.3552572413611096,0.00912914346480832,-0.3583947714414389,0.00414264499830157
163.02,-0.00345629313693999,-0.35371504235972834,-0.0007533473512805515,-0.3568613362001406,0.004147900776348232
163.06,-0.013334958650636662,-0.3521619943373196,-0.010634081031168875,-0.3553168468381578,0.004153051193687234
163.08,-0.018273675685905048,-0.3513815627284938,-0.015573811916715113,-0.3545406251559444,0.004155591389046171
163.12,-0.028149925631743494,-0.3498132264432425,-0.025452040586248316,-0.35298051337612346,0.0041605636918457525
163.16,-0.03802463344966363,-0.3482352093607182,-0.03532867731318128,-0.3514105545306455,0.004165452729058078
163.18,-0.042961426832064345,-0.3474427002775493,-0.04026641749642268,-0.3506220171119748,0.004167868862243295
163.22,-0.0528339354646733,-0.34585098213008164,-0.05014077579523119,-0.3490380709547128,0.004172606401423247
163.26,-0.06270504797699708,-0.3442506285015169,-0.06001368623092663,-0.3474453000953056,0.004177242468467921
163.28,-0.06764009961058577,-0.3434473445992425,-0.06494961995741623,-0.346645751078933,0.0041795316452259874
163.32,-0.07750923148558185,-0.3418348215078537,-0.07482047757191052,-0.345040553226237,0.004184030766919811
163.36,-0.08737709564887274,-0.3402145585757183,-0.08469003141679161,-0.3434275124380698,0.004188482626074631
163.38,-0.09231056961309285,-0.3394016413815902,-0.08962433022640393,-0.3426181267904446,0.0041906634830265735
163.42,-0.1021766393712204,-0.3377704874048074,-0.09949201598442889,-0.3409939132510306,0.004194958511714713
163.46,-0.11204156656740938,-0.3361324374819237,-0.109358525415808,-0.339362704486437,0.00419920644189281
163.48,-0.11697361706819635,-0.3353109281191239,-0.11429135147047018,-0.33854455969794967,0.004201300027887162
163.52,-0.12415618145976985,-0.3369034150399133,-0.12415618145976985,-0.3369034150399133,0.0
163.56,-0.13669920609439667,-0.33200924887624644,-0.13401995110467177,-0.335256028408819,0.004209511210710572
163.58,-0.1416299737060337,-0.3311800742378973,-0.1389514496634539,-0.33443006807633485,0.004211525970068332
163.62,-0.15149079563687792,-0.32951748945002535,-0.14881370620530504,-0.33277381443538817,0.004215502370410603
163.66,-0.16135069208685698,-0.3278494248366855,-0.15867500786601946,-0.33111198965418553,0.004219433046989602
163.68,-0.16628030621046566,-0.3270134197813933,-0.16360531300251935,-0.33027906588151185,0.004221378105995518
163.72,-0.17613889318211337,-0.3253376331643962,-0.17346525669103208,-0.32860935013246345,0.004225217628191571
163.76,-0.18599664553906067,-0.32365694386943816,-0.18332434098724623,-0.3269346596621305,0.004229022633577739
163.78,-0.1909252206973786,-0.3228148353269568,-0.1882535702445702,-0.3260955074092126,0.00423090125780358
163.82,-0.2007817942984951,-0.3211272467679025,-0.1981114291482916,-0.32441374851339366,0.004234612586593705
163.84,-0.20570979747893497,-0.3202817974488092,-0.20304006729534074,-0.32357119385768235,0.004236459369320295
163.88,-0.2155652585629205,-0.3185877238609813,-0.21289677790308542,-0.3218828380735297,0.004240113996775603
163.92,-0.2254200123140847,-0.3168895403850581,-0.22275276021442786,-0.3201903111837669,0.00424373910940958
163.96,-0.23527409141629657,-0.31518744643570107,-0.2326080377060825,-0.31849375656009815,0.0042472966725244105
163.98,-0.23753542603211242,-0.31764405142059104,-0.23753542603211242,-0.31764405142059104,0.0
164.02,-0.2500540168611375,-0.3126274077093507,-0.24738971889200226,-0.31594188760294367,0.0042525593039215905
164.06,-0.25498035191908197,-0.31177229202589485,-0.2572433883318202,-0.314236181579649,0.0033454574483137486
164.08,-0.2648325827807104,-0.3100595322342259,-0.2621699968612771,-0.31338204546303056,0.0042577526858598195
164.12,-0.2746842512844718,-0.3083435407340372,-0.27202277936652586,-0.31167131228147404,0.00426116137243654
164.16,-0.28453537660217537,-0.3066244336439825,-0.2818750026666817,-0.3099574170534731,0.004264547793681509
164.18,-0.28946074367496527,-0.3057637599812843,-0.28680091181396833,-0.30909932604957924,0.004266228606712843
164.22,-0.29931110226859897,-0.30404026501900655,-0.29665233993220375,-0.30738094415546946,0.0042695613655541215
164.26,-0.3091609731169174,-0.30231398472923504,-0.30650326540226586,-0.30565973199805874,0.0042728719947313755
164.28,-0.3140857326279959,-0.30144984138364206,-0.31142854687149296,-0.304798106651767,0.004274519440860423
164.32,-0.3239349142115287,-0.29971963284581904,-0.3212787595512979,-0.30307288883687206,0.004277789536734906
164.36,-0.3337836579580779,-0.2979869337631323,-0.3311285210073863,-0.30134513982377475,0.004281039613535898
164.38,-0.3387078720374416,-0.2971196877360382,-0.3360532390242335,-0.3004803536689859,0.004282657113018702
164.42,-0.34855599727171716,-0.2953834766526782,-0.34590236067211844,-0.2987490217939162,0.004285869958414569
164.46,-0.35840372901923284,-0.2936450351013616,-0.3557510773329609,-0.2970154256113658,0.0042890667001817245
164.48,-0.363327453171626,-0.2927750118557318,-0.360675289203271,-0.2961478094910574,0.004290657013080691
164.52,-0.37317462966810366,-0.2910334278946977,-0.37052343080781797,-0.29441100300062734,0.004293817531402058
164.56,-0.38302145335892124,-0.28928985028651566,-0.380371209011509,-0.2926721706686191,0.004296962446680557
164.58,-0.387944737939468,-0.28841734302628425,-0.38529496708063865,-0.2918020247333843,0.004298529500035895
164.62,-0.3977910630955218,-0.2866709522811631,-0.3951422300604501,-0.29006032410762816,0.004301645943789692
164.66,-0.40763707166611474,-0.2849227775271518,-0.40498916730604956,-0.28831681234524853,0.004304749684535119
164.68,-0.4125599617171726,-0.2840480469791937,-0.40991251834585934,-0.2874444032233166,0.004306296801348326
164.72,-0.42240552279628074,-0.28229735374079984,-0.4197589932494309,-0.2856983238127707,0.004309375369214299
164.76,-0.4322507992953009,-0.2805450608293009,-0.4296051758519366,-0.2839506228641162,0.004312444339009397
164.78,-0.43452816102449787,-0.2830761840189965,-0.43452816102449787,-0.2830761840189965,0.0
164.82,-0.44701820999021635,-0.2779137910906238,-0.4443739275251345,-0.28132617706499397,0.004317013758747772
164.86,-0.4568628299633995,-0.2761578134639007,-0.4542194317837473,-0.279574718260299,0.004320045407612996
164.88,-0.4617850477755707,-0.2752793080288426,-0.4591420892485338,-0.2786984651063255,0.0043215581560519115
164.92,-0.47162930675849324,-0.27352130776436223,-0.4689872212802967,-0.27694494744892045,0.004324572159622155
164.96,-0.4814733368439269,-0.2717620262204893,-0.47883211797772496,-0.27519012921576885,0.004327577526217854
164.98,-0.4863952693698084,-0.27088192383753407,-0.4837544813726573,-0.27431225087097705,0.0043290766685596055
165.02,-0.4962389760061197,-0.26912083339567666,-0.4935990440230077,-0.27255558803195856,0.004332064206232149
165.06,-0.506082477051739,-0.2673585941770375,-0.5034433952385463,-0.27079775849712007,0.004335043718032561
165.08,-0.5110041533635923,-0.2664770601289415,-0.508365494602939,-0.26991842323976734,0.004336530884903864
165.12,-0.5208473636775658,-0.2647131977133417,-0.5182095460210543,-0.26815894064252604,0.004339496090910545
165.16,-0.5306903894815883,-0.2629483059490466,-0.5280534076759802,-0.2663984123655056,0.00434245406745998
165.18,-0.5356118359525316,-0.2620654896426369,-0.5329752700715665,-0.265517771311866,0.004343930060252402
165.22,-0.5454546013126828,-0.2602991459627033,-0.5428188626393867,-0.26375576120666305,0.004346873278424751
165.26,-0.5552972008906553,-0.2585318787286808,-0.5526622848718173,-0.26199281360186844,0.00434981064217457
165.28,-0.5602184409434076,-0.2576479124729182,-0.5575839343816821,-0.2611110008526809,0.004351276358704676
165.32,-0.57006080653947,-0.25587934259261924,-0.5674271147063807,-0.25934672255721336,0.004354199868006724
165.36,-0.5799030232545725,-0.25410994436685697,-0.5772701424586623,-0.2575816054338816,0.0043571196735650635
165.38,-0.5848240779411571,-0.25322494675748114,-0.5821916008690495,-0.2566987420026716,0.0043585764809946845
165.42,-0.5946660844431194,-0.25145437962635514,-0.5920344111203204,-0.2549324295908587,0.0043614832377890985
165.46,-0.6045079574034182,-0.24968307033731307,-0.6018770842378022,-0.2531653639079914,0.0043643856527518414
165.48,-0.609428845681743,-0.24879714790959412,-0.6067983712791126,-0.25228155915166256,0.0043658352335775134
165.52,-0.6192705297812164,-0.24702478958544943,-0.6166408496655414,-0.2505134242693764,0.004368728587206421
165.56,-0.6291120937373774,-0.245251764249969,-0.6264832048827423,-0.2487446133566252,0.004371618863978605
165.58,-0.6340328323303138,-0.2443650107925744,-0.631404337758846,-0.24785996242593566,0.004373061928645721
165.62,-0.6438742263242521,-0.24259104230055784,-0.6412465175521888,-0.24609018899114632,0.004375943435767286
165.66,-0.6537155124479239,-0.24081647547689808,-0.6510885865977365,-0.24431980811012524,0.004378821640740495
165.68,-0.6586361165074454,-0.2399289757925303,-0.6560095811681572,-0.24343439858706747,0.004380259907470128
165.72,-0.6684772497883698,-0.2381535615510916,-0.6658514930881781,-0.24166315616694767,0.004383132739975712
165.76,-0.6783182861470133,-0.23637761015263367,-0.6756933054953359,-0.2398913682434544,0.004386002661021611
165.78,-0.6832387693227613,-0.23548944051076137,-0.6806141757958452,-0.23900527751307193,0.004387436724141577
165.82,-0.6930796685351364,-0.23371272931781356,-0.6904558469964484,-0.23723271575528318,0.004390301127127064
165.86,-0.7029204805982966,-0.231935535480216,-0.7002974288496506,-0.23545966447014827,0.004393163508652466
165.88,-0.7078408551705763,-0.23104676437676058,-0.7052181874107153,-0.23457296152366358,0.004394593553156086
165.92,-0.7176815439353352,-0.22926888793334155,-0.7150596421412947,-0.23279921389332295,0.0043974504433036635
165.96,-0.7275221542883045,-0.22749057753538476,-0.7249010164598886,-0.23102502587258536,0.004400305508017916
165.98,-0.7324424311481814,-0.22660126565742258,-0.7298216745192848,-0.23013777251185252,0.004401732163516475
166.02,-0.7422829304822343,-0.22482234103105617,-0.7396629345371497,-0.22836295862464973,0.0044045830331966435
166.06,-0.7521233592241925,-0.223043025948777,-0.74950412224306,-0.22658774884920688,0.004407432677212916
166.08,-0.7570435481448471,-0.22215322766581666,-0.7544246899244539,-0.2257000006945567,0.004408856688067652
166.12,-0.7668838771614236,-0.22037336114423425,-0.7642657748257443,-0.2239242281833163,0.00441170223035606
166.16,-0.7767241427972345,-0.21859314424546367,-0.7741067947455766,-0.22214810002561705,0.004414546570415005
166.18,-0.781644252683222,-0.2177029090466387,-0.7790272812243764,-0.2212599074474289,0.00441596843734609
166.22,-0.7914844284378864,-0.21592219539517338,-0.7888682087727056,-0.21948327380576124,0.004418810335693715
166.26,-0.8013245471188668,-0.21414116638470826,-0.7987090777723237,-0.21770631979582283,0.004421651133625144
166.28,-0.8062445858662155,-0.213250538109765,-0.8036294911354883,-0.2168177271468326,0.0044230711137005635
166.32,-0.8160846237750777,-0.21146906289382147,-0.813470276982443,-0.21504031819718225,0.004425909352205708
166.36,-0.825924610271377,-0.2096873037220766,-0.8233110101147492,-0.2132626208564125,0.004428746819338491
166.38,-0.8308445849541559,-0.20879632161201964,-0.8282313576476314,-0.2123736680679627,0.004430165304073153
166.42,-0.8406844986547827,-0.20701416046374468,-0.8380720158972271,-0.21059556110095323,0.004433000866537567
166.46,-0.850524365870863,-0.20523174267755254,-0.8479126266654163,-0.20881719441011745,0.004435836539348571
166.48,-0.8554442826703478,-0.2043404409969512,-0.8528329146187309,-0.20792791570703656,0.004437253418107577
166.52,-0.8652840841097323,-0.20255766012740203,-0.8626734573611646,-0.20614917690950016,0.00444008612714097
166.56,-0.8751238437816382,-0.20077464874358847,-0.8725139573446137,-0.20437020424629093,0.004442918701391978
166.58,-0.8800437085206947,-0.1998830597412183,-0.8774341918079835,-0.2034806329838112,0.0044443346757123345
166.62,-0.8898834090379942,-0.19809972193640005,-0.8872746308560724,-0.20170132705172736,0.004447165727654334
166.66,-0.8997230719349875,-0.196316176571393,-0.8971150314042249,-0.1999218105660797,0.004449996844239404
166.68,-0.9046428897879066,-0.1954243288860813,-0.9020352177178282,-0.19903197597468897,0.004451412263653673
166.72,-0.9144824993584678,-0.1936404893485042,-0.9118755634033038,-0.19725215945368912,0.004454242474654195
166.76,-0.9243220749636387,-0.19185646246885252,-0.9217158743292034,-0.19547215283954164,0.004457072873941476
166.78,-0.9292418505108319,-0.19096438143829136,-0.9266360171991742,-0.1945820806645015,0.004458487965607406
166.82,-0.9390813780462489,-0.18918008945622616,-0.9364762786328291,-0.19280180339147537,0.00446131760610904
166.86,-0.9489208748846978,-0.18739562820335173,-0.9463165087019567,-0.1910213545939077,0.004464147743184507
166.88,-0.9512366122793698,-0.19013106753344652,-0.9512366122793698,-0.19013106753344652,0.0
166.92,-0.963680065592245,-0.18471863555350554,-0.9610767974962796,-0.18835037344034578,0.004468391752989188
166.96,-0.9735194913044637,-0.18293378215564465,-0.9709169544058004,-0.18656952453939116,0.004471221420358725
166.98,-0.9784391941624018,-0.18204130034097657,-0.9758370226014866,-0.1856790439833876,0.004472636318809908
167.02,-0.9882785806723877,-0.1802562308450017,-0.9856771391837946,-0.18389797453821025,0.0044754658914573
167.06,-0.9981179422039663,-0.17847102367231785,-0.9955172302473952,-0.18211676553330727,0.004478296148985953
167.08,-1.0030376139188362,-0.17757837020213785,-1.0004372665097034,-0.18122611033481423,0.004479711455408842
167.12,-1.0128769399430642,-0.1757929673379109,-1.0102773211312897,-0.17944470202315935,0.004482542155739147
167.16,-1.0227162433594637,-0.17400743988676456,-1.0201173526382148,-0.17766316728903464,0.0044853735430509835
167.18,-1.0276358868959592,-0.17311463113134443,-1.0250373600111116,-0.17677235408454642,0.00448678940598471
167.22,-1.0374751582477157,-0.17132892699419314,-1.0348773585681599,-0.17499063913010837,0.004489621246988379
167.26,-1.047314409126836,-0.16954311005600828,-1.0447173362196323,-0.17320880982650125,0.004492453949983701
167.28,-1.0522340271718194,-0.16865016084613094,-1.0496373174240823,-0.17231785348456102,0.004493870359054315
167.32,-1.0620732490509155,-0.1668641841349029,-1.0594772651858113,-0.1705358606798267,0.004496703334491269
167.36,-1.0719124524588122,-0.1650781056659573,-1.0693171940500215,-0.1687537645009673,0.0044995370961673385
167.38,-1.0768320474794295,-0.16418502961483192,-1.0742371516564384,-0.16786267907352687,0.004500954329163531
167.42,-1.08667122464621,-0.16239880659404946,-1.0840770536072366,-0.16608043566693118,0.004503789072518419
167.46,-1.096510385063926,-0.16061249131565716,-1.0939169384388503,-0.16429809860360356,0.004506624732333491
167.48,-1.1014299592128833,-0.15971930029864218,-1.0988368746534074,-0.16340689614489173,0.004508042885540187
167.52,-1.111269095835495,-0.15793285395995893,-1.1086767350628832,-0.16162442546453154,0.004510879575952841
167.56,-1.121108217221367,-0.156146323704538,-1.1185165799389396,-0.159841869791584,0.004513717390926159
167.58,-1.1260277724055798,-0.1552530282386129,-1.1234364966815655,-0.15895056078805242,0.004515136413446506
167.62,-1.1358668721906653,-0.15346637902348512,-1.1332763192678805,-0.15716788314200747,0.004517974898689302
167.66,-1.1457059581934144,-0.15167965391043606,-1.1431161277839503,-0.15538512849989944,0.004520814471192493
167.68,-1.1506254962066695,-0.15078626388580046,-1.1480360269293641,-0.15449372319958943,0.004522234591605033
167.72,-1.1604645626215153,-0.14899943090986534,-1.1578758153311397,-0.15271085847835328,0.004525075372804236
167.76,-1.170303616509952,-0.14721252895953546,-1.1677155909470702,-0.1509279237787872,0.004527917289113452
167.78,-1.175223138917431,-0.1463190530044618,-1.172635474100577,-0.15003643095281927,0.004529338584751542
167.82,-1.18247523142532,-0.14825339613542923,-1.18247523142532,-0.14825339613542923,0.0
167.86,-1.1949011996756107,-0.14274499021931913,-1.1923149771340893,-0.14647029773271328,0.004535026251701783
167.88,-1.199820707894285,-0.14185143614351572,-1.1972348457481055,-0.14557872531760832,0.004536448790227057
167.92,-1.209659716388157,-0.14006428425929943,-1.207074574810862,-0.1437955357866811,0.0045392945415832775
167.96,-1.2194987145387284,-0.13827707543186576,-1.2169142933116646,-0.1420122884306992,0.004542141480133837
167.98,-1.2244182098617291,-0.13738345036117486,-1.2218341487340292,-0.1411206437940533,0.004543565413465476
168.02,-1.2342571932758883,-0.13559616040828673,-1.2316738521487507,-0.13933731383841413,0.004546414011824579
168.06,-1.2440961672765785,-0.13380881863526609,-1.2415135459655773,-0.1375539313274675,0.004549263886973965
168.08,-1.2490156508606707,-0.13291512894312466,-1.2464333893873645,-0.13666222097920397,0.00455068929321378
168.12,-1.2588546114336894,-0.13112771325491404,-1.2562730694609925,-0.13487876320783349,0.0045535408975974625
168.16,-1.2686935634178769,-0.1293402502895106,-1.2661127407699857,-0.13309525743456543,0.004556393771315297
168.18,-1.2736130362941178,-0.12844650165598553,-1.2710325732453907,-0.13220348713603491,0.0045578206901048844
168.22,-1.283451976032424,-0.12665897128537731,-1.2808722320214578,-0.13041991271746559,0.004560675346668892
168.26,-1.293290907925528,-0.124871397733944,-1.2907118828077933,-0.1286362945333422,0.00456353135937785
168.28,-1.2982103710293509,-0.12397759531167449,-1.2956317052850799,-0.1277444694674365,0.004564959794568249
168.32,-1.3080492917441728,-0.12218996023500463,-1.305471344601272,-0.12596078844592262,0.004567817516916098
168.36,-1.3178882052960865,-0.12040228573502038,-1.3153109766131157,-0.12417706740515916,0.004570676573718962
168.38,-1.3228076594732143,-0.11950843418182994,-1.3202307899672932,-0.12328519235563552,0.0045721065991459284
168.42,-1.3326465628027868,-0.11772070342155183,-1.3300704115210618,-0.12150141401208593,0.004574967540399644
168.46,-1.3424854595795335,-0.11593293659770665,-1.3399100263936408,-0.11971759905630999,0.00457782983744033
168.48,-1.3474049055851096,-0.11503904007225156,-1.3448298314032197,-0.11882567827963553,0.004579261507694913
168.52,-1.357243792989834,-0.11325122167064579,-1.354669436703141,-0.11704181086210695,0.004582125784966778
168.56,-1.3670826743767166,-0.11146337015141047,-1.3645090358833882,-0.11525790990268728,0.0045849914959966214
168.58,-1.3720021128836648,-0.11056943235919067,-1.3694288332291746,-0.11436594712044097,0.004586424807255043
168.62,-1.3818409856751381,-0.10878153353845273,-1.3792684235942874,-0.11258199783963214,0.00458929238166086
168.66,-1.3891080083476546,-0.11079801779470463,-1.3891080083476546,-0.11079801779470463,0.0
168.68,-1.3965787416386954,-0.10610336192033046,-1.394011503000777,-0.10990890816143713,0.004590522455802047
168.72,-1.4063121951171826,-0.10433454435473183,-1.403764301607804,-0.10814054537468473,0.004580109725652427
168.76,-1.4159078788990522,-0.10259073506832574,-1.413378198421741,-0.10639727073314544,0.004570448236752454
168.78,-1.4206292624911618,-0.10173271505979752,-1.4181096856577362,-0.10553923908424605,0.004564854057715205
168.82,-1.429975784553634,-0.10003414664300492,-1.4274748352824327,-0.10384110887100655,0.004554965275669375
168.86,-1.4392008719429648,-0.09835762233120555,-1.4367284145641692,-0.1021631220894083,0.004538157544603493
168.88,-1.44127413403747,-0.10133876761199695,-1.44127413403747,-0.10133876761199695,0.0
168.92,-1.4527215069508426,-0.09590040233211877,-1.4502708625201182,-0.09970738413230816,0.004527556576434331
168.96,-1.4615682788374786,-0.09429257629948719,-1.4591339747052297,-0.09810015953319583,0.004519239614127982
168.98,-1.4659280193839823,-0.09350022262188652,-1.4634969922234284,-0.09730891498124482,0.004518410178766964
169.02,-1.4745454290372266,-0.09193405147326951,-1.4721320936878695,-0.09574306926432884,0.00450919106282528
169.06,-1.4830401232547221,-0.0903901645430427,-1.4806422332372444,-0.0941998152168143,0.004501479178235477
169.08,-1.487222849075456,-0.0896299591158048,-1.4848311740306601,-0.09344012360443897,0.004498606778809211
169.12,-1.4954992111563714,-0.08812572741657397,-1.4931242047124302,-0.09193627165337756,0.004490089418864524
169.16,-1.503652541971414,-0.08664384034864506,-1.5012888166223444,-0.09045564399513964,0.004485202845498022
169.18,-1.5076687212975746,-0.08591388444319639,-1.505311197816209,-0.08972614648481032,0.004482327390889723
169.22,-1.515616020471837,-0.08446942134556999,-1.5132745413025366,-0.08828204676147423,0.0044742191790598075
169.26,-1.5234449844017128,-0.08304645199289838,-1.5211141023161219,-0.08686033751669722,0.004469757721126639
169.28,-1.5273012695251829,-0.08234553987420647,-1.5249765768283445,-0.08615982957241974,0.004466878332418445
169.32,-1.534931051095629,-0.08095875339767936,-1.532621380435289,-0.08477346585683482,0.004459440514825995
169.36,-1.542448570929876,-0.07959235905615654,-1.5401488367335998,-0.08340833187896751,0.0044553816848789075
169.38,-1.5461483272409589,-0.07891988197491927,-1.543857781296816,-0.08273565884986615,0.004450477938559964
169.42,-1.5534747977552015,-0.07758819557347356,-1.5511986371675663,-0.08140438954224279,0.004443449496503155
169.46,-1.5606962258717656,-0.07627559109013533,-1.5584323234140776,-0.08009250980038789,0.004437806077173941
169.48,-1.5642487232540123,-0.07562986668523859,-1.5619938218239569,-0.07944656983632394,0.004433035461483585
169.52,-1.571283853842187,-0.07435110933144672,-1.569042726385937,-0.0781682234183128,0.004426399465401736
169.56,-1.578212402362279,-0.073091715520535,-1.5759772880827272,-0.07691057244168742,0.004424862034785954
169.58,-1.581623590879875,-0.07247166450363204,-1.579397227478655,-0.07629029937964725,0.004420256362544128
169.62,-1.5883818863195214,-0.0712432039852305,-1.5861679421354433,-0.07506238375403536,0.0044144855823370155
169.66,-1.5950404169521668,-0.07003286935168675,-1.5928375485086836,-0.07385276783093025,0.004409563898053956
169.68,-1.598321218751843,-0.06943650831589511,-1.5961215435891534,-0.07325714433027138,0.004408608666654647
169.72,-1.6048094311206211,-0.06825712100854864,-1.60262303384893,-0.07207803663905984,0.004402241393329452
169.76,-1.6112004802489759,-0.06709538804167024,-1.6090219997758852,-0.0709174894753649,0.004399345012736335
169.78,-1.6143609692721923,-0.0665208874704422,-1.6121827200596288,-0.07034423322215287,0.004400311621823788
169.82,-1.6205924470113613,-0.06538815023621401,-1.6184330362336667,-0.06921064825648043,0.004390278581339011
169.86,-1.6267341448182981,-0.06427172638682904,-1.624587230703732,-0.06809448049809219,0.004384368735690815
169.88,-1.6297589029359651,-0.06372189040446836,-1.6276151627121203,-0.06754528901344364,0.0043833775870263155
169.92,-1.6357447303852084,-0.06263379123349547,-1.633609675795503,-0.0664580974359871,0.0043799287701329305
169.96,-1.6416467751224708,-0.06156091629633877,-1.6395283811144692,-0.06538462775153112,0.004371311298192605
169.98,-1.6445558041559567,-0.06103211032601679,-1.6424376232659348,-0.06485696226440482,0.004372205694320054
170.02,-1.6502998567936893,-0.05998794724568895,-1.6481953334068795,-0.06381270282771148,0.0043655210396746245
170.06,-1.6559691436620163,-0.05895737017609622,-1.6538828089801167,-0.06278116043570717,0.004355934383618797
170.08,-1.65875541018178,-0.05845087391468614,-1.656674506472369,-0.06227480776986144,0.004353461884132785
170.12,-1.6642751661464745,-0.05744747193181154,-1.6622012303165687,-0.061272433637549306,0.004351039172074571
170.16,-1.6697053543389333,-0.056460347512668055,-1.6676354939497247,-0.06028680712185016,0.004350415517110639
170.18,-1.6723785213359974,-0.05597440542452496,-1.6703161558434445,-0.05980059062458236,0.004346613004399083
170.22,-1.6776746258346174,-0.05501164920397737,-1.6756232788874215,-0.05883803543293512,0.0043415729719685
170.26,-1.6802941013012889,-0.05453546447563204,-1.68084138230169,-0.05789160618207496,0.003400471091940869
170.28,-1.6854536811513758,-0.05359752079607831,-1.6834155313723245,-0.05742470587334739,0.004336058133549209
170.32,-1.690541373730167,-0.052672641698206506,-1.688511784529858,-0.05650038756843426,0.004332536297488657
170.36,-1.6955544970220748,-0.051761314947952754,-1.6935345515354778,-0.055589379936035355,0.004328309291375498
170.38,-1.6980272041323563,-0.05131180469596548,-1.6960074392581685,-0.05514084515144313,0.004329087774195293
170.42,-1.7029144859887009,-0.05042334964631134,-1.7009020717235437,-0.05425308603134339,0.004326279227401596
170.46,-1.7077241820399818,-0.04954899584800493,-1.7057170070355765,-0.05337976743891744,0.0043247615518143545
170.48,-1.7080914786234627,-0.05294908094934896,-1.7080914786234627,-0.05294908094934896,0.0
170.52,-1.7147876814838485,-0.048264918227747644,-1.7127914597953982,-0.052096619810908275,0.004320513632872293
170.56,-1.71940802766833,-0.047424979501892194,-1.7174186777842657,-0.05125734299041079,0.004317930391907288
170.58,-1.721689743646679,-0.04701018243541828,-1.7197005600848918,-0.050843450512824864,0.004318656665648296
170.62,-1.726192471222439,-0.04619162202761971,-1.724215459682772,-0.050024550358596695,0.004312761785490011
170.66,-1.7286549480175246,-0.04921931840569229,-1.7286549480175246,-0.04921931840569229,0.0
170.68,-1.7328092558736805,-0.04498873836172227,-1.7308434709904117,-0.04882235465195242,0.004308239091323296
170.72,-1.737132962013961,-0.04420271708329768,-1.735176244663003,-0.04803648564227641,0.004304244899556031
170.76,-1.741393119437197,-0.043428246475097666,-1.739442660032825,-0.04726264093802987,0.00430196150441497
170.78,-1.7434866850122814,-0.04304764829470643,-1.7415441884697722,-0.046881454951898695,0.004297832744813603
170.82,-1.7476376547865742,-0.04229302444255603,-1.7457030246437177,-0.04612712944032646,0.004294549443606035
170.86,-1.7517284211624229,-0.04154934341552711,-1.749799758301421,-0.0453840575565842,0.004292408761410179
170.88,-1.7537469212383527,-0.04118238945797983,-1.751818405446576,-0.045017904176791176,0.004293057921499651
170.92,-1.7558141948354666,-0.04429314687610105,-1.7558141948354666,-0.04429314687610105,0.0
170.96,-1.75975117169405,-0.043579048206145166,-1.75975117169405,-0.043579048206145166,0.0
170.98,-1.7635968434468288,-0.03939171314520053,-1.7616889133787694,-0.043227567949153015,0.004284154434845958
171.02,-1.7674242749126385,-0.038695898792957276,-1.7655235981357786,-0.042532028544467165,0.00428117550218557
171.06,-1.771196118669914,-0.03801018867119713,-1.7693008672862234,-0.041846894747705234,0.004279286310226955
171.08,-1.7730526826154855,-0.037672670281095985,-1.7711615721992042,-0.04150938676000647,0.004277463260638361
171.12,-1.7767287207505449,-0.037004375332787755,-1.7748453195953429,-0.040841221013666315,0.004274176492646599
171.16,-1.7803520554404302,-0.03634566047593991,-1.7784753008614504,-0.04018279980773348,0.004271515656218369
171.18,-1.7821362095780824,-0.036021304434997875,-1.7802620208310276,-0.03985871067741151,0.004270628774419754
171.22,-1.785666773390997,-0.03537945335306602,-1.7837992727309397,-0.03921711342418775,0.004267926140035268
171.26,-1.7891445610357108,-0.03474719577302192,-1.787281988471632,-0.038585401192748336,0.004266262697077677
171.28,-1.7908577364342335,-0.034435742155686566,-1.7889976655878101,-0.03827419743535663,0.004265395935636119
171.32,-1.794247942908132,-0.033819405146444936,-1.7923942942221944,-0.03765810400820776,0.004262818598319317
171.36,-1.7975874323286112,-0.033212287461767395,-1.7957384766818807,-0.03705151723876793,0.0042612582958774185
171.38,-1.7992324618415692,-0.03291322147117745,-1.7973859475073108,-0.03675268446197643,0.004260409750755959
171.42,-1.8024878922574574,-0.03232138427313964,-1.800647544775438,-0.036161080986805844,0.004257951351003716
171.46,-1.8056958872985343,-0.03173816993842699,-1.8038613118807008,-0.03557814754243264,0.004255713214372402
171.48,-1.8072754692031,-0.03145100121637711,-1.8054432781446292,-0.03529119579690115,0.004254881724681193
171.52,-1.8104008083962315,-0.030882812489985156,-1.8085751717354788,-0.034723116275427304,0.004252162083172012
171.56,-1.813478686781858,-0.030323251382626308,-1.8116560478125432,-0.03416428552300316,0.004251535731945031
171.58,-1.8149942045307714,-0.030047728584911927,-1.813175124424282,-0.03388874062232952,0.004249991282980772
171.62,-1.817994732186174,-0.029502228803949274,-1.816181338248186,-0.033343455505716886,0.004247754718519465
171.66,-1.8209514693570228,-0.028964689488614036,-1.819142115974431,-0.032806407293631976,0.0042464756394554135
171.68,-1.8224067184788384,-0.028700122731744417,-1.8206008234790498,-0.03254181211287085,0.004244977508929925
171.72,-1.825287984528094,-0.028176303195308918,-1.823487549730036,-0.03201819851233748,0.004242843985944364
171.76,-1.8281581650908107,-0.027654498385441047,-1.8263579381382418,-0.03149755081763358,0.004243803609656877
171.78,-1.8295165058699578,-0.027407506979360566,-1.8277193390902635,-0.03125057004470639,0.0042425160174432
171.82,-1.831107368574175,-0.02711668123027432,-1.8295073548306486,-0.030925762214971293,0.004131481807711768
171.86,-1.8313124845121553,-0.027078639810842995,-1.8298642785099404,-0.030859890648527764,0.004049093543293757
171.88,-1.8313124845121536,-0.027078639810843328,-1.8298642954865776,-0.03085999378243931,0.004049183783468391
171.92,-1.8313124845121553,-0.027078639810842967,-1.829864361408643,-0.030860367533717483,0.004049509240992546
171.96,-1.831312484512159,-0.027078639810842214,-1.8298644853076471,-0.03086103060257656,0.0040500841716763734
171.98,-1.8313124845121624,-0.027078639810841444,-1.8298645748754088,-0.03086149323687413,0.004050484212912254
172.02,-1.8313124845121713,-0.027078639810839404,-1.829864821814048,-0.030862721045732237,0.004051542679005805
172.06,-1.8313124845121849,-0.027078639810835817,-1.8298651773543613,-0.0308643997808528,0.004052983661411726
172.08,-1.8313124845121849,-0.027078639810835824,-1.8298654032216475,-0.030865424125283647,0.0040538598527294235
172.12,-1.8298659661723686,-0.03086786609084462,-1.8298659661723686,-0.03086786609084462,0.0
172.16,-1.8313124845121849,-0.027078639810835855,-1.8298666848466285,-0.030870811726815668,0.0040584362152519884
172.18,-1.8313124845121849,-0.027078639810835862,-1.8298671033276908,-0.030872459288148076,0.004059826719814913
172.22,-1.8313124845121849,-0.02707863981083588,-1.8298680596094805,-0.030876077005236476,0.004062867527371471
172.26,-1.8313124845121849,-0.027078639810835893,-1.8298691757857493,-0.030880090748837064,0.004066222978863206
172.28,-1.8298697939622945,-0.03088223388741746,-1.8298697939622945,-0.03088223388741746,0.0
172.32,-1.8313124845121849,-0.027078639810835914,-1.8298711503719536,-0.03088676943493375,0.004071768084963557
172.36,-1.8313124845121849,-0.027078639810835924,-1.829872666232992,-0.030891607888922652,0.004075757873280276
172.38,-1.8313124845121849,-0.02707863981083593,-1.8298734835850436,-0.030894130144642904,0.004077829098391415
172.42,-1.8313124845121849,-0.02707863981083594,-1.829875236086038,-0.030899360678828296,0.004082106195283751
172.46,-1.8313124845121849,-0.027078639810835962,-1.8298771438864678,-0.030904813920263743,0.004086540227073418
172.48,-1.8313124845121849,-0.027078639810835966,-1.8298781552533816,-0.030907614990130318,0.004088808059362942
172.52,-1.8313124845121973,-0.027078639810828687,-1.8298802911438945,-0.030913348862023404,0.004093430267089598
172.56,-1.831312484512261,-0.02707863981079041,-1.8298825752551624,-0.03091923672232695,0.0040981489870965376
172.58,-1.8313124845122932,-0.02707863981077024,-1.8298837718137606,-0.030922230659311236,0.004100537841056517
172.62,-1.8313124845123576,-0.027078639810728763,-1.829886271597715,-0.03092830392593461,0.00410536199107907
172.66,-1.8313124845123794,-0.027078639810714615,-1.8298889102698073,-0.03093447264817449,0.0041102324136900875
172.68,-1.8313124845123794,-0.027078639810714615,-1.8298902803759436,-0.030937586242679546,0.004112679439303523
172.72,-1.8313124845123807,-0.027078639810713526,-1.8298931193708121,-0.03094385953184571,0.00411758678083768
172.76,-1.8313124845123794,-0.027078639810714636,-1.8298960862439686,-0.030950178766404643,0.004122498992138424
172.78,-1.8313124845123794,-0.02707863981071464,-1.8298976161537055,-0.030953350091483783,0.004124952391516128
172.82,-1.8313124845123807,-0.027078639810713467,-1.8299007658661295,-0.03095970578383614,0.004129845351088104
172.86,-1.8313124845123794,-0.02707863981071465,-1.829904031260766,-0.030966065888567727,0.004134709430268662
172.88,-1.8313124845123794,-0.027078639810714657,-1.8299057057445796,-0.030969242992760732,0.004137126976741158
172.92,-1.8313124845123807,-0.027078639810713415,-1.829909135039958,-0.030975582689859574,0.004141926308503975
172.96,-1.8313124845124125,-0.027078639810682873,-1.829912667051233,-0.030981892304173586,0.004146669621824805
172.98,-1.8313124845124384,-0.027078639810655822,-1.8299144699143108,-0.030985032036907244,0.004149017358591722
173.02,-1.8313124845124855,-0.027078639810600793,-1.82991814600554,-0.030991274286247115,0.004153659640842895
173.06,-1.831312484512529,-0.027078639810548626,-1.829921911425688,-0.03099745815180609,0.0041582244650358495
173.08,-1.831312484512529,-0.02707863981054863,-1.8299238259452129,-0.031000525108462143,0.004160475562549406
173.12,-1.831312484512529,-0.027078639810548633,-1.8299277152216433,-0.03100660336056175,0.004164911000154958
173.16,-1.831312484512529,-0.027078639810548633,-1.8299316803108947,-0.031012600364453552,0.004169252436940095
173.18,-1.831312484512529,-0.027078639810548633,-1.8299336896007434,-0.031015565939038658,0.0041713861904591545
173.22,-1.831312484512529,-0.027078639810548637,-1.8299377583176188,-0.031021426712979326,0.004175576686992019
173.26,-1.831312484512529,-0.027078639810548637,-1.829941889442437,-0.03102718813111196,0.00417966083384571
173.28,-1.831312484512529,-0.027078639810548637,-1.8299439767538417,-0.031030029666271865,0.004181661784207317
173.32,-1.831312484512529,-0.02707863981054864,-1.8299481915985265,-0.031035630904427784,0.004185579251696995
173.36,-1.831312484512529,-0.027078639810548644,-1.8299524557532565,-0.031041118826464775,0.004189381598472989
173.38,-1.831312484512529,-0.027078639810548644,-1.8299546047197113,-0.03104381885135085,0.004191238761674158
173.42,-1.831312484512529,-0.027078639810548644,-1.829958933270994,-0.031049128444207194,0.0041948636394372515
173.46,-1.831312484512529,-0.027078639810548644,-1.8299632984982428,-0.031054314361840273,0.004198367663620408
173.48,-1.831312484512529,-0.027078639810548644,-1.8299654933317488,-0.031056859909261315,0.004200073855886472
173.52,-1.831312484512529,-0.027078639810548644,-1.8299699044257363,-0.031061854374238383,0.004203393813318298
173.56,-1.831312484512529,-0.027078639810548647,-1.8299743401484572,-0.031066717917371815,0.0042065897500492685
173.58,-1.831312484512529,-0.027078639810548647,-1.8299765657934777,-0.031069099912685184,0.00420814099700276
173.62,-1.8299810298084684,-0.03107376321214759,-1.8299810298084684,-0.03107376321214759,0.0
173.66,-1.831312484512529,-0.027078639810548654,-1.8299855070855735,-0.03107829101878008,0.00421403356407571
173.68,-1.831312484512529,-0.027078639810548654,-1.8299877493363945,-0.031080503733643974,0.004215428583888003
173.72,-1.831312484512529,-0.027078639810548654,-1.8299922384077223,-0.031084826218791186,0.004218125094736355
173.76,-1.831312484512529,-0.027078639810548654,-1.8299967301237148,-0.031089010925830267,0.0042206973468810905
173.78,-1.8313411445614538,-0.026977627148016752,-1.8300698816098286,-0.031039496592152382,0.004256159404131548
173.82,-1.8316968823155475,-0.025644290030624847,-1.83057821112854,-0.030070369939674057,0.004565261064378443
173.86,-1.8324119793267497,-0.022751401750268047,-1.8314652381893322,-0.027540564399890857,0.0048818436748651476
173.88,-1.8320330141907626,-0.025686079285069725,-1.8320330141907626,-0.025686079285069725,0.0
173.92,-1.8340596983219908,-0.015465530613749605,-1.8333896413795574,-0.020792044510572903,0.005368493885546941
173.96,-1.8355000514836441,-0.008635788555154851,-1.8350153264738975,-0.014313106750209744,0.005697973343477065
173.98,-1.836317535756227,-0.00462832083961816,-1.8359229572180413,-0.010478331267341025,0.005863302331217702
174.02,-1.8381366592811492,0.004563374895257851,-1.8379160357629032,-0.0016237548262524866,0.006191062019363062
174.06,-1.8400060724232703,0.014387063465124209,-1.8398156172209046,0.008188512313345,0.006201476402061974
174.08,-1.8409145429161722,0.019303836455674222,-1.840736459828736,0.0131097495741485,0.006196646341523767
174.12,-1.8426813843754406,0.029146493332380945,-1.8425269556569497,0.022961281005079534,0.006187139869349656
174.16,-1.8443832855143798,0.03900058840303014,-1.844251707159336,0.03282405147622832,0.006177938270302033
174.18,-1.8452108866874677,0.04393161839030953,-1.8450903439162136,0.03775935776096049,0.006173437602852552
174.22,-1.846821472473764,0.053801051816933516,-1.8467220966282105,0.04763723633731226,0.006164616518932711
174.26,-1.8483743173415743,0.06367973613407527,-1.8482953892204192,0.057524138109188085,0.006156104018963945
174.28,-1.8490610111539354,0.062470726268964265,-1.8490610111539354,0.062470726268964265,0.0
174.32,-1.8506015693531712,0.0785134189462129,-1.8505517877259687,0.0723697444584626,0.0061438761724045875
174.36,-1.8520217226098963,0.08841205273640805,-1.851990595467196,0.08227602306369952,0.006136108623824404
174.38,-1.8527133371618707,0.09336398743781116,-1.8526911443724672,0.0872317124207379,0.006132315174950017
174.42,-1.854061313689356,0.10327270960321666,-1.8540562800696245,0.09714779653406362,0.006124915137535321
174.46,-1.8553636195544492,0.1131875385101825,-1.8553752479090022,0.10706973151970793,0.0061178180416982895
174.48,-1.8559983683367962,0.11814708329372352,-1.8560180974033285,0.11203274067712768,0.006114374446268913
174.52,-1.8572365052085655,0.12807013079078883,-1.8572718513871287,0.12196255778797428,0.006107675280910741
174.56,-1.85843400847483,0.13799816452606378,-1.8584845900675648,0.13189710327121842,0.006101270927675545
174.58,-1.859018175971557,0.1429639213506093,-1.859076141560171,0.13686603226880992,0.006098164581527106
174.62,-1.8601586781244965,0.1528986654785571,-1.8602308689662372,0.14680696502478063,0.006092128194331734
174.66,-1.8612631136269235,0.16283748423214578,-1.8613492083518088,0.15675172347143743,0.006086369717510643
174.68,-1.8618023625353737,0.1678083196424555,-1.8618952246630769,0.16172544490762822,0.006083583517497027
174.72,-1.8628561085297328,0.17775264110965114,-1.8629620560068672,0.17167538326367224,0.006078181290026091
174.76,-1.8638778286325643,0.1877003044719762,-1.8639965351765346,0.18162843323555716,0.0060730314963150095
174.78,-1.8643771535404305,0.19267530898383958,-1.8645021353515485,0.1866060453185091,0.0060705503780473695
174.82,-1.8653537818915804,0.20262750101251267,-1.8654909555734753,0.1965633007324622,0.00606575153262717
174.86,-1.8663019571127955,0.21258244447769392,-1.866451043232204,0.20652309171996278,0.006061186559876235
174.88,-1.866765815579511,0.2175608811437103,-1.8669207522948694,0.21150387372892487,0.0060589887117019564
174.92,-1.8676739951993968,0.22751955343961713,-1.8678402947643125,0.22146709632639078,0.0060547413365671906
174.96,-1.8685568584581025,0.23748050226086984,-1.8687343201846414,0.23143239151392042,0.006050713699370609
174.98,-1.86898919385028,0.24246177551232861,-1.8691720979905955,0.23641576955334262,0.006048771939876613
175.02,-1.869836512313567,0.25242581121010127,-1.8700300038909958,0.24638388392912403,0.006045024752567436
175.06,-1.870661381856351,0.26239173064968757,-1.870865254292647,0.2563536972296077,0.00604147428632139
175.08,-1.871065755535769,0.26737535178846245,-1.871274734944194,0.26133919879382894,0.006039769479687837
175.12,-1.8718591095895982,0.2773438298441447,-1.8720780246115425,0.2713113180994996,0.006036482563224527
175.16,-1.8726325330580416,0.28731387420865867,-1.8728612431041773,0.28128483152512684,0.006033379149784314
175.18,-1.8730120763272258,0.29229944790722484,-1.873245621063713,0.2862720782256028,0.006031892607041131
175.22,-1.873757467935753,0.3022716274061735,-1.874000457215318,0.29624749244008813,0.006029033577580754
175.26,-1.874485143054863,0.3122451154659233,-1.8747374221709876,0.3062240613584203,0.006026336973478311
175.28,-1.8748426131642306,0.31723232046470173,-1.8750994841459925,0.3112127507846446,0.006025047869879071
175.32,-1.8755453875795707,0.32720759422114565,-1.875811245393941,0.3211908918602158,0.006022573177428428
175.36,-1.8762324230969971,0.3371839644329561,-1.8765071342461475,0.33116998995319363,0.006020245448376831
175.38,-1.8765702785986031,0.34217253662662533,-1.876849376778824,0.3361598749954035,0.00601913579226866
175.42,-1.877235174746719,0.35215040694392424,-1.8775228815348013,0.3461402783563001,0.006017010955257209
175.46,-1.877886066268942,0.3621292006921676,-1.8781822885040926,0.35612147783752474,0.00601502132255536
175.48,-1.8782064865807053,0.36711892312385574,-1.8785068949463903,0.36111235956015486,0.006014071086290268
175.52,-1.8788377359686326,0.37709897877470727,-1.879146355633744,0.3710946510073029,0.006012253989654538
175.56,-1.8794565592960895,0.3870798126807245,-1.8797733124133007,0.38107760597921425,0.0060105588612805036
175.58,-1.8797615093169113,0.39207050449566777,-1.8800822788123481,0.38606931824189383,0.006009752866939543
175.62,-1.880362888491007,0.4020524047408039,-1.8806915503190633,0.39605318466682987,0.006008216049144216
175.66,-1.8809532282014414,0.41203496400065576,-1.8812897154625905,0.40603760717547194,0.006006788873058097
175.68,-1.881244430063966,0.4170264768900404,-1.8815847902551222,0.41103001544327433,0.006006113130992108
175.72,-1.8818192594986383,0.42700994135729303,-1.8821672462758323,0.42101520326253994,0.006004829691322299
175.76,-1.88238428094055,0.436993965754071,-1.8827398366405552,0.431000858893218,0.006003644701463422
175.78,-1.8826632662476284,0.4419861763630194,-1.8830225716831508,0.43599385265987334,0.006003086186228056
175.82,-1.8832145045388025,0.45197097129043734,-1.88358120736117,0.4459801533259473,0.006002030560034554
175.86,-1.883757026068284,0.46195624366433163,-1.8841310682895474,0.45596684961653805,0.006001062292880549
175.88,-1.8840251546617877,0.46694904915970675,-1.8844028361296965,0.46096033806536324,0.006000608624357604
175.92,-1.884555428100656,0.47693497950491115,-1.8849403005759604,0.4709475800135103,0.005999756619386682
175.96,-1.885077967029261,0.48692131759019186,-1.8854699699484143,0.48093515725339014,0.005998981735805065
175.98,-1.885336459065946,0.4919146312793308,-1.88573201300006,0.48592906397857755,0.005998623077560385
176.02,-1.8858481280341886,0.5019015322373149,-1.8862507050054746,0.49591710264665034,0.005997955130161594
176.06,-1.886352911821399,0.5118887835900437,-1.886762469998385,0.5059054266243913,0.005997357624717536
176.08,-1.8866028329296685,0.5168825336065356,-1.8870158557024639,0.5108996900407589,0.005997083036227154
176.12,-1.8870979540642872,0.5268702686757804,-1.8875178338120973,0.5208884089354651,0.005996577770314161
176.16,-1.8875869590648218,0.5368583050770324,-1.888013657333859,0.5308773713723662,0.0059961353714213855
176.18,-1.8878292637311562,0.5418524304539204,-1.8882593506705128,0.5358719392697227,0.005995936088691408
176.22,-1.8883096755973416,0.5518408838814496,-1.8887464783362016,0.5458612393836182,0.0059955771159347785
176.26,-1.8887846524536367,0.5618295972446091,-1.8892281373027815,0.5558507480974274,0.005995274467126302
176.28,-1.8890201811234792,0.5668240467747129,-1.889466995537955,0.5608455767796795,0.00599514358481077
176.32,-1.8894874988963342,0.5768131214103712,-1.8899409213880511,0.5708353754842149,0.005994917706997573
176.36,-1.8899499881092054,0.5868024207793623,-1.8904099874139715,0.5808253534535183,0.005994742127736391
176.38,-1.8901794970552257,0.5917971505557043,-1.8906427687240448,0.5858204063734357,0.005994671939265034
176.42,-1.890635202723612,0.6017867616968213,-1.8911049682967602,0.5958106336677509,0.0059945630294089515
176.46,-1.8910866183063497,0.6117765676266692,-1.8915628597993268,0.6058010149942546,0.005994500414745972
176.48,-1.891310784928231,0.6167715400233026,-1.8917902487364981,0.6107962608308273,0.0059944847127560985
176.52,-1.8917561708235109,0.6267616166063689,-1.892242037322923,0.620786857430959,0.005994481917513454
176.56,-1.8921977357076032,0.6367518628144553,-1.8926899872503602,0.6307775876477358,0.0059945204436241024
176.6,-1.8926356725123223,0.6467422687281993,-1.893134261137369,0.6407684446595266,0.00599459461685929
176.62,-1.8928533380363597,0.6517375286474358,-1.8933550906551562,0.645763917706938,0.0059946462246662155
176.66,-1.89328617797977,0.6617281566899136,-1.8937942152646146,0.6557549496752485,0.005994773050152635
176.68,-1.8935013792589395,0.6667235233789,-1.8940125594148507,0.660750506579665,0.005994850693365077
176.72,-1.8939294509192262,0.6767143568708411,-1.8944468856922387,0.6707416993512487,0.005995029323586868
176.76,-1.8943545013612226,0.6867053193568207,-1.8948781772396674,0.6807329929158245,0.005995241408274352
176.78,-1.8945659382829467,0.6917008467950623,-1.8950927219872415,0.6857286760831609,0.005995358545008221
176.82,-1.894986738131264,0.7016919892154653,-1.8955197108419877,0.6957201112071933,0.005995613968231948
176.86,-1.89540485960597,0.711683244084828,-1.8959440056589414,0.7057116339981773,0.005995899056306985
176.88,-1.8956129570727562,0.7166789117490799,-1.8961551836996906,0.7107074267239323,0.005996052294678506
176.92,-1.8960273088491328,0.7266703236668289,-1.8965756723053175,0.7206990722104535,0.005996377776236645
176.96,-1.896439273999024,0.7366618342766299,-1.8969937623423847,0.7306907944103596,0.005996730309719854
176.98,-1.8966443987662727,0.7416576248851207,-1.8972019425943392,0.7356866830160891,0.00599691603439379
177.02,-1.8970530108978823,0.7516492731844909,-1.89761664248966,0.745678512745875,0.005997304460054583
177.06,-1.8974595035902122,0.7616410079356051,-1.8980292121926703,0.7556704095169927,0.005997717346461999
177.08,-1.897661987873603,0.7666369062627265,-1.8982347280703582,0.7606663819955698,0.005997932256843728
177.12,-1.8980655000845297,0.7766287618254265,-1.898644283069444,0.7706583729868784,0.005998377499548163
177.16,-1.8990519413823783,0.7806504228725845,-1.8990519413823783,0.7806504228725845,0.0
177.18,-1.8986672600525754,0.7916166864165323,-1.8992550845100906,0.7856464690476864,0.005999086015729536
177.22,-1.8990662359588446,0.8016087241458564,-1.8996600575140692,0.7956386018170998,0.005999582040423105
177.26,-1.8994635362294316,0.8116008286425593,-1.9000633439231802,0.8056307863217219,0.006000097881040761
177.28,-1.8996615846651412,0.816596904783374,-1.9002643809230242,0.8106268970807021,0.006000362930563374
177.32,-1.9000565307330863,0.8265891026101655,-1.9006652869708727,0.820619154148988,0.006000905663827688
177.36,-1.9010646927328303,0.8306114567548686,-1.9010646927328303,0.8306114567548686,0.0
177.38,-1.9006461785116588,0.8415775086167451,-1.9012638563515383,0.8356076243561129,0.006001753410397811
177.42,-1.9010375371109838,0.8515698475966846,-1.901661144580042,0.845599990882539,0.006002339165933129
177.46,-1.9014275713012376,0.8615622383612631,-1.9020570981136753,0.8555923975524294,0.00600294121996824
177.48,-1.901622111968468,0.8665584523199632,-1.902254596641993,0.8605886152017825,0.006003248460612948
177.52,-1.9020102810043422,0.8765509157138482,-1.9026486692692481,0.8705810781416649,0.006003873767412341
177.56,-1.9023972695110496,0.8865434248973592,-1.9030415542517134,0.8805735765250015,0.00600451433639675
177.58,-1.9025903400875337,0.8915396958813414,-1.9032375698243544,0.8855698384139413,0.006004840090568409
177.62,-1.9029756711582275,0.9015322691169642,-1.9036287783633166,0.8955623866162837,0.006005501319063178
177.66,-1.9033599515458333,0.9115248828140097,-1.9040189313881597,0.9055549660973203,0.0060061768236374284
177.68,-1.9035517136112945,0.9165212041913842,-1.9042136255987376,0.9105512671594775,0.006006519428425334
177.72,-1.9039345162344479,0.926513874609055,-1.9046022820219346,0.9205438908883763,0.006007213727853073
177.76,-1.904316384097659,0.9365065807922267,-1.904989999317221,0.9305365422889806,0.006007921204066033
177.78,-1.9045069819307865,0.9415029467176814,-1.9051835178087013,0.935532878008811,0.006008279386208625
177.82,-1.9048875360332664,0.9514957030200271,-1.9055699034650788,0.9455255685752425,0.006009004127207873
177.86,-1.905267259708378,0.9614884909132464,-1.9059554534630905,0.9555182836480224,0.006009740879086129
177.88,-1.9054568225037662,0.9664848962153834,-1.9061479276711715,0.9605146499874911,0.0060101136739728524
177.92,-1.905835376516661,0.9764777284869073,-1.9065322964347766,0.9705073996183352,0.006010867172976915
177.96,-1.9062131900513126,0.9864705887822929,-1.9069159204622312,0.9805001710144642,0.006011631920937477
177.98,-1.906401830644732,0.9914670289873677,-1.9071074630386864,0.9854965645856543,0.006012018150964406
178.02,-1.9067786035040575,1.0014599285751737,-1.9074900322544766,0.9954893667662998,0.006012797949416428
178.06,-1.9071547184390079,1.0114528529482008,-1.9078719386837377,1.0054821882563032,0.006013588092189427
178.08,-1.9073425392709533,1.0164493240362318,-1.908062653604864,1.0104786059304867,0.006013986976388969
178.12,-1.9077177282736024,1.026442283216821,-1.9084436242149314,1.020471454628969,0.006014791679114716
178.16,-1.9080923309585807,1.0364352643933354,-1.908824004764347,1.0304643204772463,0.006015606187835605
178.18,-1.9082794215407692,1.0414317628785845,-1.9090139822153458,1.0354607595826693,0.0060160169335254825
178.22,-1.9086531996193665,1.0514247749335839,-1.9093935282585313,1.045453649655863,0.006016844985223066
178.26,-1.9090264560111385,1.061417806488102,-1.9097725489898696,1.0554465549694523,0.006017682230883196
178.28,-1.9092128966750987,1.0664143292667496,-1.9099618704728536,1.060443013098044,0.006018104231098723
178.32,-1.9095854192425392,1.0764073882036755,-1.9103401494036363,1.070435939902203,0.006018954430233636
178.36,-1.9099574774570067,1.0864004644397252,-1.910717960557286,1.080428880261095,0.006019813298456641
178.38,-1.9101433395819118,1.0913970087722562,-1.910906697931333,1.085425355308224,0.006020245930534589
178.42,-1.9105147443701196,1.1013901093151466,-1.9112838484888708,1.0954183147868428,0.006021117091849222
178.46,-1.9108857353361202,1.1113832252299907,-1.9116605824533148,1.1054112863282972,0.006021996537742652
178.48,-1.9110710819055277,1.1163797887138687,-1.911848799160999,1.1104077764495526,0.006022439257858864
178.52,-1.911441490306191,1.126372926239438,-1.912224943846836,1.1204007650462753,0.006023330371768392
178.56,-1.9126007175245756,1.130393764382345,-1.9126007175245756,1.130393764382345,0.0
178.58,-1.9119964179918254,1.141362657898505,-1.9127884709456142,1.1353902679085301,0.00602468174047039
178.62,-1.9123659397685193,1.1513558282486596,-1.9131637206215244,1.1453832824015227,0.006025591936529878
178.66,-1.9127351334779243,1.1613490107245543,-1.9135386398072398,1.155376306461965,0.006026509655646584
178.68,-1.9137259805473188,1.1603728219299427,-1.9137259805473188,1.1603728219299427,0.0
178.72,-1.913288345153005,1.1763388058133697,-1.914100432926893,1.1703658594967397,0.006027899655256598
178.76,-1.9136567855983846,1.1863320160899289,-1.9144745912197407,1.1803589055779777,0.006028835312255847
178.78,-1.9138409006905108,1.1913286251032975,-1.9146615641413303,1.1853554316956667,0.006029305763060535
178.82,-1.9142089299009943,1.201321850533277,-1.9150353058568161,1.1953484898430298,0.006030251666070934
178.86,-1.914576698930613,1.2113150855418007,-1.9154087852435566,1.2053415555935663,0.0060312044961716845
178.88,-1.9147604899307396,1.2163117064867743,-1.915595430588386,1.2103380912016326,0.006031683469535682
178.92,-1.9151278929591826,1.2263049549580833,-1.91596853939729,1.2203311676902486,0.006032646248144075
178.96,-1.9154950639823018,1.2362982119564594,-1.9163414144390287,1.2303242509612153,0.0060336157541145356
178.98,-1.9156785661275355,1.241294843518066,-1.9165277676173549,1.2353207950446028,0.006034102943569909
179.02,-1.9160454110172043,1.2512881124938964,-1.9169003118875036,1.245313887915625,0.0060350820052142975
179.06,-1.9164120492423657,1.2612813890540897,-1.9172726480848403,1.2553069868288789,0.006036067620253506
179.08,-1.9165952939904751,1.2662780300620193,-1.9174587410179125,1.2603035384699284,0.0060365628095097245
179.12,-1.9169616412024095,1.2762713172948266,-1.9178307824220076,1.2702966459506269,0.006037557795235216
179.16,-1.9173278038016623,1.286264611293716,-1.918202638151719,1.28028975883281,0.0060385591882197885
179.18,-1.9175108186377536,1.291261260728049,-1.91838849860444,1.285286317239339,0.006039062163713847
179.22,-1.9178767214628551,1.3012545642419184,-1.9187600907562088,1.29527943780027,0.006040072623911496
179.26,-1.9182424600107522,1.311247873769421,-1.9191315174434187,1.3052725631822935,0.006041089283500057
179.28,-1.9184252703250488,1.316244530690693,-1.9193171708953518,1.3102691276208018,0.006041599827443932
179.32,-1.9187907781979867,1.3262378486578643,-1.9196883630451584,1.3202622598438534,0.0060426252764841405
179.36,-1.9191561398052863,1.3362311719736728,-1.9200594078756907,1.3302553963655173,0.0060436567842688475
179.38,-1.9193387680237168,1.341227835553853,-1.9202448770654323,1.3352519661808466,0.006044174745878339
179.42,-1.919703923893056,1.3512211663894127,-1.9206157131351305,1.3452451088003488,0.006045214961419609
179.46,-1.9200689494592322,1.3612145019854367,-1.920986417844188,1.3552382552604374,0.0060462610889258014
179.48,-1.9202514152878525,1.3662111714983534,-1.92117172288305,1.3602348298740334,0.006046786359741615
179.52,-1.9206162571652519,1.376204513802238,-1.9215422417213743,1.3702279817722027,0.00604784114409561
179.56,-1.9209809828395952,1.3861978603478144,-1.9219126433976998,1.3802211371030575,0.0060489017300619135
179.58,-1.921163303840267,1.391194535147372,-1.9220978020322304,1.3852177160052777,0.0060494341824743
179.62,-1.9215278657839228,1.40118788766734,-1.92246803791568,1.395210876197572,0.006050503263950273
179.66,-1.921892323975461,1.411181243971695,-1.922838169163494,1.405204039463439,0.006051578046529753
179.68,-1.922074515703939,1.4161779234865361,-1.923023197022774,1.4102006222064871,0.006052117549848353
179.72,-1.922438827666691,1.426171285122799,-1.923393180141613,1.4201937898275205,0.006053200694794947
179.76,-1.9228030470367494,1.4361646501341365,-1.9237630699238246,1.4301869601965453,0.0060542894656340175
179.78,-1.9229851234572062,1.4411613338520721,-1.92394798112665,1.4351835463736529,0.006054835920877863
179.82,-1.9233492126415566,1.45115470360733,-1.9243177387655865,1.4451767206369737,0.006055932896490762
179.86,-1.9237132194106707,1.4611480763648892,-1.9246874131341485,1.4551698973577765,0.006057035384736226
179.88,-1.9238951930201829,1.4661447638281409,-1.924872220446379,1.4601664865990833,0.00605758872976759
179.92,-1.9242590832704844,1.4761381408291998,-1.9252417771901564,1.4701596667926977,0.0060586994598585174
179.96,-1.9246228997746788,1.4861315205153178,-1.9256112596125436,1.480152849185262,0.00605981567722447
179.98,-1.924804781466074,1.4911282113252757,-1.925795973832579,1.485149441181984,0.006060375791461528
180.02,-1.925168494123236,1.5011215947914835,-1.9261653506979546,1.4951426267032808,0.006061500014873079
180.06,-1.925532140888446,1.5111149806556394,-1.9265346612579202,1.5051358141911741,0.006062629685293071
180.08,-1.9257139405260266,1.5161116744517174,-1.9267192923093448,1.5101324086564625,0.006063196488530281
180.12,-1.9260774944756323,1.526105063692883,-1.9270885083946598,1.5201255989536817,0.006064334069938693
180.16,-1.926440989712379,1.5360984550698216,-1.9274576653252478,1.5301187910097578,0.0060654770276558105
180.18,-1.9266227162035827,1.5410951515267222,-1.927642222369968,1.5351153876757109,0.0060660504891699605
180.22,-1.9269861287901626,1.5510885459095987,-1.9280112953953865,1.5451085822302686,0.006067201346137534
180.26,-1.9273494890875826,1.5610819421938509,-1.9283803156180526,1.5551017783589374,0.00606835750663457
180.28,-1.9275311504337713,1.5660786410196035,-1.9285648067240857,1.5600983769899222,0.006068937566922798
180.32,-1.9278944370992366,1.5760720399808466,-1.9289337522741423,1.5700915753464022,0.006070101587010627
180.36,-1.928257677041608,1.586065440640488,-1.9293026506716087,1.5800847751123892,0.00607127087572159
180.38,-1.9284392801832353,1.5910621415820045,-1.9294870828456978,1.5850813755047422,0.006071857482714502
180.42,-1.9288024542753197,1.6010555446349535,-1.9298559144520175,1.5950745772696129,0.006073034576647612
180.46,-1.9291655866596686,1.611048949203538,-1.9302247039485987,1.6050677802966993,0.006074216897991477
180.48,-1.9293471378684117,1.6160456520322646,-1.930409083492103,1.6100643822664067,0.006074809998645459
180.52,-1.9297102115705658,1.6260390587330191,-1.9307778133353497,1.6200575870836855,0.00607600005101641
180.56,-1.9300732480413485,1.6360324667863728,-1.931146505565586,1.6300507930315193,0.006077195292471315
180.58,-1.9302547528727554,1.6410291712999696,-1.9313308381399403,1.635047396412529,0.006077794855559733
180.62,-1.9306177368600046,1.651022581259785,-1.931699477163398,1.6450406039610028,0.006078997819306271
180.66,-1.930980687612402,1.661015992426713,-1.932068082580125,1.6550338125224713,0.0060802059358661615
180.68,-1.9311621510182748,1.6660126984449144,-1.932252373225875,1.6600304171666436,0.006080811932159568
180.72,-1.9315250549038385,1.6760061113138893,-1.932620931170819,1.670023627159807,0.0060820277413356815
180.76,-1.9318879290386455,1.6859995252632003,-1.932989459113569,1.6800168380596818,0.006083248694661812
180.78,-1.9320693553737152,1.6909962326275503,-1.9331737122043289,1.6850134438390583,0.006083861084626183
180.82,-1.9324321875180297,1.7009896481015034,-1.9335421975177645,1.6950066560296255,0.006085089673264078
180.86,-1.9327949930828554,1.7109830645404467,-1.9339106559880048,1.7049998690339445,0.0060863233718686195
180.88,-1.9329763862800549,1.7159797731078936,-1.934094875528228,1.70999647583028,0.006086942131364344
180.92,-1.9333391543436256,1.7259731909082296,-1.9344632959571633,1.7199896899892664,0.006088183441267305
180.96,-1.9337018986303678,1.7359666095716513,-1.9348316924180369,1.7299829048767512,0.006089429848386849
180.98,-1.9338832622202804,1.7409633192138327,-1.935015881929144,1.734979512586163,0.006090054939181746
181.02,-1.9342459730512278,1.7509567390915854,-1.9353842442764477,1.7449727285127385,0.0060913088897145305
181.06,-1.9346086626982009,1.7609501597381905,-1.9357525852219999,1.754965945091504,0.006092567905084927
181.08,-1.9347899998825082,1.7659468703387344,-1.9359367479924847,1.7599625536156451,0.006093199313167176
181.12,-1.935152659604493,1.775940292071357,-1.9363050586218058,1.7699557711193115,0.006094465892970027
181.16,-1.9355153003333236,1.785933714493222,-1.936673350061403,1.7799489892097742,0.006095737518220694
181.18,-1.9356966138588119,1.79093042595232,-1.9368574888489678,1.7849455984671834,0.0060963752156192215
181.22,-1.9360592278156674,1.8009238493456492,-1.9372257530845418,1.7949388173905716,0.0060976543610000156
181.26,-1.9364218248034815,1.8109172733546897,-1.9375940001550525,1.8049320368403694,0.006098938529546194
181.28,-1.936603117183211,1.8159139855810496,-1.9377781175075848,1.809928646754946,0.006099582496002561
181.32,-1.9369656902329315,1.8259074104586182,-1.9381463402782804,1.8199218669506945,0.006100874168086865
181.36,-1.937328248061943,1.8359008358884008,-1.9385145477070913,1.8299150876182102,0.006102170859798093
181.38,-1.9375095214804088,1.840897548802684,-1.9386986458224194,1.834911698124646,0.006102821072301652
181.42,-1.9378720578148452,1.8508909750122613,-1.9390668313734947,1.8449049194665301,0.006104125232416755
181.46,-1.9382345805754702,1.860884401714251,-1.9394350031834802,1.8548981412322554,0.00610543438226335
181.48,-1.938415837063818,1.8658811152427055,-1.9396190841530085,1.859894752267321,0.006106090830531375
181.52,-1.9399872365349258,1.869887974632742,-1.9399872365349258,1.869887974632742,0.0
181.56,-1.9391408321119268,1.8858679704775387,-1.9403553766280361,1.8798811973782048,0.006108729043305139
181.58,-1.939322073462593,1.8908646845550827,-1.940539442241973,1.8848778088881266,0.006109391704302493
181.62,-1.9396845477772726,1.9008581130143865,-1.9409075649114564,1.8948710321732198,0.006110720735655619
181.66,-1.9400470111937078,1.9108515418689793,-1.9412756765762844,1.9048642557996935,0.006112054736159164
181.68,-1.9402282389783898,1.9158482564385542,-1.941459728415371,1.9098608677370037,0.006112723590744991
181.72,-1.9405906870328118,1.9258416858502823,-1.9418278244287608,1.919854091849826,0.006114065002169689
181.76,-1.9409531253264192,1.9358351156160516,-1.9421959105761897,1.9298473162697192,0.006115411367110649
181.78,-1.941134340950416,1.9408318306266972,-1.9423799500736079,1.9348439285911176,0.006116086401897555
181.82,-1.9427480222036768,1.9448371534478868,-1.9427480222036768,1.9448371534478868,0.0
181.86,-1.9418591812277122,1.9608186914750767,-1.943116085496805,1.9548303785804435,0.0061187988744274046
181.88,-1.9420403859673565,1.9658154068804559,-1.9433001139586443,1.9598269912461568,0.006119480077682394
181.92,-1.9424027894163256,1.9758088379098973,-1.9436681647319594,1.9698202167698544,0.0061208461709459094
181.96,-1.9427651850459717,1.9858022692228987,-1.9440362075948634,1.979813442541098,0.006122217191870829
181.98,-1.9429463800381679,1.9907989849817558,-1.9442202261719381,1.9848100555161041,0.006122904549074081
182.02,-1.9433087646146958,2.0007924166955733,-1.9445882578130482,1.9948032816389696,0.006124282943404027
182.06,-1.9436711421824553,2.010785848663543,-1.94495628236278,2.004796507984409,0.006125666253870839
182.08,-1.9438523284383062,2.015782564739195,-1.9451402920785505,2.0097931212374998,0.0061263597509934485
182.12,-1.9442146961043982,2.0257759970662104,-1.9455083065669128,2.019786347899124,0.006127750417037644
182.16,-1.9445770574864223,2.0357694296210864,-1.9458763146962963,2.029779574760927,0.006129145988079157
182.18,-1.9447582359127396,2.0407661459806437,-1.9460603164659547,2.0347761882641207,0.006129845610844894
182.22,-1.9451205884236096,2.050759578857182,-1.9464283155717301,2.0447694154103377,0.006131248519986786
182.26,-1.9454829352917518,2.0607530119383197,-1.9467963089798606,2.0547626427364047,0.006132656326573993
182.28,-1.945664106690507,2.0657497285526873,-1.9469803036130202,2.059759256464927,0.00613336206114289
182.32,-1.9460264455888676,2.0757431619227953,-1.9473482889017433,2.0697524840477928,0.006134777187953833
182.36,-1.946388779423159,2.0857365954765164,-1.9477162690677243,2.079745711792893,0.006136197199172515
182.38,-1.9465699445129858,2.0907333123196263,-1.9479002572927848,2.0847423257243642,0.0061369090327873235
182.42,-1.9469322711940094,2.1007267461326995,-1.9482682301741892,2.0947355537005183,0.006138336350848479
182.46,-1.9472945933427246,2.110720180110096,-1.9486361984640224,2.1047287818224754,0.006139768541434971
182.48,-1.947475752782559,2.1157168971580584,-1.9488201809560415,2.1097253959359534,0.006140486463476588
182.52,-1.9478380685245908,2.1257103313677312,-1.949188142736635,2.1197186242648285,0.006141925950791187
182.56,-1.9482003801884433,2.1357037657252635,-1.9495561003942208,2.1297118527250194,0.00614337030292397
182.58,-1.9483815345506976,2.1407004829573095,-1.9497400777256852,2.1347084670028758,0.006144094299121256
182.62,-1.948743840457241,2.1506939175235713,-1.9501080295117115,2.144701695650388,0.006145545928051818
182.66,-1.9491061427038114,2.1606873522225207,-1.9504759775913874,2.1546949244163027,0.006147002410277292
182.68,-1.9492872925045952,2.1656840696199415,-1.9506599502904312,2.1596915388421363,0.006147732469777729
182.72,-1.9496495895710633,2.1756775045066887,-1.9510278931046179,2.1696847677764834,0.006149196219682752
182.76,-1.9500118833524394,2.1856709395125318,-1.9513958325892946,2.1796779968174955,0.006150664812536984
182.78,-1.950193029058713,2.190667657058394,-1.951579801130464,2.184674611376506,0.006151400923706852
182.82,-1.9505553181970494,2.20066109223256,-1.9519477358909454,2.1946678405690414,0.00615287676916604
182.86,-1.9509176043810814,2.21065452751383,-1.9523156676589912,2.2046610698577287,0.00615435744854956
182.88,-1.9510987464070917,2.215651245193107,-1.9524996324602104,2.2096576845368956,0.006155099598991672
182.92,-1.951461028414032,2.2256446806258054,-1.9528675599753837,2.2196509139624054,0.006156587516503292
182.96,-1.9518233077653278,2.2356381161547745,-1.9532354848003375,2.229644143474603,0.006158080258396529
182.98,-1.9520044464825985,2.240634833954003,-1.9534194462392374,2.2346407582621044,0.006158828436602215
183.02,-1.9523667220789116,2.2506282696190953,-1.953787367240062,2.24463398789769,0.006160328402729204
183.06,-1.952728995282957,2.26062170537091,-1.954155285823986,2.2546272176113704,0.006161833185562552
183.08,-1.952910131019583,2.2656184232781915,-1.9543392442327754,2.259623832496811,0.006162587379691527
183.12,-1.9532724008349085,2.2756118591528516,-1.954707159361879,2.269617062322347,0.006164099372150131
183.16,-1.9536346685011272,2.28560529510542,-1.9550750723146626,2.27961029221841,0.006165616170449424
183.2,-1.9538158015588676,2.2906020131098086,-1.955442983178286,2.2896035221822584,0.001909110828363119
183.22,-1.9541780661882504,2.3005954491724627,-1.9556269378611066,2.2946001371884766,0.006167900364770287
183.26,-1.954540328907594,2.3105888853043575,-1.955994845769957,2.3045933672482586,0.006169429152191144
183.28,-1.9547214595692954,2.315585603395605,-1.9561787990240909,2.309589982300894,0.006170195345193637
183.32,-1.9550837195507693,2.3255790396267444,-1.9565467041640545,2.319583212450702,0.006171731321410277
183.36,-1.9554459777872117,2.3355724759211407,-1.9569146075404305,2.32957644265799,0.006173272085761918
183.38,-1.955627106275968,2.340569194091158,-1.9570985585839606,2.3345730577826855,0.006174044260003363
183.42,-1.9559893620452924,2.3505626304749865,-1.9574664594378322,2.3445662880723415,0.006175592191588299
183.46,-1.956351616243256,2.3605560669157755,-1.9578343587015072,2.354559518413973,0.0061771449013252626
183.48,-1.9565327427753105,2.365552785156722,-1.9580183077558353,2.359556133603688,0.006177923045803092
183.52,-1.9568949947512622,2.3755462216780567,-1.9583862047533573,2.3695493640194996,0.006179482911000284
183.56,-1.9572572453132513,2.385539658250648,-1.9587541003176372,2.379542594482297,0.006181047544374791
183.58,-1.957438370083932,2.3905363765554393,-1.9589380475806257,2.384539209730724,0.0061818316474613
183.62,-1.9578006186449457,2.400529813200563,-1.959305941104761,2.3945324402604737,0.006183403422916851
183.66,-1.9581628659311843,2.4105232498918956,-1.9596738333376689,2.404525670832664,0.00618497995754156
183.68,-1.9583439891139955,2.4155199682542468,-1.9598577789858251,2.4095222861341647,0.006185770007816749
183.72,-1.9587062345948345,2.425513405010983,-1.960225669378238,2.4195155167669076,0.006187353670951328
183.76,-1.9590684789251358,2.435506841809439,-1.960593558604237,2.429508747438081,0.006188942083694627
183.78,-1.9592496006745013,2.44050356022375,-1.960777502794582,2.434505362787628,0.006189738069680203
183.82,-1.959611843374502,2.4504969970813266,-1.961145390359339,2.4444985935136656,0.006191333597475668
183.86,-1.9599740850367884,2.4604904339765166,-1.9615132768720982,2.45449182427447,0.006192933865573869
183.88,-1.9601552054923137,2.4654871524377286,-1.9616972197478388,2.4594884396674623,0.006193735776120812
183.92,-1.9605174456812238,2.4754805893863234,-1.9620651047622952,2.4694816704778506,0.006195343146400824
183.96,-1.9624329888252618,2.479474901319772,-1.9624329888252618,2.479474901319772,0.0
183.98,-1.9610608042166346,2.4904707448725807,-1.9626169305109011,2.484471516752214,0.006197763070972135
184.02,-1.9614230421356784,2.500464181903454,-1.9629848132160708,2.4944647476392108,0.006199382259429295
184.06,-1.9617852792073844,2.510457618965042,-1.96335269506212,2.50445797855476,0.006201006169515404
184.08,-1.9619663974366504,2.5154543375069482,-1.9635366356741615,2.5094545940228743,0.006201819893969016
184.12,-1.9623286333054846,2.5254477746121387,-1.9639045162958546,2.5194478249791614,0.0062034508781484855
184.16,-1.9626908684078173,2.535441211745111,-1.9642723961403397,2.529441055961354,0.006205086574584395
184.18,-1.9628719856818224,2.540437930321645,-1.9644563357811848,2.5344376714618346,0.00620590618863041
184.22,-1.963234219696179,2.550431367494054,-1.9648242145176793,2.5444309024810003,0.006207548945057023
184.26,-1.9635964530165138,2.560424804691619,-1.9651920925498885,2.5544241335237006,0.006209196404201993
184.28,-1.9637775694255133,2.565421523299507,-1.9653760313111952,2.559420749053574,0.006210021896147361
184.32,-1.964139801759683,2.5754149605328176,-1.9657439083400436,2.5694139801298506,0.006211676401580408
184.36,-1.96450203346485,2.585408397788929,-1.966111784730904,2.5794072112275073,0.006213335600428481
184.38,-1.9646831490896743,2.5904051164252393,-1.96629572269546,2.584403826784078,0.0062141669587472016
184.42,-1.9650453799008567,2.6003985537137537,-1.9666635981770617,2.594397057912246,0.0062158331899238835
184.46,-1.965407610141396,2.6103919910229534,-1.9670314730802896,2.6043902890598516,0.006217504105202671
184.48,-1.9655887250553128,2.615388709685032,-1.9672154103214523,2.6093869046407345,0.006218341317813678
184.52,-1.9659509544858855,2.62538214702359,-1.9675832843979042,2.6193801358161695,0.006220019250426065
184.56,-1.9663131833991774,2.635375584380896,-1.9679511579497349,2.6293733670092845,0.0062217018575585975
184.58,-1.968135094535196,2.634369982612264,-1.968135094535196,2.634369982612264,0.0
184.62,-1.9668565258472892,2.6503657404502707,-1.968502967337732,2.644363213830656,0.006224234523267384
184.66,-1.9672187535567787,2.66035917785121,-1.9688708396648689,2.6543564450651154,0.0062259287989663735
184.68,-1.9673998672413229,2.66535589655785,-1.9690547756559051,2.6593530606881766,0.006226777685038585
184.72,-1.9677620942825378,2.6753493339830143,-1.9694226473032692,2.669346291945626,0.00622847895053945
184.76,-1.96812432089726,2.685342771423638,-1.9697905185181168,2.6793395232177333,0.006230184871530643
184.78,-1.9683054340501287,2.6903394901495217,-1.9699744539686748,2.684336138859085,0.0062310395765786215
184.82,-1.9686676600579303,2.7003329276121093,-1.9703423245653922,2.694329370152106,0.006232752472873705
184.86,-1.9690298856777362,2.710326365088793,-1.9707101947686385,2.704322601458551,0.006234470015068632
184.88,-1.9692109983468153,2.715323083832238,-1.9708941297275075,2.7093192171166263,0.0062353305272057225
184.92,-1.9695732234133962,2.725316521328974,-1.9712619993681417,2.719312448442206,0.0062370550306174175
184.96,-1.9699354481265678,2.735309958838522,-1.9716298686501263,2.7293056797800035,0.006238784170270602
184.98,-1.9701165603550725,2.7403066775979377,-1.9718138031610775,2.734302295453334,0.006239650477468516
185.02,-1.9704787845649656,2.750300115125727,-1.9721816719304726,2.7442955268086098,0.006241386563710252
185.06,-1.9708410084528296,2.7602935526651877,-1.972549540373551,2.7542887581750324,0.0062431272767038415
185.08,-1.9710221202798561,2.765290271439154,-1.9727334744764993,2.7592853738622987,0.0062439993669836345
185.12,-1.9713843437082623,2.7752837089952678,-1.9731013424520352,2.7692786052447147,0.006245747012249547
185.16,-1.9717465668425018,2.7852771465620463,-1.9734692101294764,2.7792718366373332,0.006247499274591038
185.18,-1.9719276783029205,2.7902738653493007,-1.9736531438596558,2.7842684523373658,0.006248377135816725
185.22,-1.9722899010177293,2.8002673029312803,-1.9740210111096121,2.794261683744651,0.00625013631571599
185.26,-1.974388878087215,2.8042549151612803,-1.974388878087215,2.8042549151612803,0.0
185.28,-1.9728332345891595,2.815257459322402,-1.9745728114768089,2.809251530873006,0.006252783723055163
185.32,-1.9731954566511896,2.8252508969280417,-1.9749406780636012,2.8192447623030747,0.006254554413510718
185.36,-1.9735576784671678,2.835244334542601,-1.9753085444010097,2.8292379937417302,0.006256329701549739
185.38,-1.9737387892858422,2.8402410533531173,-1.9754924774791334,2.8342346094641773,0.006257219068425962
185.42,-1.9741010107504857,2.8502344909804096,-1.9758603434592161,2.8442278409151465,0.006259001245129629
185.46,-1.9744632319899083,2.8602279286158137,-1.9762282092108365,2.854221072373956,0.0062607880095671056
185.48,-1.9746443425276838,2.8652246474364755,-1.9764121420036187,2.859217688106217,0.00626168311099304
185.52,-1.9750065634448435,2.87521808508358,-1.9767800074276298,2.8692109195763513,0.006263476749483399
185.56,-1.9753687841553011,2.8852115227382074,-1.9771478726423937,2.8792041510537785,0.006265274966015705
185.58,-1.97554925518017,2.890190604920672,-1.977331240098823,2.884185646376516,0.006263784588197287
185.62,-1.9759078020298406,2.900082691173177,-1.9776960604354252,2.8940964603849673,0.006247625723013216
185.66,-1.9762611307643556,2.909830817749962,-1.9780553837694332,2.903858221589045,0.006236284851386273
185.68,-1.9764347687901624,2.9146213877532796,-1.9782323598412561,2.908666412510679,0.006220374886367908
185.72,-1.9767790674905108,2.9241203872434194,-1.9785826866667682,2.918183453603422,0.00620485480722128
185.76,-1.9771183411224127,2.933480751332574,-1.9789277100214744,2.927556671207903,0.0061942345077023305
185.78,-1.9772856112663528,2.9380956393586137,-1.979097680262299,2.93217447027799,0.006192240089612325
185.82,-1.9776162211293322,2.94721697903348,-1.9794341060670984,2.9413138483368804,0.006176702815264412
185.86,-1.9779421305804399,2.956208639005224,-1.9797656664473562,2.9503212685051126,0.00616331197194437
185.88,-1.978102480006842,2.9606325908842184,-1.979928852916345,2.9547547354143817,0.006155064819224484
185.92,-1.9784200695334242,2.96939471104914,-1.9802519456297918,2.9635318636357715,0.006142373305562231
185.96,-1.9787328823743757,2.978025046096429,-1.9805700463788576,2.9721735849421793,0.006133088065490122
185.98,-1.9788869727700844,2.982276316065199,-1.980726745573007,2.97643076957502,0.006128227944130382
186.02,-1.9810369948690663,2.9848589652326587,-1.9810369948690663,2.9848589652326587,0.0
186.06,-1.9794924874297057,2.9989821362515334,-1.9813426817374544,2.9931634030368888,0.006105806678861899
186.08,-1.979640201650292,3.003057491370905,-1.9814931516123293,2.997251319183619,0.006094674645149387
186.12,-1.9799329759827773,3.011134976094323,-1.9817910642946215,3.0053443543036047,0.006081430168780414
186.16,-1.980221508465198,3.0190954301587256,-1.9820845787896098,3.013318075643193,0.00607032587525984
186.18,-1.9803634556602823,3.023011675816661,-1.9822290660835444,3.0172434308249354,0.00606243783769814
186.22,-1.9806445293262565,3.030766344451064,-1.9825150593318075,3.025012642352843,0.006050121514212514
186.26,-1.9809215802432991,3.0384100269103453,-1.9827968861783132,3.0326688207262076,0.006039720258313344
186.28,-1.981057985867111,3.042173382774383,-1.9829356294147635,3.0364380991467663,0.006034817609609093
186.32,-1.9813279371685735,3.049621189489768,-1.9832103227871711,3.0439003213530085,0.006022599758849482
186.36,-1.9815941800184769,3.0569666810666116,-1.983481367482842,3.0512635604617824,0.00600725071550079
186.38,-1.9817252599279647,3.06058310219681,-1.9836145927567335,3.054882908676939,0.006005146517932843
186.42,-1.9819845211951923,3.0677359742055716,-1.9838783569315863,3.062048214482604,0.005994766422693717
186.46,-1.982239958428237,3.074783342069993,-1.9841381870546622,3.069106771913073,0.005985542637439892
186.48,-1.9823660248621071,3.078261442775874,-1.984266212185122,3.072584803682367,0.0059862294694140485
186.52,-1.9826149750526119,3.085129835013575,-1.9845195851044626,3.079467832422411,0.00597376035608696
186.54,-1.982860348396402,3.091899542813921,-1.9846449371763228,3.082873144182605,0.009201121092825672
186.58,-1.9829816130021307,3.0952451622529082,-1.9848926156187654,3.0896015607261913,0.005958369675770919
186.62,-1.983221463760319,3.101862503205103,-1.9851370809156104,3.096242682482403,0.0059373372854279885
186.66,-1.9834570526216242,3.1083622596307348,-1.9853768141624475,3.1027552470769533,0.005926556685959178
186.68,-1.9835729837853475,3.1115607309246855,-1.985494753108472,3.105959257819559,0.005921967433105195
186.72,-1.9838024450206573,3.1178914278157053,-1.9857282522502624,3.1123023574344857,0.005911551506315864
186.76,-1.984028743110103,3.1241348540526803,-1.9859586176842097,3.1185604187586566,0.005899046085515916
186.78,-1.9841399673272455,3.1272034618574587,-1.9860718653811684,3.1216369698004667,0.0058922036549415155
186.82,-1.9843602976650347,3.133282239497133,-1.9862960746638159,3.127727696398799,0.005882191906106005
186.86,-1.984577322898602,3.139269830023041,-1.9865167282102478,3.1337219115272945,0.005877133025403374
186.88,-1.98468412015399,3.1422162990573783,-1.9866254727721546,3.136676114939449,0.005870476134744943
186.92,-1.9848956486440759,3.14805223596186,-1.9868406969188648,3.142522748319407,0.005861607832267697
186.96,-1.985104213660467,3.153806411224452,-1.9870529166574977,3.1482878395271765,0.005852527398364584
186.98,-1.9852067606742594,3.156635617218084,-1.9871573384852157,3.151124598788945,0.005846030954665223
187.02,-1.9854100404021722,3.162243972945213,-1.9873640746408163,3.156740645684441,0.005839936707272455
187.06,-1.9875675152857675,3.1622672355264303,-1.9875675152857675,3.1622672355264303,0.0
187.08,-1.985708689462602,3.170483504419027,-1.9876677856747371,3.1649912053881524,0.005831244002178959
187.12,-1.9859038486722171,3.1758678174499417,-1.9878663049874619,3.170384033067016,0.005824356268950491
187.16,-1.986096150588746,3.1811732985387136,-1.9880619687795662,3.1756993498952557,0.005816232020008627
187.18,-1.986190928133609,3.1837881471269016,-1.9881582575513344,3.178315145044199,0.005815852201966292
187.22,-1.9863782483478285,3.188956184815492,-1.9883488863058385,3.183493619062164,0.005807154085348498
187.26,-1.986562747614424,3.194046393441863,-1.9885364546734525,3.188589010525619,0.005803322139031154
187.28,-1.9866537524737033,3.1965571549247405,-1.9886289122863319,3.191100720552676,0.005802924464618808
187.32,-1.9868336625521688,3.201520749553774,-1.988811961451114,3.1960732883520997,0.005795558651011608
187.36,-1.9870108249209915,3.206408535837192,-1.9889920670240604,3.200965941716338,0.005791990248207445
187.38,-1.9870980681410164,3.2088155151427986,-1.9890808487430556,3.2033777856936885,0.005787946136371903
187.42,-1.9872707577175193,3.213579898906279,-1.9892565504002022,3.2081507530714464,0.005780916629261911
187.46,-1.9874410166575318,3.2182772222739096,-1.9894297768811597,3.212856526209858,0.005774003207992728
187.48,-1.9875247902844366,3.220588476910671,-1.9895150296810142,3.2151724978777048,0.005770085072268997
187.52,-1.9876906467926831,3.2251643391463536,-1.989683813166437,3.219757528874225,0.005762491606263718
187.56,-1.9898500132713461,3.224272422021248,-1.9898500132713461,3.224272422021248,0.0
187.58,-1.9879344428871497,3.23189049733717,-1.9899318763249045,3.2264963028904923,0.005752136478460012
187.62,-1.9880936733020793,3.236283548639911,-1.990093884123769,3.230897268829041,0.005745681293997409
187.66,-1.988250532072917,3.240611167341746,-1.9902533448743585,3.235229080041533,0.005742658167150051
187.68,-1.9883278377406162,3.2427439739102524,-1.9903319545378206,3.2373645752212687,0.005740593557453434
187.72,-1.9884808027599763,3.2469641659520367,-1.9904875875514088,3.2415923672967843,0.005734405461047903
187.76,-1.9886314263470914,3.2511197590230014,-1.990640708390806,3.2457519485795854,0.005731544581318382
187.78,-1.9887055979013033,3.253166096997898,-1.9907161939782156,3.247802571810602,0.00572799258198303
187.82,-1.9888524836360928,3.257218564707354,-1.9908656416763988,3.2518623375005937,0.005722060396892831
187.86,-1.988997119552659,3.2612089611076023,-1.9910126741839393,3.255856523857148,0.005719357043560624
187.88,-1.9890682839709066,3.2631723338293135,-1.991085159860076,3.2578256488361794,0.005714440372260263
187.92,-1.9892093035215541,3.267062956730042,-1.9912286681007352,3.261724067340766,0.005708027086005785
187.96,-1.9893481897762244,3.270894723172793,-1.9913698542729366,3.2655594333718296,0.005705474966865561
187.98,-1.9894166357185243,3.272783094665978,-1.9914394592707163,3.2674502997325794,0.005703553008869663
188.02,-1.9895520233992507,3.276518337529308,-1.9915772084560839,3.271192272055621,0.0056981003803392065
188.06,-1.989685443386133,3.280199292852247,-1.9917128914059563,3.2748781391094597,0.00569431493925867
188.08,-1.9897511142129345,3.2820111005759456,-1.9917797302219287,3.2766938577793017,0.005691076688150415
188.12,-1.9898811204373041,3.2855978723195993,-1.9919120040727827,3.2802870915452065,0.005685849169166834
188.16,-1.9900091315412876,3.289129599922411,-1.992042079301322,3.2838206213828225,0.005684903669266416
188.18,-1.9900721916227861,3.290869378819516,-1.9921062622985146,3.285564190790335,0.005681765882084895
188.22,-1.990197058940938,3.2943143714004663,-1.9922333332143212,3.289016086038038,0.0056761114064263225
188.26,-1.9903200832066819,3.297708515342787,-1.9923584414046478,3.2924146834876664,0.005672703046476737
188.28,-1.9903806355916684,3.299379108531355,-1.9924200737333901,3.2940889606360035,0.005669653665666144
188.32,-1.9905005146348753,3.3026864779051985,-1.992542043724818,3.2974022886684082,0.005664847475024618
188.36,-1.990618695265673,3.305946989201985,-1.9926622734384387,3.300668359845059,0.005660401013709472
188.38,-1.990677028349149,3.3075563533456704,-1.9927215152299744,3.3022776909083613,0.0056607599960540045
188.42,-1.9907921404749322,3.310732206730248,-1.9928386945993954,3.3054608854951577,0.005654662797008256
188.46,-1.9909055269421667,3.313860450391342,-1.9929539521221942,3.3085918849469502,0.00565277167060637
188.48,-1.9909613119357168,3.3153995145400543,-1.9930107811243543,3.3101356740244863,0.00564874684585086
188.52,-1.9910718935576863,3.3184503745271474,-1.9931232914010464,3.313192028264215,0.005644327996550063
188.56,-1.9911808610889912,3.321456702901766,-1.9932341455311788,3.3162034078173,0.005640309055805697
188.58,-1.9912344704619462,3.3229357432454076,-1.993288715436056,3.317685826213052,0.00563751286120667
188.62,-1.99134063321303,3.3258646898014557,-1.9933967516205926,3.3206206415988753,0.005632731527146033
188.66,-1.9914463661040298,3.328781776765609,-1.9935041333875578,3.3235376677541475,0.005633390232999075
188.68,-1.9914968744290114,3.3301743623787288,-1.99355542808575,3.3249312271965734,0.005632771049494824
188.72,-1.9936240238405398,3.32678897669347,-1.9936240238405398,3.32678897669347,0.0
188.76,-1.991567644357785,3.33206251436591,-1.9936395449128188,3.327182931552358,0.005301235737473
188.78,-1.991567644357702,3.332062514364121,-1.9936394523592427,3.3271829348150934,0.005301196560262397
188.82,-1.991567644357511,3.3320625143605684,-1.9936390973600342,3.327182948956302,0.005301044809863019
188.86,-1.9915676443572707,3.3320625143569207,-1.9936384479934475,3.327182979096507,0.005300763346653257
188.88,-1.991567644357128,3.3320625143550715,-1.9936379895956071,3.3271830027585914,0.005300562500968886
188.92,-1.9915676443567882,3.3320625143513163,-1.993636763440924,3.3271830739448864,0.005300018156972209
188.96,-1.9915676443563652,3.332062514347488,-1.993635074902215,3.3271831881649576,0.00529925400952217
188.98,-1.9915676443561134,3.332062514345522,-1.9936340403808088,3.3271832664379835,0.005298778413379284
189.02,-1.9915676443555321,3.332062514341544,-1.9936315649018919,3.3271834769145565,0.005297619676385944
189.06,-1.9915676443548602,3.332062514337612,-1.9936285655202939,3.327183769823707,0.005296182028791497
189.08,-1.9915676443544714,3.3320625143355573,-1.9936268833153423,3.3271839499576803,0.005295361695584111
189.12,-1.9915676443536177,3.332062514331453,-1.993623180476147,3.327184382462482,0.005293524278030076
189.16,-1.9915676443526276,3.3320625143272116,-1.99361906019825,3.327184916964726,0.0052914329819244935
189.18,-1.991567644352118,3.3320625143251914,-1.993616855678605,3.3271852243463544,0.005290295322405531
189.22,-1.991567644350953,3.3320625143209015,-1.9936121810332221,3.3271859225843117,0.00528784239652816
189.26,-1.9915676443497876,3.332062514316981,-1.9936071816317207,3.327186735723174,0.005285161229349675
189.28,-1.991567644349096,3.3320625143147997,-1.993604570705289,3.3271871865230804,0.005283738265401136
189.32,-1.9915676443478252,3.3320625143110205,-1.9935991464788159,3.327188178416808,0.0052807339752943385
189.36,-1.9915676443462127,3.3320625143065925,-1.993593477861482,3.3271892925793924,0.00527752701878859
189.38,-1.9915676443454322,3.3320625143045612,-1.9935905610344524,3.327189896045613,0.005275850701844429
189.42,-1.991567644343702,3.3320625143002993,-1.993584579673561,3.3271911964429384,0.005272358655504833
189.46,-1.9935784232905698,3.3271926219275945,-1.9935784232905698,3.3271926219275945,0.0
189.48,-1.991567644341152,3.3320625142945137,-1.9935752873187502,3.327193381614284,0.005266790615088096
189.52,-1.9915676443404373,3.332062514292985,-1.9935689146939624,3.3271949946504575,0.00526287283698652
189.56,-1.9915676443404018,3.332062514292915,-1.993562426611424,3.327196731895719,0.005258801635890771
189.58,-1.9915676443404027,3.3320625142929168,-1.9935591459895357,3.3271976467327518,0.0052567114431406
189.62,-1.9915676443404018,3.3320625142929154,-1.9935525242822834,3.327199567869471,0.005252427657852782
189.66,-1.9915676443404018,3.3320625142929154,-1.9935458379476967,3.327201609375655,0.005248013582546271
189.68,-1.9915676443404027,3.3320625142929168,-1.993542476250855,3.327202674587776,0.00524576048197041
189.72,-1.9915676443404018,3.3320625142929154,-1.9935357265562565,3.327204892384686,0.005241167638195953
189.76,-1.9915676443404016,3.3320625142929154,-1.9935289553037128,3.3272072243924615,0.005236466433794314
189.78,-1.9915676443404027,3.3320625142929168,-1.9935255664014042,3.327208432301908,0.005234077834001914
189.82,-1.993518791081857,3.3272109299440675,-1.993518791081857,3.3272109299440675,0.0
189.86,-1.9915676443404027,3.3320625142929168,-1.9935120303859986,3.327213533865302,0.005224294046251377
189.88,-1.9915676443404027,3.3320625142929168,-1.9935086595348257,3.327214874574866,0.00522179574677186
189.92,-1.9915676443404016,3.3320625142929154,-1.9935019443392263,3.3272176311784913,0.005216743129375388
189.96,-1.9915676443404016,3.3320625142929154,-1.9934952738500704,3.3272204848243065,0.0052116220988693285
189.98,-1.9915676443404027,3.3320625142929168,-1.993491958680135,3.3272219468027764,0.005209038232217472
190.02,-1.9915676443404016,3.3320625142929154,-1.993485374656671,3.3272249385313004,0.005203828284571274
190.06,-1.991567644340425,3.3320625142929408,-1.993478860035019,3.3272280171579696,0.005198567877724302
190.08,-1.9915676443404522,3.33206251429297,-1.993475631439589,3.3272295877378757,0.005195920886369294
190.12,-1.991567644340504,3.332062514293022,-1.99346923666077,3.327232788749047,0.005190597478385367
190.16,-1.9915676443405599,3.3320625142930695,-1.9934629312331829,3.3272360659431945,0.005185240214238831
190.18,-1.9915676443405652,3.332062514293074,-1.9934598141706656,3.327237731741095,0.005182550852603635
190.22,-1.9915676443405639,3.3320625142930727,-1.9934536552880602,3.327241114984977,0.005177154486991984
190.26,-1.9915676443405639,3.3320625142930727,-1.9934476015381783,3.3272445634073033,0.005171739533517489
190.28,-1.9915676443405652,3.3320625142930735,-1.993444615754919,3.327246310676297,0.005169026887969769
190.32,-1.9915676443405639,3.3320625142930727,-1.993438729400356,3.327249848562937,0.005163594748912801
190.36,-1.9915676443405639,3.3320625142930727,-1.9934329603125442,3.3272534405680716,0.00515815798205334
190.38,-1.9915676443405654,3.3320625142930735,-1.9934301209936445,3.3272552554904187,0.005155439503957661
190.42,-1.9915676443405639,3.3320625142930727,-1.9934245350401505,3.3272589204422394,0.005150005529509131
190.46,-1.9915676443405639,3.3320625142930727,-1.9934190753082508,3.327262628589371,0.005144579613215272
190.48,-1.9915676443405887,3.332062514293087,-1.9934163936630416,3.327264497516931,0.005141871161507345
190.52,-1.9915676443406525,3.3320625142931233,-1.9934111283593126,3.327268262421033,0.005136466133451683
190.56,-1.9915676443407178,3.3320625142931606,-1.993405995473726,3.3272720598897196,0.005131080615199824
190.58,-1.9915676443407504,3.3320625142931792,-1.9934034792620667,3.327273969538709,0.00512839650611094
190.62,-1.9915676443407613,3.3320625142931855,-1.9933985482514476,3.3272778081113534,0.005123048152870314
190.66,-1.9915676443407613,3.3320625142931855,-1.9933937534750406,3.3272816690342575,0.005117729570826524
190.68,-1.9933914074796808,3.327283606640351,-1.9933914074796808,3.327283606640351,0.0
190.72,-1.9915676443407613,3.3320625142931855,-1.993386818715059,3.3272874937156796,0.005109815742246103
190.76,-1.9915676443407613,3.3320625142931855,-1.9933823679590357,3.3272913934397383,0.0051045877413284585
190.78,-1.9915676443407613,3.3320625142931855,-1.9933801944093157,3.3272933468787533,0.00510198937453791
190.82,-1.991567644340761,3.3320625142931855,-1.993375950972567,3.3272972586311793,0.005096825914126856
190.86,-1.991981102453068,3.3321976974085197,-1.9935757013485267,3.3275185083535384,0.004943435632194981
190.88,-1.9927346806548603,3.332434793127985,-1.9941385833394742,3.3278248779819486,0.0048189480596416406
190.92,-1.9953987641737254,3.333229052135379,-1.996422324559028,3.328770782124558,0.004574259213440541
190.96,-1.9996161314771859,3.3344113581097563,-2.000262999503324,3.330115630764601,0.0043441583381770765
190.98,-2.00231013070992,3.3351369209622153,-2.0027707356707,3.330924080860737,0.0042379450976288875
191.02,-2.0088720121413473,3.336842704587506,-2.0089654459039403,3.33279393120282,0.004049851329189136
191.06,-2.017000626078728,3.338879790892984,-2.016735336449222,3.33498645134935,0.0039023674083235706
191.08,-2.0216528072088273,3.340020532054526,-2.021211166971873,3.3362017577347207,0.0038442272831484678
191.12,-2.0313763258356556,3.3423556663125575,-2.030871084074649,3.338559258771346,0.0038298798226617564
191.16,-2.0411141611045607,3.344630366050721,-2.0406216571822324,3.3408433139673814,0.003818942732672752
191.18,-2.045988136005793,3.3457458708386985,-2.0455018402198406,3.3419633092587544,0.0038136931834514597
191.22,-2.0557455726963907,3.347934971347368,-2.0552714438265096,3.34416072267034,0.003803912625350486
191.26,-2.0655150666920643,3.350069623586171,-2.065052667734211,3.3463032930209744,0.0037946091659825307
191.28,-2.0704040705481996,3.3511173006044883,-2.069947402729914,3.3473546598098642,0.003790252134835779
191.32,-2.0801900661819754,3.3531749871201657,-2.079744614125887,3.3494191115830296,0.00378219890866818
191.36,-2.0899862299760215,3.355183712185739,-2.089551571544688,3.3514342669622397,0.003774555263332569
191.38,-2.094887905260322,3.356170407690048,-2.09445851097708,3.352423946479065,0.0037709880742164575
191.42,-2.1046980089034224,3.358109916054033,-2.104278897031233,3.354368894834232,0.003764424860242243
191.46,-2.114516716417177,3.360005390405722,-2.1141074910382156,3.3562694970166898,0.0037582395912184596
191.48,-2.1194291155360294,3.360937230346806,-2.1190247020433657,3.357203716797536,0.003755352672603384
191.52,-2.1292596393324152,3.3627704412364987,-2.12886461135801,3.359041227130983,0.0037500779919011095
191.56,-2.139097456856978,3.364564101766268,-2.1387114425713536,3.3608389169064634,0.00374513140869893
191.58,-2.1440189489293733,3.3654466596381574,-2.143637312281454,3.361723355187332,0.003742812119860008
191.62,-2.1538668004132244,3.367184390495756,-2.1534936952574197,3.3634644276051864,0.003738626935721735
191.66,-2.163720866520366,3.368886529582141,-2.1633559421847615,3.36516970269668,0.0037346983636171033
191.68,-2.168650102444153,3.369724758221114,-2.1682891529956363,3.366009353824706,0.003732896239280283
191.72,-2.1785127273386276,3.3713765873136623,-2.1781595175228246,3.3676636566947744,0.0037296931448384317
191.76,-2.1883806602033444,3.3729964074681265,-2.188034866463181,3.3692857738452293,0.0037267110424758078
191.78,-2.1933165100605514,3.373794769151531,-2.192974316875716,3.370085157729211,0.0037253607986818416
191.82,-2.2028565768441806,3.3716614455499445,-2.2028565768441806,3.3716614455499445,0.0
191.86,-2.213071567655684,3.376915116726709,-2.2127430931046734,3.3732087575266614,0.0037208861915462806
191.88,-2.2180130871960615,3.377677599955213,-2.217687862595116,3.3739719465051414,0.003719897650888618
191.92,-2.227899183976484,3.3791826020135525,-2.22758027320062,3.3754781057933485,0.003718197994790988
191.96,-2.237789192410946,3.380661682280492,-2.2374763225408785,3.3769582281904285,0.003716646304506882
191.98,-2.2427355895696635,3.381391854839546,-2.2424256500956394,3.3776888204759477,0.003715982504742059
192.02,-2.2526310144815,3.382834254917996,-2.2523267684816575,3.379131814044288,0.0037149204637142385
192.06,-2.2625298059179384,3.3842533687587277,-2.2622310075284697,3.380551408433916,0.0037139992897183586
192.08,-2.2674804004318245,3.384954518822132,-2.2671842398424444,3.3812527364739395,0.0037136105945684244
192.12,-2.2773838619067464,3.3863406688739905,-2.277092824808685,3.382639021149352,0.003713071298772492
192.16,-2.287290236707685,3.387705843834721,-2.287004105770606,3.3840041958335076,0.003712690242673339
192.18,-2.2922444628480414,3.388380855888099,-2.2919607060587635,3.3846791606243896,0.003712555149870321
192.22,-2.302154885426188,3.3897163306515816,-2.3018757379273906,3.386014350511356,0.0037124897689705945
192.26,-2.3120678351049055,3.39103291706811,-2.3117931008403647,3.387330532114229,0.0037125642435971683
192.28,-2.3170252110217877,3.391684394112994,-2.31675261286429,3.3879817600598776,0.003712655207094744
192.32,-2.3269416740307785,3.3929742529806792,-2.326673223786425,3.3892709402260652,0.0037130298803241765
192.36,-2.3368603366809655,3.394247087508342,-2.336595854458182,3.3905430161098953,0.0037135018205137534
192.38,-2.341820452324565,3.394877366369121,-2.341557893338312,3.391172853390268,0.00371380581503036
192.42,-2.351742175136791,3.3961261240336897,-2.3514833506302097,3.392420565579033,0.003714586596929143
192.46,-2.361665817476466,3.3973595354121597,-2.3614105675313115,3.3936528480825463,0.0037154654478299388
192.48,-2.3666283242044117,3.3979707030331663,-2.3663748062314487,3.3942634010716213,0.0037159600639257054
192.52,-2.3765546422378385,3.3991823933488634,-2.3763044864994574,3.395473724761833,0.0037170957186854654
192.56,-2.3864826386980833,3.400380254278299,-2.386235702607716,3.3966701388815217,0.0037183240431853384
192.58,-2.3914472374769002,3.400974188660808,-2.391201859633305,3.3972633215464016,0.0037189709634400385
192.62,-2.401377578581759,3.4021524551095985,-2.401135225795301,3.3984399633613207,0.0037203937767573423
192.66,-2.4113093945195687,3.4033182250120824,-2.4110699367501587,3.3996040585872556,0.0037218775174153096
192.68,-2.4162758316914066,3.4038965856750094,-2.416037777829143,3.4001815353202733,0.003722669577005617
192.72,-2.426209713016909,3.40504462339372,-2.4259743828715203,3.4013277159376143,0.003724349784134466
192.76,-2.4361448898803553,3.4061813953094964,-2.4359121683788194,3.402462577247348,0.003726092735914922
192.78,-2.4411129427972655,3.4067457086950017,-2.4408814852057628,3.4030259062823554,0.0037269964590530428
192.82,-2.4510499341738217,3.4078665089667015,-2.4508209306224797,3.404144646263546,0.003728901260112475
192.86,-2.460988067991714,3.4089771339173223,-2.4607614154981605,3.4052531665222725,0.0037308584149264817
192.88,-2.465957544154678,3.409528773440094,-2.4657320328360846,3.4058037125631677,0.0037318807445604774
192.92,-2.4758972780142816,3.4106249866095943,-2.475673983594788,3.4068976531919684,0.0037340159083657488
192.96,-2.485838021153407,3.411712009590316,-2.485616852040776,3.407982362531463,0.0037361989989818534
192.98,-2.4908087547585196,3.4122522012322922,-2.4905886165388047,3.4085213708899214,0.003737319344039843
193.02,-2.500750913073944,3.413326203995488,-2.5005327788952254,3.409592924988198,0.003739646329026123
193.06,-2.510693966494558,3.414391888269639,-2.510477752766914,3.4106561433302627,0.003741996609845715
193.08,-2.5156658156807516,3.414921714011793,-2.5154505358649715,3.4111846941254558,0.003743215600250869
193.12,-2.52561012879132,3.415975579157658,-2.5253966645122823,3.4122359439466643,0.003745722695252241
193.16,-2.535555234522636,3.4170219382583404,-2.5353435147617094,3.413279641025282,0.0037482814512419275
193.18,-2.5405280725155763,3.417542401521562,-2.540317199708629,3.4137987536033276,0.003749582253586292
193.22,-2.5504742938180054,3.418578103063374,-2.5502650686669193,3.414831692804499,0.0037522479917577543
193.26,-2.5604212214328466,3.419606999163444,-2.560213578835723,3.4158578040346934,0.003754940686826711
193.28,-2.5653949396021156,3.4201189828840595,-2.565188067318329,3.416368362969774,0.0037563207907782715
193.32,-2.575342861857677,3.4211382175983442,-2.575137488975128,3.417384694668783,0.0037591371887212765
193.36,-2.585291412336969,3.422151302106267,-2.5850874822909717,3.418394843831371,0.0037619896643523968
193.38,-2.5902659135257338,3.422655621174477,-2.5900626853628843,3.418897675232069,0.003763437177931546
193.42,-2.6002153487128297,3.4236599800047016,-2.600013488637886,3.4198990016859057,0.0037663915627971574
193.46,-2.605190278711465,3.4241600513187556,-2.6099648023665387,3.4208947297293624,0.005784323747424289
193.48,-2.6151405467492546,3.4251561253492664,-2.614940645498002,3.4213905438095717,0.0037708838277440214
193.52,-2.6250913358765073,3.426146980248778,-2.624892687270444,3.4223782394385514,0.0037739725175678584
193.56,-2.6350426264956988,3.4271327859412724,-2.634845186227213,3.4233608576886865,0.003777092188744569
193.58,-2.6400184527207666,3.427623859494086,-2.639821600740449,3.4238503265670936,0.0037786639772877475
193.62,-2.649970452337882,3.4286024818387113,-2.6497747486976784,3.424825695348018,0.0037818535285058176
193.66,-2.6599229018158574,3.429576518592811,-2.6597283076559863,3.425796449042708,0.0037850749914197365
193.68,-2.6648992889058025,3.4300618755826187,-2.6647052354426646,3.426280154358281,0.003786696735303932
193.72,-2.6748523749346202,3.4310293862495884,-2.6746593778089567,3.4272443223773856,0.0037899810563074266
193.76,-2.6848058662392598,3.431992718663312,-2.6846138900102274,3.42820429612831,0.003793283561273286
193.78,-2.689782757987111,3.4324728732470327,-2.6895912811645095,3.428682747753508,0.00379495910785092
193.82,-2.699736821817263,3.4334302717622185,-2.699546321854595,3.429636702560236,0.003798349315953647
193.86,-2.7096912500967587,3.434383873548586,-2.7095016958648688,3.4305868434485287,0.003801758591437323
193.88,-2.7146685959248247,3.4348592980062236,-2.7144795043238936,3.43106052104405,0.0038034802539098924
193.92,-2.7246235403318946,3.435807496676085,-2.7244353544417246,3.432005193283669,0.00380695744883499
193.96,-2.734578812410804,3.436752248907147,-2.7343915056134427,3.432946393657762,0.003810461653869321
193.98,-2.739556566872528,3.437223375681622,-2.739369689767645,3.4334157381964614,0.003812220648222087
194.02,-2.74951230384842,3.4381632162573506,-2.749326269023665,3.434351982872382,0.0038157710715817066
194.06,-2.759468337098776,3.4390999131465554,-2.7592831208612982,3.4352850624479827,0.003819344303283733
194.08,-2.764446460924417,3.4395671209484378,-2.7642616454228572,3.4357504541759467,0.003821138838337844
194.12,-2.774402914846645,3.4404993358270364,-2.774218885793537,3.436679007550888,0.0038247581400560815
194.16,-2.784359636996512,3.4414286814939885,-2.78417637293034,3.43760467781701,0.00382839259213254
194.18,-2.7893380952122793,3.441892312549209,-2.789155206284818,3.4380664621675474,0.0038302192499447487
194.22,-2.799295198724699,3.4428175633498275,-2.7991130467258536,3.438987993897512,0.0038338989998162646
194.26,-2.8092525452833104,3.443740194888818,-2.809071111915269,3.4399068863932283,0.0038375997823378027
194.28,-2.8142313066447087,3.4442005591733404,-2.814050225743965,3.4403653767847415,0.00383945494132091
194.32,-2.824188999219188,3.4451194487719894,-2.824008611522447,3.4412804947936064,0.0038431897389119354
194.36,-2.834146912866778,3.4460359395348914,-2.8339672018142847,3.4421932001228397,0.003846939335539836
194.38,-2.839125949899274,3.446493312683055,-2.8389465713929907,3.4426486735396775,0.0038488214808308965
194.42,-2.8490841786129555,3.4474063736688483,-2.8489054547684076,3.4435579143741912,0.003852607059543211
194.46,-2.8590426086141316,3.448317236678641,-2.8588645249592375,3.4444649428551304,0.003856407848088473
194.48,-2.8640218965697946,3.4487718699463445,-2.863844128025682,3.4449176512016155,0.003858316185526594
194.52,-2.8739806133050334,3.449679592667895,-2.873803465950639,3.4458215034463464,0.003862154013837059
194.56,-2.8839395137969195,3.450585297126513,-2.8837629745460225,3.446723327671023,0.0038660023515568747
194.58,-2.8888902919508963,3.4510348061868483,-2.8887183608968523,3.447169007827256,0.0038696197803366034
194.62,-2.898707794677067,3.451924782697378,-2.8985562451224625,3.448055246664708,0.003872502598531542
194.66,-2.908388355026743,3.452800531925133,-2.9082608129885728,3.448926047816027,0.003876582784259587
194.68,-2.913149561108372,3.4532306040195686,-2.9130339772966556,3.449352120287621,0.003880205622968133
194.72,-2.9225788075934767,3.4540810920884635,-2.92248079717381,3.4501990530590527,0.0038832760741713524
194.76,-2.931791327787542,3.4510307081090716,-2.931791327787542,3.4510307081090716,0.0
194.78,-2.9364385409314586,3.4553282494073576,-2.9363746119017815,3.45143810782424,0.0038906668396991562
194.82,-2.9454911980019682,3.45614099867778,-2.9454458591053565,3.4522477836607717,0.0038934790078033366
194.86,-2.954413423879391,3.456940636554899,-2.9543857065581203,3.4530429968500718,0.0038977382568027175
194.88,-2.9588139609865096,3.4573345223726775,-2.9587887805700577,3.453433022646736,0.0039015809827419824
194.92,-2.9675050370634652,3.458111487929585,-2.9674996538089156,3.4542072101525165,0.0039042814883073484
194.96,-2.9760654315467088,3.4588755406139637,-2.9760695908311057,3.4549665883912635,0.003908954435523655
194.98,-2.9802908682092886,3.4592522362072944,-2.9802973878417505,3.455339736013507,0.003912505625809886
195.02,-2.988636685939638,3.459995416681931,-2.9886618376761027,3.456080377177339,0.003915120296026789
195.06,-2.9968635042913845,3.460726915881145,-2.9969041238993634,3.456808145929584,0.003918980465096547
195.08,-3.0009175238176864,3.461086995034556,-3.000962393155119,3.457165047070959,0.00392220462069541
195.12,-3.0089315930355918,3.4617980636499572,-3.0089926589536087,3.4578737478215373,0.00392479092023132
195.16,-3.016831214809026,3.462498023237445,-3.0169067634308533,3.4585702628304857,0.003928486910852095
195.18,-3.020717551321751,3.462842036835034,-3.0208033672169146,3.4589118942963983,0.0039310793354822345
195.22,-3.028413089533189,3.463522582593895,-3.02851402848112,3.4595902423649147,0.003933635512813412
195.26,-3.035995354978925,3.464192270695288,-3.0361067782188123,3.4602564673376124,0.0039373802469000315
195.28,-3.0397269645584513,3.464521554838473,-3.0398483988489446,3.4605836032038066,0.003939823519382346
195.32,-3.04711659309791,3.4651730494826656,-3.047252440536907,3.4612330607246817,0.003942330014055285
195.36,-3.054397472429977,3.4658142135151837,-3.0545430545090917,3.461871000294041,0.00394589972619081
195.38,-3.057980727472234,3.466129494604654,-3.0581360099981993,3.462184333070037,0.003948216331090852
195.42,-3.065247885239104,3.4628064682401654,-3.065247885239104,3.4628064682401654,0.0
195.46,-3.072072565414053,3.4673677379440515,-3.0722541686172256,3.463417962732821,0.003953947893264649
195.48,-3.0755160428209933,3.46766991576511,-3.075704217211921,3.463718125207139,0.003956268218342752
195.52,-3.082334142367219,3.4682677765988013,-3.08253327384014,3.464314019688434,0.003958768375364428
195.56,-3.089047541794284,3.4688558768811824,-3.0892552866854377,3.464899311863129,0.003962015229890417
195.58,-3.09235406850307,3.4691453238461714,-3.092568182323296,3.465186913296073,0.003964197120621145
195.62,-3.0988985694482367,3.469717819274369,-3.0991258581691494,3.465757796220438,0.0039665404006916085
195.66,-3.1053504182354725,3.470281701052302,-3.1055910303855465,3.466319497278517,0.003969502859522732
195.68,-3.1085254484812066,3.47055901311745,-3.108772250579534,3.4665951128094856,0.003971576126328017
195.72,-3.1148097968072794,3.471107553060515,-3.1150692579150063,3.46714213437983,0.003973898008196769
195.76,-3.121002502595858,3.4716476509916663,-3.121272083475154,3.4676799698603404,0.003976828813308556
195.78,-3.1240487122234826,3.4719131680252233,-3.124326790366722,3.467944146249836,0.003978751224598816
195.82,-3.130083227968398,3.4724388514128117,-3.130373474103818,3.4684684000778163,0.003981045920696362
195.86,-3.13602966221811,3.4729564715911563,-3.136329463252878,3.4689838906350356,0.0039838775223870115
195.88,-3.1389570523873496,3.4732111525421105,-3.139262710895304,3.4692371406755593,0.003985749294546109
195.92,-3.144751664188076,3.473715012120238,-3.1450690242229893,3.4697396506584988,0.00398800904503011
195.96,-3.1504616141656974,3.4742111662188933,-3.1507879931390055,3.4702337949243125,0.003990739987668034
195.98,-3.1532725246350983,3.4744552909558735,-3.153604613438868,3.4704766032143164,0.003992522901425344
196.02,-3.1588356404610294,3.4749382061007483,-3.159178121117674,3.4709581664045053,0.00399474767461553
196.06,-3.1643162956408446,3.475413660335554,-3.1646650525347715,3.471431527306904,0.003997375992939237
196.08,-3.167019780764192,3.475648082245411,-3.167369916513419,3.471664381526146,0.0039990581970709
196.12,-3.1723639931345753,3.476111275879944,-3.172724089387159,3.4721262801911057,0.004001232304076603
196.16,-3.1776288945227513,3.4765673281106153,-3.1779970172223075,3.472580529192042,0.004003758226849634
196.18,-3.1802205971082826,3.476791728625341,-3.1805941637036517,3.4728038126586798,0.004005374608988094
196.22,-3.185354414929615,3.4772360524063943,-3.1857352978939772,3.4732467144963093,0.004007479107042625
196.26,-3.1904140323360646,3.4776737179453505,-3.190806593702641,3.473683018009822,0.004009961396566839
196.28,-3.1929025617735087,3.4778888952877716,-3.1933004508482528,3.4738971641424614,0.004011512589066592
196.32,-3.1978281541507596,3.4783146380321424,-3.1982350965944017,3.4743217234262467,0.004013598036975365
196.36,-3.203100527070123,3.4747398065574533,-3.203100527070123,3.4747398065574533,0.0
196.38,-3.205073979168018,3.4789405445996575,-3.2054952032032933,3.4749452106925243,0.004017477158290057
196.42,-3.2098047088165167,3.479348951117079,-3.210235576036394,3.4753525651616273,0.004019545654187587
196.46,-3.2144660032075465,3.4797511798070855,-3.214903674924961,3.475753241489505,0.004021823880206997
196.48,-3.216762346445063,3.479949268059643,-3.2172031314473997,3.475950279097609,0.004023208189586124
196.52,-3.221303193010981,3.480340846780162,-3.2217513930396247,3.4763406913533013,0.004025186542847378
196.56,-3.2257846592743626,3.480727142599993,-3.226244792186526,3.476725974465853,0.0040275387936696576
196.58,-3.227991462745385,3.480917307432669,-3.2284528175986633,3.4769149997653463,0.004028810614133223
196.62,-3.2323543457743282,3.4812931547177586,-3.232823700434426,3.4772898010165965,0.00403077345599622
196.66,-3.2345167808818682,3.4814793866417193,-3.23713126604102,3.4776587962167507,0.004629518748508022
196.68,-3.2387729777733973,3.4818458325940034,-3.239251452504343,3.4778401466829574,0.004034161336152301
196.72,-3.2429623807727874,3.4822063956095075,-3.243448534600554,3.4781997035098207,0.004036078186302272
196.76,-3.247581372815057,3.478553418919464,-3.247581372815057,3.478553418919464,0.0
196.8,-3.249120738962028,3.4827361840415456,-3.251636397571973,3.4789003584265448,0.004587166488202424
196.82,-3.2531434912873483,3.4830821045482416,-3.2536401460393325,3.4790715789431332,0.004041160918832431
196.86,-3.2570953294615954,3.483421816297536,-3.257595064178972,3.479409967317313,0.004042853822223815
196.88,-3.259042899320443,3.483589195391631,-3.25955012378349,3.479576941617066,0.0040441880529256576
196.92,-3.2629046334868783,3.4839210060492896,-3.2634189369118034,3.479907819067284,0.0040460076328929385
196.96,-3.2667087401625654,3.484247766758176,-3.2672268222518057,3.480233213788626,0.004047844438279891
196.98,-3.2685834857024036,3.4844087660187646,-3.2691042382910154,3.4803934481733148,0.004048945623064572
197.02,-3.272294042668267,3.484727353077098,-3.2728208421875764,3.4807110700490083,0.004050684768686302
197.06,-3.2759469522256426,3.4850409034746797,-3.2764773373624623,3.481023310699057,0.004052451122974038
197.08,-3.2777442355798687,3.485195143481644,-3.278280142254783,3.4811770816793812,0.004053642388151743
197.12,-3.2813059026379814,3.48550074019865,-3.2818490586164164,3.481481870842932,0.004055407416676948
197.16,-3.284816470159574,3.4858018754073172,-3.285365880733474,3.4817819912129506,0.004057255342572272
197.18,-3.2865436715920913,3.485950006431853,-3.287097017671169,3.48192956415351,0.0040583430112200326
197.22,-3.289963023893508,3.486243209452527,-3.2905226395105704,3.482221928100149,0.0040600336641265404
197.26,-3.2933298639064796,3.486531841666924,-3.293891328699882,3.4825092362286423,0.004061600328235626
197.28,-3.2949883974938823,3.486673999855117,-3.2955536682762485,3.4826508702423813,0.004062647282040168
197.32,-3.2982719394730413,3.4869553958179513,-3.2988432318529335,3.4829314555938966,0.004064292055215574
197.36,-3.301507646695663,3.4872326321417377,-3.302083304345434,3.483207642328686,0.00406594696533415
197.38,-3.3030989457477586,3.4873689534713908,-3.3036795931829066,3.483343581925074,0.004067034242521271
197.42,-3.306252626569518,3.4876390774101984,-3.3068396963226596,3.4836129765424855,0.00406867780637062
197.46,-3.3093571538540107,3.487904937933045,-3.30994584763715,3.48387761285604,0.004070123787574659
197.48,-3.3108864279800994,3.488035880299446,-3.3114786997673917,3.4840080916864022,0.004071101445725184
197.52,-3.313913604887328,3.4882950422013717,-3.3145108190627983,3.484266444346404,0.004072623902158498
197.56,-3.3168984332313958,3.488550531329251,-3.3175008024302155,3.4845210635126787,0.004074243431175648
197.58,-3.318365707275398,3.4886761070412318,-3.318972750163937,3.484646305352737,0.004075267195794769
197.62,-3.3212749099677388,3.4889250567524037,-3.3218867006776978,3.4848944719760664,0.0040767513429242124
197.66,-3.324171163678658,3.4891728557216317,-3.3247829513449014,3.4851411652751922,0.004077844038763494
197.68,-3.325723917007303,3.489305604503033,-3.3263250422007755,3.485273808656505,0.004076362256510737
197.72,-3.3299956621213576,3.489664959947637,-3.3303942837300204,3.485624835354659,0.0040597420994046484
197.76,-3.3358634103493263,3.4901385844922452,-3.336058971363105,3.4860985438826457,0.004044770974644089
197.78,-3.3393960728705,3.4904144468439364,-3.339490032937429,3.486376064009126,0.004039475759881397
197.82,-3.3476594033172065,3.49103809691514,-3.347550076828091,3.487005667092313,0.00403391157033072
197.86,-3.35737356951667,3.491739091149453,-3.3570874199481096,3.4877147123256296,0.004034539192178491
197.88,-3.362361438107507,3.4920871743461137,-3.3620748677154437,3.4880699342730996,0.0040274483725849875
197.92,-3.3723387396480806,3.4927605077696655,-3.3720514096984266,3.4887567689524723,0.004014035751742578
197.96,-3.3823179981273968,3.4934041925825157,-3.3820299892475414,3.489413254756502,0.0040013165140966155
197.98,-3.387308305357668,3.493715367423579,-3.3870199914461887,3.4897304740438373,0.003995309770150739
198.02,-3.39729017183938,3.4943172646448777,-3.3970013107259653,3.4903437783809843,0.003983972117396468
198.06,-3.4072736035024587,3.4948926222797496,-3.4069842593043425,3.4909298829139974,0.003973288731751778
198.08,-3.4122658613346464,3.4951707563438337,-3.411976299190569,3.4912131256522887,0.0039682095365468715
198.12,-3.4222513785320854,3.4957087129465982,-3.421961429326601,3.4917606880166607,0.003958657776212681
198.16,-3.4322381487508142,3.496222887712197,-3.4319478611219907,3.4922838908451657,0.003949678876305123
198.18,-3.4372319694467675,3.4964713876998967,-3.4369415300484243,3.4925366827905524,0.003945409708474943
198.22,-3.447220414066241,3.496951944426808,-3.4469297068249407,3.4930253175469153,0.003937373408001936
198.26,-3.457209860574885,3.4974112074434665,-3.4569189230722883,3.4934921337931675,0.003929857873624041
198.28,-3.462204932187152,3.4976331477324014,-3.461913891802971,3.4937176759025625,0.003926273571146825
198.32,-3.472195717705718,3.498062301843944,-3.4719044991810404,3.494153575973517,0.003919559434331873
198.36,-3.4821873045425167,3.4984723794250208,-3.481895934803245,3.4945699694147447,0.003913272315245343
198.38,-3.48718337626357,3.4986705351607283,-3.4868919404935736,3.494771119195092,0.003910291508454618
198.42,-3.4971760333255135,3.499053653297046,-3.496884486811428,3.495159809559836,0.003904743067051281
198.46,-3.507169331836619,3.4994196610421455,-3.5068776951230336,3.495530995584192,0.0038995860057949314
198.48,-3.5121662037870385,3.4995964925283665,-3.511874529055162,3.4957102719619972,0.003897150810487877
198.52,-3.5221603586538435,3.4999383230791583,-3.5218686238346666,3.496056624341322,0.0038926461817175143
198.56,-3.532155026325686,3.5002648189006207,-3.53186324683394,3.496387282948552,0.003888498467453524
198.58,-3.537152538073896,3.5004225378193463,-3.5368607411163966,3.4965469648173912,0.003886542365379401
198.62,-3.5471478903142772,3.5007273609933662,-3.546856070237417,3.496855387601967,0.0038829546612035555
198.66,-3.5571436531586382,3.5010184110587073,-3.556851821119195,3.497149718808736,0.0038796837067258338
198.68,-3.5621416772885195,3.5011589596998767,-3.5618498427195595,3.497291803949445,0.003878151752283198
198.72,-3.572137988594862,3.501430523852675,-3.5718461573433133,3.497566159852776,0.003875367673279202
198.76,-3.582134627907847,3.501689734868187,-3.5818428072669577,3.497827902409763,0.0038728425249920572
198.78,-3.5871330614260097,3.5018148814503247,-3.5868412486611008,3.497954215472156,0.0038716787682802705
198.82,-3.5971301387104955,3.502056614941103,-3.5968383476115506,3.498198034701059,0.0038695973323180045
198.86,-3.6071274788541787,3.5022872233081683,-3.6068357140817446,3.4984305094621493,0.003867734268600743
198.88,-3.612126240054928,3.5023985152337893,-3.611834490758643,3.4985426205501775,0.0038669162730770985
198.92,-3.622123930214056,3.5026134173090453,-3.6218322159665317,3.4987589389813847,0.003865501310388364
198.96,-3.6321218295221285,3.502818360159843,-3.6318301537215207,3.4989650775353853,0.003864306115799606
198.98,-3.637120851556794,3.5029172451875565,-3.6368291961757913,3.499064475361221,0.0038637932392910253
199.02,-3.6471190292219244,3.50310812857109,-3.6468274175592614,3.4992561762502317,0.00386297476615705
199.06,-3.6571173737724973,3.5032900623308363,-3.656825807508388,3.4994387459770984,0.003862337186592563
199.08,-3.6621166037838777,3.5033778058876566,-3.6618250610383347,3.4995267241000003,0.0038621015144214453
199.12,-3.6721151702755574,3.5035471060201266,-3.671823676328595,3.4996963078559493,0.003861815016588328
199.16,-3.682113869519949,3.5037083769647555,-3.68182242520872,3.499857689639054,0.0038617007479692976
199.18,-3.6871132653064436,3.503786103839041,-3.6868218457617288,3.4999354267879106,0.003861688633635008
199.22,-3.697112141925337,3.5039359766333793,-3.6968207726743274,3.500085167124273,0.003861816918997788
199.26,-3.707111124369449,3.504078615781301,-3.706819805402487,3.500227527621364,0.003862090982371686
199.28,-3.712110652157414,3.504147330127477,-3.7118193585319625,3.5002960301816213,0.003862300253628288
199.32,-3.7221097750805465,3.5042797579227902,-3.7218185324382813,3.5004278887866955,0.0038628639787433032
199.36,-3.7321089819897515,3.5044056858248487,-3.7318177897929314,3.5005531150656903,0.0038635598027998495
199.38,-3.7371086145263126,3.504466301870588,-3.736817447357155,3.500613328114713,0.003863959767370131
199.42,-3.747107933063674,3.5045830316506437,-3.7468168157452544,3.500729127195945,0.0038648840654060238
199.46,-3.7571073181794037,3.504693912604064,-3.756816249699883,3.500838968533915,0.0038659170508102453
199.48,-3.762107033775959,3.5047472398631907,-3.7618159894390337,3.5008917245112445,0.0038664848939506734
199.52,-3.7721065072800357,3.5048498422764593,-3.771815510710748,3.5009930743498443,0.0038677303219205586
199.56,-3.782106033348744,3.504947188108297,-3.781815083419033,3.501089058985109,0.003869084154265579
199.58,-3.7871058145595446,3.504993961146745,-3.7868148874843324,3.5011351146347263,0.0038697977939953867
199.62,-3.797105410356967,3.505083860860297,-3.7968145282812573,3.5012234805907227,0.0038713238314159308
199.66,-3.807105047685981,3.505169016571819,-3.8068142091831225,3.501307022288219,0.003872930012445884
199.68,-3.812104880688623,3.5052098802787226,-3.811814063593013,3.50134703008208,0.003873781902069523
199.72,-3.8221045729454395,3.5052883226058924,-3.8218137978088613,3.5014236736106135,0.003875572478584625
199.76,-3.8321042977990047,3.5053624940385992,-3.831813563168175,3.5014959697187233,0.0038774394826683396
199.78,-3.8371041714491083,3.505398038370509,-3.8368134566226244,3.501530534869343,0.0038784144236878636
199.82,-3.847103939275343,3.505466171713365,-3.8468132631485066,3.5015966287211246,0.0038804452810868814
199.86,-3.8571037325671376,3.505530459696046,-3.856813093650357,3.501658811043122,0.003882542243380688
199.88,-3.862103637963741,3.5055612161207725,-3.861813017184718,3.5016884762903837,0.0038836290027601766
199.92,-3.8721034647405985,3.505620066791671,-3.871812879293262,3.501745070840631,0.003885876158960844
199.96,-3.8821033113180734,3.5056754515176003,-3.8818127597289305,3.501798140371546,0.003888182345167347
199.98,-3.887103241413747,3.5057018897959638,-3.8868127062581754,3.501823389942204,0.003889366502688551
200.02,-3.8971031140026904,3.5057523612229162,-3.896812610735382,3.5018714226293715,0.0038917960526191637
200.06,-3.9021030561302132,3.5057764168173997,-3.9068125290890054,3.5019162736551017,0.006089321865612864
200.08,-3.9118124929786307,3.5019375496677685,-3.9118124929786307,3.5019375496677685,0.0
200.12,-3.9221028588551237,3.5058651838491426,-3.9218124293226806,3.501977876878665,0.003898141197550371
200.16,-3.9321027784004245,3.505905289438684,-3.9318123760256065,3.502015333014977,0.0039007812701609876
200.18,-3.93710274216247,3.505924324734275,-3.936812352885809,3.5020330207489034,0.0039021241188059346
200.22,-3.947102676924784,3.5059604383370773,-3.9468123129246186,3.5020663878673663,0.0039048611131828736
200.26,-3.9571026205569173,3.5059940068337414,-3.956812280553415,3.5020971629607205,0.003907645005413671
200.28,-3.962102595383162,3.5060098721405075,-3.9618122669192157,3.502111611104576,0.003909057395490524
200.32,-3.972102550468386,3.5060398361145544,-3.9718122442064527,3.5021386935157985,0.003911929357944132
200.36,-3.9821025121734372,3.5060675033787145,-3.981812226908395,3.5021634368266943,0.00391484369773609
200.38,-3.9871024952619147,3.5060805068827317,-3.98681222005678,3.502174961963909,0.003916317250639527
200.42,-3.9968122095336054,3.5021963728557153,-3.9968122095336054,3.5021963728557153,0.0
200.46,-4.007102440501235,3.5061272472574565,-4.006812202737047,3.502215669074167,0.003922331174665007
200.48,-4.012102429657133,3.506137659800015,-4.0118122005626695,3.5022245476161,0.003923860330232963
200.52,-4.022102410865413,3.506157038499167,-4.021812198323412,3.5022408220603594,0.003926954865429652
200.56,-4.0321023955415285,3.506174536968153,-4.0318121985015924,3.5022551819391747,0.0039300837351341844
200.58,-4.037102389030669,3.506182604990026,-4.036812199359014,3.502261667553681,0.003931661280586906
200.62,-4.047102378026815,3.50619743162307,-4.046812202356478,3.502273297210993,0.003934848510896284
200.66,-4.057102369401776,3.5062105565818156,-4.056812206758353,3.5022831956927565,0.00393806524991006
200.68,-4.062102365863498,3.506216503711768,-4.061812209380836,3.502287516322915,0.003939686876668903
200.72,-4.0718122152752345,3.502294942646363,-4.0718122152752345,3.502294942646363,0.0
200.76,-4.08210235590494,3.5062363831344525,-4.081812221802608,3.502300800823207,0.003946262272825544
200.78,-4.087102354282056,3.506240410428838,-4.086812225223062,3.5023031618475815,0.003947923664596315
200.82,-4.09710235183769,3.5062473904087352,-4.09681223223327,3.502306782780962,0.003951272941841913
200.86,-4.1071023502726165,3.5062529705842285,-4.106812239294105,3.5023089806201746,0.003954645523483806
200.88,-4.112102349750291,3.5062552542691114,-4.111812242783494,3.5023095617200393,0.003956343228789406
200.92,-4.1221023490978865,3.506258847746051,-4.121812249571104,3.502309725220836,0.0039597634341711554
200.96,-4.132102348821328,3.506261173315633,-4.1318122559738075,3.502308600350462,0.003963204121059345
200.98,-4.137102348771118,3.506261876329969,-4.136812258986528,3.5023075692655956,0.003964933346536348
201.02,-4.147102348751933,3.506262397330255,-4.146812264555692,3.5023046005413088,0.003968413318128743
201.06,-4.157102348726606,3.5062617645069882,-4.156812269421844,3.5023004607584425,0.003971910546738631
201.08,-4.16210234867194,3.506261030181058,-4.161812271557671,3.5022979619451315,0.0039736701643231075
201.12,-4.1721023484086714,3.506258757365299,-4.171812275181506,3.502292140742732,0.003977208808642353
201.16,-4.1821023478529655,3.5062554368143997,-4.18181227787418,3.502285254543577,0.003980764732579304
201.18,-4.187102347436467,3.5062533970335203,-4.186812278848399,3.5022814236125903,0.003982551021940333
201.22,-4.197102346275774,3.5062485863409956,-4.196812280015891,3.502273013004552,0.003986141215331566
201.26,-4.207102344611586,3.5062428233559793,-4.206812280096068,3.5022636337377024,0.003989747791698696
201.28,-4.212102343570415,3.5062395969370685,-4.211812279713724,3.502258592125307,0.003991558135894753
201.32,-4.222102341034329,3.506232478502492,-4.22181227807991,3.5022478273980617,0.003995194731369728
201.36,-4.232102337842884,3.506224492595584,-4.231812275257642,3.5022361806581856,0.003998845885171157
201.38,-4.23710233598704,3.5062201851336625,-4.236812273391928,3.5022300366804404,0.004000677566092241
201.42,-4.247102331732336,3.506210963679102,-4.246812268737684,3.502217127733032,0.00400435539194359
201.46,-4.257102326718764,3.506200952210932,-4.256812262837052,3.5022034155505484,0.004008046457638141
201.48,-4.262102323917372,3.5061956595049346,-4.261812259415452,3.502196267812156,0.004009896672925612
201.52,-4.272102317711315,3.506184520311301,-4.271812251622004,3.5021814058037983,0.004013609858512159
201.56,-4.282102310676828,3.5061726603817336,-4.281812242555175,3.5021658106742755,0.004017335446954489
201.58,-4.28710230684335,3.506166468824951,-4.2868122375446855,3.502157747449156,0.0040192023172248995
201.62,-4.297102298535958,3.506153579947595,-4.296812226565781,3.5021411034847834,0.004022947813792878
201.66,-4.3071022893561075,3.5061400312919813,-4.3068122143093195,3.502123788909464,0.004026704161953844
201.68,-4.31210228443663,3.5061330177759276,-4.311812207703213,3.5021148875637307,0.004028587210603678
201.72,-4.32210227393763,3.5061185282312706,-4.32181219353991,3.502096611550407,0.004032364123556984
201.76,-4.332102262547186,3.5061034352937153,-4.331812178113588,3.5020777220072117,0.00403615119188406
201.78,-4.3371022565170625,3.5060956699109216,-4.336812169930792,3.5020680543710796,0.00403804868275639
201.82,-4.3471022437850015,3.506079715676858,-4.3468121526292025,3.502048285645445,0.004041853656040972
201.86,-4.35710223015662,3.5060632090044623,-4.356812134092098,3.502027955758745,0.004045667371858846
201.88,-4.362102223007518,3.5060547548100636,-4.36181212436645,3.502017586967108,0.0040475772276440496
201.92,-4.372102208043004,3.5060374573441506,-4.371812104006772,3.501996451784269,0.004051405470553445
201.96,-4.382102192186808,3.506019652094516,-4.381812082447173,3.5019748006719063,0.004055241878361771
201.98,-4.387066501131048,3.5060106299190736,-4.3867848576933595,3.5019634863102276,0.004056931650473834
202.02,-4.396918748184447,3.5059923723960007,-4.39665601595215,3.501941133844246,0.004059749010605506
202.06,-4.406625511444617,3.5059739320821355,-4.406376545000134,3.5019184208935545,0.004063145984478528
202.08,-4.411411285361401,3.5059646776781768,-4.411165343929932,3.5019068414791743,0.0040652825001035175
202.12,-4.420871896973687,3.5059460727033946,-4.420645089733129,3.5018843105193107,0.004068089670155277
202.16,-4.430200068159296,3.505927328749135,-4.429993822691174,3.501861476069513,0.004071080348692274
202.18,-4.434795266858344,3.5059179516996317,-4.43459204277618,3.501849891681714,0.004073132987879674
202.22,-4.443879448272382,3.505899140569573,-4.443694520378276,3.5018273291928854,0.004076008613011297
202.26,-4.452825338061463,3.505880264803058,-4.4526489884224905,3.5018045844183066,0.004079493815881296
202.28,-4.457226814267697,3.5058708520079147,-4.457063646697306,3.5017930479959025,0.0040810671663683755
202.32,-4.465949906069834,3.5058519561951615,-4.4658036313196146,3.5017705737283227,0.00408400283339417
202.36,-4.474543514140599,3.505833031179091,-4.474408730052215,3.501747948220053,0.004087305901532489
202.38,-4.478773235503194,3.505823605373208,-4.478647909076939,3.5017365111817083,0.00408901524126632
202.42,-4.487146111830537,3.505804734354195,-4.487035044456179,3.5017142216720427,0.004092020279091577
202.46,-4.495401253199992,3.50578585556612,-4.49530432258206,3.501691801251611,0.004095201615896796
202.48,-4.499465907674743,3.505776461987849,-4.499374990185706,3.501680502369163,0.004096968536334829
202.52,-4.507509124775851,3.5057576863462745,-4.507433858012335,3.5016584472235097,0.00409993005687847
202.56,-4.515429335390494,3.505738957410416,-4.515360967930709,3.501636355809516,0.004103171213252399
202.58,-4.519328996338914,3.5057296496304287,-4.519269810632224,3.501625228116523,0.004104848220298319
202.62,-4.527052535331298,3.5057110497489017,-4.527008416442788,3.50160348658063,0.004107800099526148
202.66,-4.534663948830676,3.5056925075032535,-4.534632405548142,3.501581712266336,0.004110916255354338
202.68,-4.538420544653258,3.5056832794663717,-4.538389008808924,3.5015708000819354,0.004112600296271342
202.72,-4.545841404058432,3.5056649040514705,-4.545823028435777,3.5015493879232924,0.004115557151201007
202.76,-4.553155806528949,3.505646604512633,-4.553155247299015,3.501527979772493,0.004118624778106015
202.78,-4.556765701676595,3.505637505444836,-4.556765147093679,3.501517298316581,0.004120207165578528
202.82,-4.563885357250748,3.505619431031271,-4.563904036893292,3.5014962736308353,0.0041231997135493
202.86,-4.570905599770883,3.505601443775837,-4.570938412406715,3.5014753223262645,0.0041262519173812275
202.88,-4.574360425130058,3.5055925325526833,-4.574399057559428,3.5014648437446234,0.004127869591058095
202.92,-4.581199511309451,3.505574778789711,-4.581250210283338,3.5014443260044397,0.004130763924180375
202.96,-4.5879348913441556,3.505557148778664,-4.587993550607491,3.5014238782990486,0.004133686704001202
202.98,-4.591257621931769,3.505548399081782,-4.591317285698089,3.5014136516507257,0.0041351778781133115
203.02,-4.5978248104473955,3.5055310057463265,-4.597896799841498,3.5013935996577974,0.004138032336057902
203.06,-4.604297586323655,3.5055137339281712,-4.604382363981628,3.5013736129649873,0.00414098887236932
203.08,-4.607485477391934,3.5055051812560123,-4.60757325883077,3.5013636409659643,0.004142470465204896
203.12,-4.613787571155069,3.505488185536163,-4.613885831553551,3.5013441050215097,0.004145245278368831
203.16,-4.620007863088885,3.5054712969304926,-4.620123320311937,3.501324599197085,0.004148304769734462
203.18,-4.623066338683538,3.5054629522121066,-4.623187293813748,3.5013148924058206,0.004149822923938967
203.22,-4.6291213190361375,3.5054463540947585,-4.629253070406906,3.501295852458895,0.004152592232931857
203.26,-4.635084251976062,3.5054299084868736,-4.635222704578921,3.501276933668134,0.004155282056409927
203.28,-4.638023355595596,3.505421766628949,-4.638164810291073,3.5012674980072775,0.00415667622167948
203.32,-4.643836445465889,3.5054055946895013,-4.64398948317422,3.5012489786960965,0.004159432299821637
203.36,-4.649726257115465,3.5012305771937657,-4.649726257115465,3.5012305771937657,0.0
203.38,-4.652391307325284,3.5053816317801623,-4.652552990788463,3.501221419105109,0.0041633533412310225
203.42,-4.657972085624243,3.5053658969588244,-4.658145657417622,3.5012034188522283,0.004166095432818192
203.46,-4.663474560151931,3.5053503050854604,-4.663658549424307,3.5011855402773895,0.004168826928393105
203.48,-4.6661777337165455,3.505342617495419,-4.66637133937128,3.501176651892516,0.004170461911361347
203.52,-4.67153759121169,3.5053273211718956,-4.671741954377178,3.5011591908650934,0.004173137256057027
203.56,-4.6768211030895515,3.5053121740362436,-4.677035350523751,3.5011418514121115,0.0041758224043185995
203.58,-4.679418764643882,3.50530470226899,-4.679640247231678,3.5011332370463717,0.004177340857556328
203.62,-4.684565412579424,3.5052898516304594,-4.684797264364647,3.501116307021756,0.004179979647216829
203.66,-4.689636608954978,3.5052751581334682,-4.689875769369854,3.5010995189675973,0.004182482534045881
203.68,-4.692377082410831,3.5010911771062996,-4.692377082410831,3.5010911771062996,0.0
203.72,-4.697075878890722,3.5052534968471645,-4.697329066649524,3.501074775703727,0.004186384410899006
203.76,-4.701947335572674,3.505239245088287,-4.702209421744573,3.501058507829879,0.004188944161162952
203.78,-4.704348186444335,3.5052322019830218,-4.704611272323729,3.501050435619011,0.004190033902381862
203.82,-4.70909363035214,3.5052182440399275,-4.709366315532367,3.5010345585927776,0.00419256259681474
203.84,-4.711444332725067,3.505211311896429,-4.711717015794868,3.5010266554286154,0.0041935314247269154
203.88,-4.7160813168745825,3.505197603283778,-4.716364362790789,3.5010110367203433,0.004196123756605615
203.92,-4.720657533702557,3.5051840301632606,-4.7209583043772065,3.5009955406313416,0.004199274646617546
203.96,-4.725145098011382,3.5051706781906664,-4.725450375816458,3.5009803462136095,0.004201437446424474
203.98,-4.727354873890064,3.505164088431546,-4.72766474454011,3.5009728030791316,0.004202724440779066
